school_name_std,address,city,zip,county,FedCong,included_in_program,registered,n_incidents,had_incident,n_disp_return,perc_disp_return
21st century primary center,240 S Orchard Dr,Park Forest,60466 2045,Cook,02,1,1,0,0,NA,NA
a b shepard high sch campus,13049 S Ridgeland Ave,Palos Heights,60463 2625,Cook,06,1,1,0,0,NA,NA
a f ames elem school,86 Southcote Rd,Riverside,60546 1633,Cook,04,1,1,3,1,3,1
a j katzenmaier academy,1829 Kennedy Dr,North Chicago,60064 2335,Lake,10,1,1,0,0,NA,NA
a o marshall elem school,319 Harwood St,Joliet,60432 2716,Will,14,1,NA,0,0,NA,NA
a vito martinez middle school,590 Belmont Dr,Romeoville,60446 1400,Will,14,1,1,0,0,NA,NA
a c central elementary school,191 S Bluff St,Chandlerville,62627 9128,Cass,15,1,NA,0,0,NA,NA
a c central high school,601 W Buchanan St,Ashland,62612 0260,Cass,15,1,NA,0,0,NA,NA
a c central middle school,601 W Buchanan St,Ashland,62612 0260,Cass,15,1,NA,0,0,NA,NA
a e r o therapeutic center,5400 W 77th St,Burbank,60459,Cook,04,1,1,0,0,NA,NA
a n c h o r academy,12015 Maple Ave,Blue Island,60406 1023,Cook,01,1,NA,0,0,NA,NA
abbott middle school,949 Van St,Elgin,60123 6131,Kane,08,1,NA,0,0,NA,NA
abe lincoln elem school,3545 S 61st Ave,Cicero,60804 4145,Cook,04,1,1,1,1,0,0
abingdon avon high sch,600 W Martin St,Abingdon,61410 1402,Knox,17,1,1,0,0,NA,NA
abingdon avon middle sch,320 E Woods St,Avon,61415 9423,Knox,17,1,1,0,0,NA,NA
able adaptive behavioral learning environment program,300 W 154th Street,South Holland,60473,NA,NA,1,1,0,0,NA,NA
able program,300 W 154Th St,South Holland,60473,Cook,02,1,NA,0,0,NA,NA
abraham lincoln elem school,1111 S Grove Ave,Oak Park,60304 1908,Cook,07,1,NA,0,0,NA,NA
abraham lincoln elem school,380 Greenfield Ave,Glen Ellyn,60137 5310,Dupage,06,1,NA,0,0,NA,NA
abraham lincoln elem school,820 Royal Heights Rd,Belleville,62226 5704,Saint Clair,13,1,1,0,0,NA,NA
abraham lincoln middle school,1500 Charles St,Rockford,61104 2310,Winnebago,17,1,NA,0,0,NA,NA
academic behaviorandcommunity acad,1416 Maine St,Quincy,62301 4261,N/A,NA,0,NA,0,0,NA,NA
academy for global citizenship,4942 W 44Th St,Chicago,60638 1900,Cook,04,1,1,0,0,NA,NA
academy for learning,306 E 144Th St,Dolton,60419 1119,Cook,02,1,1,0,0,NA,NA
academy for lifelong learning all,410 Ashland Ave,Chicago Heights,60411 1665,Cook,02,0,NA,0,0,NA,NA
acdc penniman,300 Annunciation Ct,Cahokia,62206 2276,Saint Clair,13,0,NA,0,0,NA,NA
ace amandla charter school,6820 S Washtenaw Ave,Chicago,60629 1826,Cook,NA,1,NA,0,0,NA,NA
acero chtr sch network bartolome de las casas elem sch,1641 W 16th St,Chicago,60608 2039,Cook,04,1,1,0,0,NA,NA
acero chtr sch network brighton park elem school,4420 S Fairfield Ave,Chicago,60632 1937,Cook,04,1,1,0,0,NA,NA
acero chtr sch network carlos fuentes elem school,2845 W Barry Ave,Chicago,60618 7015,Cook,03,1,1,1,1,1,1
acero chtr sch network esmeralda santiago elem sch,2510 W Cortez St,Chicago,60622 3422,Cook,03,1,1,1,1,1,1
acero chtr sch network jovita idar elem school,5050 S Homan Ave,Chicago,60632 3059,Cook,04,1,1,0,0,NA,NA
acero chtr sch network major hector p garcia md h s,4248 W 47th St,Chicago,60632 4402,Cook,04,1,1,2,1,2,1
acero chtr sch network octavio paz elem school,2651 W 23rd St,Chicago,60608 3609,Cook,04,1,1,0,0,NA,NA
acero chtr sch network officer donald j marquez elem,2916 W 47th St,Chicago,60632 1907,Cook,04,1,1,0,0,NA,NA
acero chtr sch network pfc omar e torres elem sch,4248 W 47th St,Chicago,60632 4402,Cook,04,1,1,0,0,NA,NA
acero chtr sch network rufino tamayo elem sch,5135 S California Ave,Chicago,60632 2124,Cook,04,1,1,0,0,NA,NA
acero chtr sch network spc daniel zizumbo elem sch,4248 W 47th St,Chicago,60632 4402,Cook,04,1,1,2,1,2,1
acero chtr sch network victoria soto campus,5025 S St Louis Ave,Chicago,60632 3159,Cook,04,1,1,0,0,NA,NA
acero chtr sch network sandra cisneros elem school,2744 W Pershing Rd,Chicago,60632 1631,Cook,04,1,1,0,0,NA,NA
acero chtr sch network sor juana ines de la cruz k 12,7416 N Ridge Blvd,Chicago,60645,Cook,09,1,1,0,0,NA,NA
acero chtr sch newtwork roberto clemente elem school,2050 N Natchez Ave,Chicago,60707 3420,Cook,03,1,1,0,0,NA,NA
achieve program,4670 11Th St,East Moline,61244 4428,Rock Island,17,NA,1,0,0,NA,NA
actions program,402 N Randolph St,Champaign,61820 3524,Champaign,13,0,NA,0,0,NA,NA
adam brwn cass morgn pik sctt roe,507 Vermont St,Quincy,62301 2920,N/A,NA,0,NA,0,0,NA,NA
adams co juvenile detention cntr,200 N 52nd St,Quincy,62305 9114,Adams,15,0,1,0,0,NA,NA
adams county rssp,1416 Maine St,Quincy,62301 4261,N/A,NA,0,NA,0,0,NA,NA
adams elem school,1311 Nicholson Rd,Lincoln,62656 1202,Logan,15,1,1,0,0,NA,NA
adams school,15470 Lake of Egypt Rd,Creal Springs,62922 3731,Williamson,12,1,NA,0,0,NA,NA
addams elem school,10810 S Avenue H,Chicago,60617 6726,Cook,02,1,1,1,1,1,1
addison early learning center,650 S Ardmore Ave,Addison,60101 4802,Dupage,06,1,NA,0,0,NA,NA
addison trail high school,213 N Lombard Rd,Addison,60101 1906,Dupage,03,1,1,1,1,1,1
adlai e stevenson high school,1 Stevenson Dr,Lincolnshire,60069 2824,Lake,10,1,1,0,0,NA,NA
adlai stevenson elem school,1414 Armstrong Ln,Elk Grove Village,60007 3158,Cook,08,1,1,0,0,NA,NA
adler park school,1740 N Milwaukee Ave,Libertyville,60048 1317,Lake,10,1,NA,0,0,NA,NA
adm richard e byrd elem school,265 Wellington Ave,Elk Grove Village,60007 3405,Cook,08,1,1,1,1,0,0
adolph link elem school,900 W Glenn Trl,Elk Grove Village,60007 3025,Cook,08,1,1,1,1,1,1
adult life academy,1617 Lake Land Blvd,Mattoon,61938,Coles,15,1,NA,0,0,NA,NA
adult life academy,1617 Lake Land Blvd,Mattoon,61938,Coles,15,0,NA,0,0,NA,NA
aero therapeutic center,5400 W 77th Street,Burbank,60459,NA,NA,1,1,0,0,NA,NA
air force acad high school,3630 S Wells St,Chicago,60609 1833,Cook,07,1,1,0,0,NA,NA
akin comm cons elem school,21962 Akin Blacktop,Akin,62890 1304,Franklin,12,1,1,0,0,NA,NA
alan b shepard elem school,325 N Convent St,Bourbonnais,60914 2015,Kankakee,01,1,NA,0,0,NA,NA
alan b shepard middle school,440 Grove Ave,Deerfield,60015 4219,Lake,10,1,1,1,1,1,1
albany park multicultural elem,4929 N Sawyer Ave,Chicago,60625 5008,Cook,03,1,1,0,0,NA,NA
albers elem school,206 N Broadway,Albers,62215 0104,Clinton,12,1,NA,0,0,NA,NA
albert cassens elementary,1014 Glen Crossing Rd,Glen Carbon,62034 8517,Madison,13,1,NA,0,0,NA,NA
albert einstein elem school,1100 Laurie Ln,Hanover Park,60133 2343,Cook,08,1,1,16,1,15,0.9375
albion grade school,361 W Main St,Albion,62806 1011,Edwards,12,1,NA,0,0,NA,NA
alcott college prep,2957 N Hoyne Ave,Chicago,60618 8208,Cook,05,1,1,0,0,NA,NA
alcott elem school,2625 N Orchard St,Chicago,60614 1573,Cook,05,1,1,2,1,2,1
alden hebron elem school,11915 Price Rd,Hebron,60034 9540,McHenry,10,1,1,0,0,NA,NA
alden hebron high school,9604 Illinois St,Hebron,60034 9618,McHenry,10,1,1,0,0,NA,NA
alden hebron middle school,9604 Illinois St,Hebron,60034 9618,McHenry,10,1,1,0,0,NA,NA
aldridge elem school,630 E 131st St,Chicago,60827 1309,Cook,02,1,1,0,0,NA,NA
alex m martino jr high school,731 E Joliet Hwy,New Lenox,60451 1917,Will,01,1,1,0,0,NA,NA
algonquin lakes elem sch,1401 Compton Dr,Algonquin,60102 5003,Kane,08,1,NA,0,0,NA,NA
algonquin middle school,767 E Algonquin Rd,Des Plaines,60016 6251,Cook,08,1,1,2,1,2,1
algonquin middle school,520 Longwood Dr,Algonquin,60102 3051,Kane,09,1,NA,0,0,NA,NA
algonquin primary center,170 Algonquin St,Park Forest,60466 1425,Cook,02,1,NA,0,0,NA,NA
algonquin road elem school,975 Algonquin Rd,Fox River Grove,60021 1820,McHenry,09,1,1,0,0,NA,NA
alhambra primary school,302 W Main St,Alhambra,62001 2162,Madison,15,1,NA,0,0,NA,NA
alice gustafson elem school,905 Carlisle Rd,Batavia,60510 3024,Kane,11,1,1,4,1,2,0.5
allen grade school,801 S Main St,La Moille,61330 9499,Bureau,16,1,1,3,1,3,1
allendale elementary school,101 N 3rd St,Allendale,62410 0130,Wabash,12,1,1,0,0,NA,NA
allendale school,600 W Grand Ave,Lake Villa,60046 8034,Lake,NA,1,NA,0,0,NA,NA
alop,44W625 Plato Rd # R,Burlington,60109,N/A,NA,0,NA,0,0,NA,NA
alop academic learning program,415 Lexington St,Maywood,60153 3271,N/A,NA,0,NA,0,0,NA,NA
alsp raymond benson primary itasca sd 10,132 E Pine Ave,Roselle,60172 2252,Dupage,08,0,NA,0,0,NA,NA
alsp blackhawk ms bensenville sd 2,250 S Church Rd,Bensenville,60106 2303,Dupage,03,0,NA,0,0,NA,NA
alsp dujardin elem sch bloomingdale sd 13,166 Euclid Ave,Bloomingdale,60108 1634,Dupage,08,0,NA,0,0,NA,NA
alsp f e peacock ms itasca sd 10,301 E North St,Itasca,60143 1620,Dupage,08,0,NA,0,0,NA,NA
alsp fenton chs fenton hsd 100,1000 W Green St,Bensenville,60106 2008,Dupage,03,0,NA,0,0,NA,NA
alsp lake park east hs lake park sd 108,600 Medinah Rd,Roselle,60172 2570,Dupage,08,0,NA,0,0,NA,NA
alsp medinah inter sch medinah sd 11,7N330 Medinah Rd,Medinah,60157 9672,Dupage,08,0,NA,0,0,NA,NA
alsp westfield ms bloomingdale sd 13,149 Fairfield Way,Bloomingdale,60108 1547,Dupage,08,0,NA,0,0,NA,NA
altamont grade school,407 S Edwards St,Altamont,62411 1701,Effingham,12,1,1,0,0,NA,NA
altamont high school,7 S Ewing St,Altamont,62411 1265,Effingham,12,1,1,0,0,NA,NA
alton high school,4200 Humbert Rd,Alton,62002 7117,Madison,13,1,NA,0,0,NA,NA
alton middle school,2200 College Ave,Alton,62002 4602,Madison,13,1,NA,0,0,NA,NA
alwood elem school,101 E A St,Alpha,61413 9782,Henry,16,1,NA,0,0,NA,NA
alwood middle high school,301 E 5th Ave,Woodhull,61490 9684,Henry,16,1,NA,0,0,NA,NA
alxndr jcksn pulsk prry union roe,1001 Walnut St,Murphysboro,62966 2177,N/A,NA,0,NA,0,0,NA,NA
amboy central elem school,30 E Provost St,Amboy,61310 1328,Lee,16,1,NA,0,0,NA,NA
amboy high school,11 E Hawley St,Amboy,61310 1430,Lee,16,1,NA,0,0,NA,NA
amboy jr high school,240 N Metcalf Ave,Amboy,61310 1305,Lee,16,1,NA,0,0,NA,NA
amelia v carriel jr high,451 N 7 Hills Rd,O Fallon,62269 4215,Saint Clair,12,1,1,2,1,1,0.5
american dreamer stem academy,2115 S Taylor Rd,Decatur,62521 9103,Macon,15,1,1,1,1,1,1
americana elementary school,1629 President St,Glendale Heights,60139 2017,Dupage,03,1,NA,0,0,NA,NA
amos alonzo stagg high school,8015 W 111th St,Palos Hills,60465 2203,Cook,06,1,NA,0,0,NA,NA
amundsen high school,5110 N Damen Ave,Chicago,60625 1317,Cook,09,1,1,16,1,14,0.875
andalusia elem school,112 7th Ave E,Andalusia,61232 0770,Rock Island,17,1,1,0,0,NA,NA
anderson elem school,35W071 Villa Maria Rd,Saint Charles,60174 6636,Kane,08,1,1,0,0,NA,NA
andrew cooke magnet elem school,522 Belvidere Rd,Waukegan,60085 6305,Lake,10,1,1,1,1,1,1
ann reid early childhood center,1011 S Naper Blvd,Naperville,60540 8313,Dupage,11,1,1,0,0,NA,NA
anna junior high school,301 S Green St,Anna,62906 1126,Union,12,1,1,0,0,NA,NA
anna mcdonald elem school,200 2nd St,Manhattan,60442 8104,Will,01,1,1,0,0,NA,NA
anna jonesboro high school,608 S Main St,Anna,62906 1247,Union,12,1,NA,0,0,NA,NA
annawan grade school,501 W South St,Annawan,61234 9715,Henry,16,1,1,0,0,NA,NA
annawan high school,501 W South St,Annawan,61234 9715,Henry,16,1,1,0,0,NA,NA
anne fox elem school,1035 Parkview Dr,Hanover Park,60133 2637,Cook,08,1,1,0,0,NA,NA
anne m jeans elem school,16W631 91st St,Willowbrook,60527 6126,Dupage,11,1,1,0,0,NA,NA
anne sullivan elem school,700 N Schoenbeck Rd,Prospect Heights,60070 1231,Cook,09,1,1,0,0,NA,NA
annette officer elementary,558 N 27th St,East Saint Louis,62205 2316,Saint Clair,13,1,NA,0,0,NA,NA
annie jo gordon comm learning cntr,2727 W Krause Ave,Peoria,61605 2906,Peoria,17,1,1,0,0,NA,NA
antioch comm high school,1133 Main St,Antioch,60002 1807,Lake,10,1,NA,0,0,NA,NA
antioch upper grade school,800 Highview Dr,Antioch,60002 1141,Lake,10,1,1,0,0,NA,NA
aplington middle school,610 E Mason St,Polo,61064 1532,Ogle,16,1,1,0,0,NA,NA
apollo elem school,10100 Dee Rd,Des Plaines,60016 1512,Cook,05,1,1,0,0,NA,NA
apollo elem school,801 SW 9th St,Aledo,61231 2316,Mercer,15,1,1,0,0,NA,NA
aptakisic junior high school,1231 Weiland Rd,Buffalo Grove,60089 7040,Lake,10,1,1,0,0,NA,NA
arbor academy,754 Red Oak Ln,Highland Park,60035 3816,Lake,10,1,NA,0,0,NA,NA
arbor elementary school,17303 Central Ave,Oak Forest,60452 4920,Cook,01,1,NA,0,0,NA,NA
arbor park middle school,17303 Central Ave,Oak Forest,60452 4920,Cook,01,1,NA,0,0,NA,NA
arbor view elem school,22W430 Ironwood Dr,Glen Ellyn,60137 7316,Dupage,06,1,NA,0,0,NA,NA
arbury hills elem school,19651 Beechnut Dr,Mokena,60448 9333,Will,NA,1,1,0,0,NA,NA
arc,409 Hardin Ave Fl 3,Jacksonville,62650,N/A,NA,0,NA,0,0,NA,NA
arcadia elem school,20519 Arcadian Dr,Olympia Fields,60461 1396,Cook,02,1,1,0,0,NA,NA
arcola elementary school,351 W Washington St,Arcola,61910 1120,Douglas,15,1,1,0,0,NA,NA
arcola high school,351 W Washington St,Arcola,61910 1120,Douglas,15,1,1,0,0,NA,NA
ardmore elem school,644 S Ardmore Ave,Addison,60101 4802,Dupage,06,1,NA,0,0,NA,NA
ardmore elem school,225 S Harvard Ave,Villa Park,60181 2513,Dupage,06,1,1,1,1,1,1
argenta oreana elementary school,400 W South St,Oreana,62554 9774,Macon,13,1,1,1,1,1,1
argenta oreana high school,500 N Main St,Argenta,62501 0469,Macon,15,1,1,0,0,NA,NA
argenta oreana middle school,200 E East St,Argenta,62501 0439,Macon,15,1,1,0,0,NA,NA
argo community high school,7329 W 63rd St,Summit,60501 1817,Cook,04,1,NA,0,0,NA,NA
ariel elem community academy,1119 E 46th St,Chicago,60653 4403,Cook,02,1,1,3,1,3,1
arland d williams jr elem sch,1709 S 9th St,Mattoon,61938 6000,Coles,15,1,1,1,1,1,1
arlene welch elementary school,2620 Leverenz Rd,Naperville,60564 4723,Dupage,14,1,1,0,0,NA,NA
armour elem school,950 W 33rd Pl,Chicago,60608 6712,Cook,04,1,1,0,0,NA,NA
armstrong g elem intl studies,2110 W Greenleaf Ave,Chicago,60645 3620,Cook,09,1,1,4,1,4,1
armstrong high school,30474 Smith,Armstrong,61812 0037,Vermilion,02,1,NA,0,0,NA,NA
armstrong ellis elem school,3571 Gifford Ave,Armstrong,61812 0007,Vermilion,02,1,NA,0,0,NA,NA
armstrong oakview elem school,1848 Highview Rd,East Peoria,61611 1419,Tazewell,16,1,NA,0,0,NA,NA
army trail elem school,346 W Army Trail Blvd,Addison,60101 3402,Dupage,03,1,1,0,0,NA,NA
arnett c lines elem school,217 Eastern Ave,Barrington,60010 4627,Lake,05,1,1,0,0,NA,NA
arnold j tyler school,511 E Illinois Hwy,New Lenox,60451 2781,Will,01,1,1,0,0,NA,NA
arnold w kruse ed center,7617 Hemlock Dr,Orland Park,60462 4253,Cook,06,1,NA,0,0,NA,NA
art in motion charter school,7415 S East End Ave,Chicago,60649,Cook,01,1,1,7,1,4,0.571428571428571
arthur froberg elem school,4555 20th St,Rockford,61109 3135,Winnebago,17,1,NA,0,0,NA,NA
arthur grade school,126 E Lincoln St,Arthur,61911 1318,Douglas,15,1,NA,0,0,NA,NA
arthur lovington atwood hammond high school,301 E Columbia St,Arthur,61911 1403,Douglas,15,1,NA,0,0,NA,NA
ashburn community elem school,8300 S Saint Louis Ave,Chicago,60652 3224,Cook,01,1,1,0,0,NA,NA
ashe elem school,8505 S Ingleside Ave,Chicago,60619 6390,Cook,01,1,1,1,1,1,1
ashkum early literacy center,203 N Third St,Ashkum,60911 0158,Iroquois,02,1,1,0,0,NA,NA
ashley com consolidated school,450 N Third St,Ashley,62808 1259,Washington,12,1,NA,0,0,NA,NA
ashmore elem school,313 S Ohio St,Ashmore,61912 0219,Coles,12,1,NA,0,0,NA,NA
ashton franklin center elem sch,217 S Elm St,Franklin Grove,61031 9712,Lee,16,1,1,0,0,NA,NA
ashton franklin center hs,611 Western Ave,Ashton,61006 9445,Lee,16,1,1,0,0,NA,NA
asian human services passage chrtr,1643 W Bryn Mawr Ave,Chicago,60660 4106,Cook,09,1,1,0,0,NA,NA
aspira charter business and finance hs,2989 N Milwaukee Ave,Chicago,60618 7347,Cook,03,1,1,3,1,3,1
aspira charter early college prep hs,3986 W Barry Ave,Chicago,60618 6524,Cook,03,1,1,0,0,NA,NA
aspira charter haugan campus,3729 W Leland Ave,Chicago,60625 5706,Cook,03,1,1,0,0,NA,NA
aspire alternative high school,1901 S 4Th St Ste 215,Effingham,62401 4188,N/A,NA,1,NA,0,0,NA,NA
aspire education center,3600 Avenue Of The Cities,Moline,61265 4421,Rock Island,NA,0,NA,0,0,NA,NA
assist rssp 12,407 S Whittle Ave,Olney,62450 2262,N/A,NA,0,NA,0,0,NA,NA
assist taoep 12,407 S Whittle Ave,Olney,62450 2262,N/A,NA,0,NA,0,0,NA,NA
astoria elem school,402 N Jefferson St,Astoria,61501 8670,Fulton,15,1,NA,0,0,NA,NA
astoria high school,402 N Jefferson St,Astoria,61501 8670,Fulton,15,1,NA,0,0,NA,NA
astoria junior high school,402 N Jefferson St,Astoria,61501 8670,Fulton,15,1,NA,0,0,NA,NA
athens junior high school,501 Warrior Way,Athens,62613 9473,Menard,15,1,1,0,0,NA,NA
athens sr high school,501 Warrior Way,Athens,62613 9473,Menard,15,1,1,0,0,NA,NA
attea middle school,2500 Chestnut Ave,Glenview,60026 7785,Cook,09,1,1,0,0,NA,NA
atwood hammond grade school,316 N Illinois St,Atwood,61913 7201,Douglas,15,1,NA,0,0,NA,NA
auburn elem school,445 N 5th St,Auburn,62615 1157,Sangamon,13,1,NA,0,0,NA,NA
auburn high school,511 N 7th St,Auburn,62615 1162,Sangamon,13,1,1,0,0,NA,NA
auburn high school,5110 Auburn St,Rockford,61101 2402,Winnebago,17,1,NA,0,0,NA,NA
auburn jr high at divernon,303 E Kenney St,Divernon,62530 9080,Sangamon,13,1,1,0,0,NA,NA
auburn middle school,601 N 7th St,Auburn,62615 9343,Sangamon,13,1,1,0,0,NA,NA
audubon elem school,3500 N Hoyne Ave,Chicago,60618 6112,Cook,05,1,1,2,1,1,0.5
austin college and career academy high school,231 N Pine Ave,Chicago,60644 2333,Cook,07,1,1,0,0,NA,NA
autumn creek elem sch,2377 Autumn Creek Blvd,Yorkville,60560 3071,Kendall,14,1,NA,0,0,NA,NA
aux sable,1004 Misty Creek Dr,Minooka,60447 4200,Grundy,16,1,1,0,0,NA,NA
aux sable middle sch,2001 Wildspring Pkwy,Joliet,60431 8897,Will,14,1,1,9,1,8,0.888888888888889
avalon park elem school,8045 S Kenwood Ave,Chicago,60619 3494,Cook,01,1,1,0,0,NA,NA
avis huff student support services center,369 N 5th Ave,Kankakee,60901 3574,Kankakee,02,0,NA,0,0,NA,NA
aviston elem school,350 S Hull St,Aviston,62216 3407,Clinton,12,1,NA,0,0,NA,NA
avoca west elem school,235 Beech Dr,Glenview,60025 3274,Cook,09,1,NA,0,0,NA,NA
avon center elem school,1617 IL Route 83,Round Lake Beach,60073 5102,Lake,10,1,NA,0,0,NA,NA
avon elem sch,320 E Woods St,Avon,61415 9423,Knox,17,1,1,0,0,NA,NA
avondale logandale elementary school,3212 W George St,Chicago,60618 7529,Cook,03,1,1,1,1,0,0
azuela elem school,4707 W Marquette Rd,Chicago,60629 5641,Cook,04,1,1,2,1,2,1
b j hooper elem school,2400 E Sand Lake Rd,Lindenhurst,60046 9677,Lake,10,1,NA,0,0,NA,NA
back of the yards ib hs,2111 W 47th St,Chicago,60609 4011,Cook,04,1,1,0,0,NA,NA
ball elementary school,1015 New City Rd,Chatham,62629 8005,Sangamon,13,1,1,0,0,NA,NA
balmoral elem sch,1124 W New Monee Rd,Crete,60417 4072,Will,02,1,1,0,0,NA,NA
banner elementary school,12610 N Allen Rd,Dunlap,61525 9415,Peoria,16,1,1,1,1,1,1
bannockburn school,2165 Telegraph Rd,Bannockburn,60015 1531,Lake,10,1,1,0,0,NA,NA
barack h obama learning academy,16448 S Park Ave,Markham,60428,Cook,02,1,1,0,0,NA,NA
barack obama sch of leadership and stem,401 Concord Dr,Chicago Heights,60411 3916,Cook,02,1,NA,0,0,NA,NA
barbara a sizemore campus,6547 S Stewart Ave,Chicago,60621 3184,Cook,NA,1,NA,0,0,NA,NA
barbara b rose elem school,61 W Penny Rd,South Barrington,60010 9127,Lake,08,1,1,0,0,NA,NA
barbour two way lang immersion,1506 Clover Ave,Rockford,61102 3100,Winnebago,17,1,NA,0,0,NA,NA
barnard elem comp math and sci ctr,10354 S Charles St,Chicago,60643 2998,Cook,01,1,1,0,0,NA,NA
barnsdale road school,920 Barnsdale Rd,La Grange Park,60526 1609,Cook,04,1,NA,0,0,NA,NA
barrington early learning center,40 E Dundee Rd,Barrington,60010 5227,Lake,06,1,1,0,0,NA,NA
barrington high school,616 W Main St,Barrington,60010 3015,Lake,05,1,1,0,0,NA,NA
barrington mdle sch prairie cmps,40 E Dundee Rd,Barrington,60010 5227,Lake,05,1,1,0,0,NA,NA
barrington middle sch station,215 Eastern Ave,Barrington,60010 4627,Lake,05,1,1,0,0,NA,NA
barry elem school,2828 N Kilbourn Ave,Chicago,60641 5381,Cook,03,1,1,0,0,NA,NA
bartelso elem school,306 S Washington St,Bartelso,62218 0267,Clinton,12,1,NA,0,0,NA,NA
bartlett elem school,111 E North Ave,Bartlett,60103 4272,Kane,03,1,NA,0,0,NA,NA
bartlett high school,701 W Schick Rd,Bartlett,60103 3046,Kane,03,1,NA,0,0,NA,NA
barton elem school,7650 S Wolcott Ave,Chicago,60620 5227,Cook,01,1,1,0,0,NA,NA
bartonville elem school,6000 S Adams St,Bartonville,61607 2580,Peoria,17,1,NA,0,0,NA,NA
bass elem school,1140 W 66th St,Chicago,60621 1240,Cook,07,1,1,1,1,1,1
batavia sr high school,1201 Main St,Batavia,60510 1607,Kane,11,1,1,1,1,0,0
bateman elem school,4220 N Richmond St,Chicago,60618 2616,Cook,03,1,1,1,1,0,0
beach park middle school,40667 N Green Bay Rd,Beach Park,60099 9550,Lake,10,1,NA,0,0,NA,NA
beard elem school,6445 W Strong St,Chicago,60656 4011,Cook,05,1,1,1,1,1,1
beardstown jr sr high school,500 E 15th St,Beardstown,62618 2052,Cass,15,1,NA,0,0,NA,NA
beasley elem magnet academic ctr,5255 S State St,Chicago,60609 6303,Cook,07,1,1,1,1,1,1
beaubien elem school,5025 N Laramie Ave,Chicago,60630 2326,Cook,05,1,1,3,1,2,0.666666666666667
beckemeyer elem school,110 4th St,Beckemeyer,62219 0307,Clinton,12,1,NA,0,0,NA,NA
beckemeyer elem school,1035 Seymour Ave,Hillsboro,62049 1060,Montgomery,15,1,NA,0,0,NA,NA
bednarcik junior high school,3025 Heggs Rd,Aurora,60503 6407,Kendall,14,1,1,3,1,2,0.666666666666667
beebe elem school,110 E 11th Ave,Naperville,60563 2704,Dupage,11,1,1,0,0,NA,NA
beecher city grade school,304 E Vine,Beecher City,62414 0098,Effingham,12,1,NA,0,0,NA,NA
beecher city jr sr high school,438 E State Highway 33,Beecher City,62414 2219,Effingham,12,1,NA,0,0,NA,NA
beecher elem school,629 Penfield St,Beecher,60401 0308,Will,02,1,1,0,0,NA,NA
beecher high school,538 Miller St,Beecher,60401 0338,Will,02,1,1,0,0,NA,NA
beecher junior high school,101 E Church Rd,Beecher,60401 3633,Will,02,1,1,0,0,NA,NA
beethoven elem school,25 W 47th St,Chicago,60609 4627,Cook,07,1,1,0,0,NA,NA
behavior disorder program coop,400 N Galena St,Tiskilwa,61368 9470,Bureau,16,0,NA,0,0,NA,NA
beidler elem school,3151 W Walnut St,Chicago,60612 1836,Cook,07,1,1,0,0,NA,NA
belding elem school,4257 N Tripp Ave,Chicago,60641 2042,Cook,05,1,1,0,0,NA,NA
bell elem school,3730 N Oakley Ave,Chicago,60618 4813,Cook,05,1,1,1,1,1,1
bell graham elementary school,4N505 Fox Mill Blvd,Saint Charles,60175 7763,Kane,11,1,NA,0,0,NA,NA
belle aire elem school,3935 Belle Aire Ln,Downers Grove,60515 1926,Dupage,06,1,1,0,0,NA,NA
belle alexander elem school,1401 Lake St,Kewanee,61443 1649,Henry,17,1,1,1,1,1,1
belle valley school,2465 Amann Dr,Belleville,62220 3463,Saint Clair,13,1,1,0,0,NA,NA
belleville high school east,2555 West Blvd,Belleville,62221 5525,Saint Clair,13,1,1,14,1,8,0.571428571428571
belleville high school west,4063 Frank Scott Pkwy W,Belleville,62223 6802,Saint Clair,12,1,1,17,1,14,0.823529411764706
belleville twp hs night alt sch,4063 Frank Scott Pkwy W,Belleville,62223 6802,Saint Clair,12,1,NA,0,0,NA,NA
belmont cragin elem school,6112 W Fullerton Ave,Chicago,60639,Cook,03,1,1,8,1,5,0.625
belvidere central middle school,8787 Beloit Rd,Belvidere,61008 1701,Boone,11,1,1,0,0,NA,NA
belvidere high school,1500 East Ave,Belvidere,61008 4563,Boone,11,1,NA,0,0,NA,NA
belvidere north high sch,9393 Beloit Rd,Belvidere,61008 9735,Boone,11,1,NA,0,0,NA,NA
belvidere south middle school,919 E 6th St,Belvidere,61008 4500,Boone,11,1,1,0,0,NA,NA
bement elementary school,201 S Champaign St,Bement,61813 1512,Piatt,13,1,1,0,0,NA,NA
bement high school,201 S Champaign St,Bement,61813 1512,Piatt,13,1,1,0,0,NA,NA
bement middle school,201 S Champaign St,Bement,61813 1512,Piatt,13,1,1,0,0,NA,NA
ben gil elementary school,340 Kelly St,Gillespie,62033 1476,Macoupin,13,1,NA,0,0,NA,NA
benavides steam academy,250 E Indian Trl,Aurora,60505 1733,Kane,11,1,NA,0,0,NA,NA
benjamin elem school,6006 Ireland Grove Rd,Bloomington,61705 8500,McLean,16,1,NA,0,0,NA,NA
benjamin franklin elem school,350 Bryant Ave,Glen Ellyn,60137 5256,Dupage,06,1,1,0,0,NA,NA
benjamin franklin elem school,5312 11th Avenue C,Moline,61265 2823,Rock Island,17,1,NA,0,0,NA,NA
benjamin franklin middle school,1200 Outer Park Dr,Springfield,62704 4409,Sangamon,13,1,1,5,1,2,0.4
benjamin middle school,28W300 Saint Charles Rd,West Chicago,60185 1454,Dupage,03,1,1,2,1,2,1
bennett elem school,10115 S Prairie Ave,Chicago,60628 2135,Cook,02,1,1,0,0,NA,NA
bent elem school,904 N Roosevelt Ave,Bloomington,61701 2936,McLean,17,1,1,1,1,1,1
bentley elem school,513 E Illinois Hwy,New Lenox,60451 2781,Will,01,1,1,1,1,1,1
benton cons high school,511 E Main St,Benton,62812 2522,Franklin,12,1,NA,0,0,NA,NA
benton grade sch 5 8,1000 Forrest St,Benton,62812 3337,Franklin,12,1,NA,0,0,NA,NA
benton grade sch k 4,1000 E McKenzie St,Benton,62812 3352,Franklin,12,1,NA,0,0,NA,NA
berger vandenberg elem school,14833 Avalon Ave,Dolton,60419 2452,Cook,02,1,1,0,0,NA,NA
bernard j ward elem school,200 Recreation Dr,Bolingbrook,60440 3071,Will,11,1,1,0,0,NA,NA
bernard long elem school,1003 Farrish St,Madison,62060 1562,Madison,13,1,NA,0,0,NA,NA
bernard w flinn middle school,2525 Ohio Pkwy,Rockford,61108 7517,Winnebago,17,1,NA,0,0,NA,NA
bert h fulton school,6601 171st St,Tinley Park,60477 3514,Cook,06,1,NA,0,0,NA,NA
bethalto east primary school,309 Albers Pl,Bethalto,62010 1473,Madison,13,1,1,0,0,NA,NA
bethel grade school,1201 Bethel Rd,Mount Vernon,62864 7231,Jefferson,12,1,NA,0,0,NA,NA
betsy ross elem school,1315 Marengo Ave,Forest Park,60130 2434,Cook,07,1,1,0,0,NA,NA
betsy ross elem school,700 N Schoenbeck Rd,Prospect Heights,60070 1231,Cook,09,1,1,2,1,2,1
betty shabazz international charter school,7823 S Ellis Ave,Chicago,60619 3213,Cook,NA,1,NA,0,0,NA,NA
beulah park elem school,1910 Gilboa Ave,Zion,60099 1629,Lake,10,1,1,0,0,NA,NA
beverly manor elementary school,1014 School St,Washington,61571 9501,Tazewell,16,1,1,1,1,1,1
beyer early childhood center,333 15Th Ave,Rockford,61104 5101,Winnebago,17,1,NA,0,0,NA,NA
bi county sp ed 3 5 life skills morrison,100 Academic Dr,Morrison,61270 2954,Whiteside,17,0,1,0,0,NA,NA
bi county sp ed k 2 life skills morrison,520 N Genesee St,Morrison,61270 2615,Whiteside,17,0,1,0,0,NA,NA
bi county sp ed life skill jr hgh morrison,300 Academic Dr,Morrison,61270 2952,Whiteside,17,0,1,0,0,NA,NA
bi county sp ed life skills hs morrison,643 Genesee Ave,Morrison,61270 2907,Whiteside,17,0,1,0,0,NA,NA
bi county sp ed transition life skills sterling,1900 W Le Fevre Rd,Sterling,61081 9202,Whiteside,17,0,1,0,0,NA,NA
bi county sped hs,1608 5Th Ave,Sterling,61081 1360,Whiteside,17,0,1,0,0,NA,NA
bi county 3 5 life skills merrill rock falls,815 W Le Fevre Rd,Sterling,61081 1000,Whiteside,17,0,1,0,0,NA,NA
bi county jr hs life skills rock falls middle,1701 12Th Ave,Rock Falls,61071 2711,Whiteside,17,0,1,0,0,NA,NA
bi county k 2 life skills dillon rock falls,806 E Le Fevre Rd,Sterling,61081 1551,Whiteside,17,0,1,0,0,NA,NA
bicentennial elem school,1004 1st St,Coal Valley,61240 9393,Rock Island,17,1,1,0,0,NA,NA
big hollow elem school,33315 N Fish Lake Rd,Ingleside,60041 9263,Lake,10,1,NA,0,0,NA,NA
big hollow middle school,26051 W Nippersink Rd,Ingleside,60041 8785,Lake,10,1,NA,0,0,NA,NA
big hollow primary school,33335 N Fish Lake Rd,Ingleside,60041 9263,Lake,10,1,NA,0,0,NA,NA
big timber elementary school,1400 S Ridgecrest Dr,Hampshire,60140,Kane,08,1,NA,0,0,NA,NA
bismarck henning rossville alvin cooperative high school,17268 E 2750 North Rd,Bismarck,61814 0200,Vermilion,02,1,NA,0,0,NA,NA
bismarck henning elem school,5 W Holloway St,Bismarck,61814 0050,Vermilion,02,1,1,0,0,NA,NA
bismarck henning jr high school,17302 E 2750 North Rd,Bismarck,61814 0350,Vermilion,02,1,NA,0,0,NA,NA
bismarck henning rossville alvin cooperative hs 1,17268 E 2750 North Rd,Bismarck,61814 0200,Vermilion,02,1,NA,0,0,NA,NA
bismarck henning rossville alvin cooperative hs 7,350 N Chicago St,Rossville,60963 9700,Vermilion,02,1,NA,0,0,NA,NA
black hawk area dhh program,4670 11Th St,East Moline,61244 4428,Rock Island,17,0,1,0,0,NA,NA
black hawk area special education center,4680 / 11th St,East Moline,61244 4428,Rock Island,17,1,1,0,0,NA,NA
black hawk education center,4680 11th St.,East Moline,61244,NA,NA,NA,1,0,0,NA,NA
black hawk elem school,2101 Gladstone Dr,Glendale Heights,60139 1809,Dupage,08,1,1,1,1,0,0
black hawk elem school,2500 S College St,Springfield,62704 4706,Sangamon,13,1,1,0,0,NA,NA
black magnet elem school,9101 S Euclid Ave,Chicago,60617 3749,Cook,01,1,1,0,0,NA,NA
blackhawk academy,1870 Galena Blvd,Aurora,60506,Kane,NA,1,1,0,0,NA,NA
blackhawk elem school,1401 S Blackhawk Ave,Freeport,61032 6303,Stephenson,17,1,1,0,0,NA,NA
blackhawk elementary school,840 Blackhawk Blvd,South Beloit,61080 2263,Winnebago,16,1,1,0,0,NA,NA
blackhawk middle school,250 S Church Rd,Bensenville,60106 2303,Dupage,03,1,1,6,1,5,0.833333333333333
blackhawk primary center,130 Blackhawk Dr,Park Forest,60466 2316,Cook,02,1,NA,0,0,NA,NA
blackstone elem school,1309 Jefferson St,Mendota,61342 1429,La Salle,14,1,1,0,0,NA,NA
blaine elem school,1420 W Grace St,Chicago,60613 2802,Cook,05,1,1,5,1,5,1
blair early childhood center,6751 W 63rd Pl,Chicago,60638 4829,Cook,06,1,1,3,1,3,1
bloom high school,101 W 10th St,Chicago Heights,60411 2100,Cook,02,1,NA,0,0,NA,NA
bloom trail high school,22331 Cottage Grove Ave,Chicago Heights,60411 5652,Cook,02,1,1,0,0,NA,NA
bloomington area career center,1202 E Locust St,Bloomington,61701 3363,McLean,NA,0,NA,0,0,NA,NA
bloomington high school,1202 E Locust St,Bloomington,61701 3363,McLean,17,1,1,36,1,34,0.944444444444444
bloomington jr high school,901 Colton Ave,Bloomington,61701 3374,McLean,17,1,1,10,1,10,1
blue ridge high school,411 N John St,Farmer City,61842 1159,Dewitt,15,1,1,0,0,NA,NA
blue ridge intermediate jr high sch,107 South McKinley Street,Mansfield,61854 0069,Dewitt,15,1,1,0,0,NA,NA
bluffs elementary school,100 W Rockwood St,Bluffs,62621 0230,Scott,15,1,1,0,0,NA,NA
bluffs high school,100 W Rockwood St,Bluffs,62621 8114,Scott,15,1,1,0,0,NA,NA
bluffs junior high school,100 W Rockwood St,Bluffs,62621 0230,Scott,15,1,1,0,0,NA,NA
bluffview elem school,905 Bluffview Elementary Ln,Dupo,62239 1544,Saint Clair,13,1,NA,0,0,NA,NA
bluffview elem school,905 Bluffview Elementary Ln,Dupo,62239 1544,Saint Clair,13,1,NA,0,0,NA,NA
bluford grade school,901 6th St,Bluford,62814 1418,Jefferson,12,1,NA,0,0,NA,NA
blythe park elem school,735 Leesley Rd,Riverside,60546 1717,Cook,04,1,1,4,1,4,1
bogan high school,3939 W 79th St,Chicago,60652 2301,Cook,01,1,1,0,0,NA,NA
bolingbrook high school,365 Raider Way,Bolingbrook,60440 4893,Will,11,1,1,0,0,NA,NA
bond county cusd 2 early childhood center,1318 E State Route 140,Greenville,62246 1396,Bond,15,1,1,0,0,NA,NA
bond cty comm unit 2 high school,1000 E State Route 140,Greenville,62246 4202,Bond,15,1,1,0,0,NA,NA
bond elem school,7050 S May St,Chicago,60621 1114,Cook,07,1,1,3,1,2,0.666666666666667
bond fayette effingham efe 410,1109 N 8th St,Vandalia,62471 1240,Fayette,NA,0,NA,0,0,NA,NA
bond primary,404 Colegrove St Ste B,Assumption,62510 1344,Shelby,15,1,NA,0,0,NA,NA
bond christian effingham fayette montgomery roe,1500 W Jefferson St,Vandalia,62471 1510,N/A,NA,0,NA,0,0,NA,NA
bonfield grade school,522 E Smith St,Bonfield,60913 6932,Kankakee,02,1,1,0,0,NA,NA
bonnie mcbeth learning ctr,15730 S Howard St,Plainfield,60544 2399,Will,14,1,1,4,1,2,0.5
boone elem school,1326 West 14th Place 2nd floor,Chicago,60680,Cook,NA,1,1,0,0,NA,NA
boone winnebago roe,300 Heart Blvd,Loves Park,61111 7516,N/A,NA,0,NA,0,0,NA,NA
booth elementary school,Highway 45 North,Enfield,62835 0039,White,NA,0,NA,0,0,NA,NA
booth tarkington elem school,310 Scott St,Wheeling,60090 4432,Cook,09,1,1,1,1,1,1
bottenfield elem school,1801 S Prospect Ave,Champaign,61820 7007,Champaign,13,1,1,4,1,3,0.75
bouchet elem math and science acad,7355 S Jeffery Blvd,Chicago,60649 3121,Cook,01,1,1,0,0,NA,NA
boulder hill elem school,163 Boulder Hill Pass,Montgomery,60538 2305,Kendall,14,1,1,0,0,NA,NA
bourbonnais upper grade center,200 W John Casey Rd,Bourbonnais,60914 1368,Kankakee,01,1,NA,0,0,NA,NA
bowen high school,2710 E 89th St,Chicago,60617 3192,Cook,01,1,1,0,0,NA,NA
bower elem school,4S241 River Rd,Warrenville,60555 3815,Dupage,11,1,1,0,0,NA,NA
bowlesburg elem school,2221 10th St,Silvis,61282 2031,Rock Island,17,1,NA,0,0,NA,NA
braceville elem school,209 N Mitchell St,Braceville,60407 9068,Grundy,16,1,NA,0,0,NA,NA
bradford grade school,345 Silver St,Bradford,61421 5074,Stark,16,1,1,0,0,NA,NA
bradford jr high school,115 High St,Bradford,61421 5087,Stark,16,1,1,0,0,NA,NA
bradley central middle school,260 N Wabash Ave,Bradley,60915 1668,Kankakee,02,1,1,7,1,7,1
bradley east elem school,610 Liberty St,Bradley,60915 2424,Kankakee,02,1,1,18,1,13,0.722222222222222
bradley west elem school,200 W State St,Bradley,60915 2681,Kankakee,02,1,1,0,0,NA,NA
bradley bourbonnais c high school,700 W North St,Bradley,60915 1013,Kankakee,02,1,NA,0,0,NA,NA
bradwell comm arts and sci elem sch,7736 S Burnham Ave,Chicago,60649 4702,Cook,02,1,1,0,0,NA,NA
braeside elem school,150 Pierce Rd,Highland Park,60035 5327,Lake,10,1,1,0,0,NA,NA
braun educational center,6020 151st St,Oak Forest,60452 1841,Cook,06,0,NA,0,0,NA,NA
breese elem school,777 Memorial Dr,Breese,62230 1376,Clinton,12,1,NA,0,0,NA,NA
bremen high school,15203 Pulaski Rd,Midlothian,60445 3755,Cook,01,1,1,0,0,NA,NA
brennemann elem school,4251 N Clarendon Ave,Chicago,60613 1523,Cook,09,1,1,0,0,NA,NA
brentano elem math and science acad,2723 N Fairfield Ave,Chicago,60647 1827,Cook,03,1,1,2,1,2,1
brentwood elem school,260 Dulles Rd,Des Plaines,60016 2723,Cook,08,1,1,0,0,NA,NA
bret harte elem school,1556 E 56th St,Chicago,60637 1911,Cook,02,1,1,1,1,0,0
briar glen elem school,1800 Briarcliffe Blvd,Wheaton,60189 8402,Dupage,06,1,NA,0,0,NA,NA
briargate elem school,100 S Wulff St,Cary,60013 2528,McHenry,09,1,1,9,1,9,1
bridge elem school,3800 N New England Ave,Chicago,60634 2346,Cook,03,1,1,0,0,NA,NA
bridgeport grade school,1300 N Main St,Bridgeport,62417 1300,Lawrence,12,1,NA,0,0,NA,NA
bridges adult transition center,4700 W Chase Ave,Lincolnwood,60712 1608,Cook,09,0,1,0,0,NA,NA
bridges learning center,226 Chicago Ave,Centralia,62801 6193,Marion,12,0,NA,0,0,NA,NA
bridges program alop,34090 N Almond Rd,Gurnee,60031 5310,N/A,NA,0,NA,0,0,NA,NA
bridgeview elem school,7800 S Thomas Ave,Bridgeview,60455 1524,Cook,06,1,NA,0,0,NA,NA
brigham elementary,201 Brigham School Rd,Bloomington,61704 8630,McLean,16,1,NA,0,0,NA,NA
bright elem school,10740 S Calhoun Ave,Chicago,60617 6418,Cook,02,1,1,1,1,0,0
bright futures pre k prog,940 W Fremont St,Galesburg,61401 2558,Knox,17,1,1,0,0,NA,NA
brighton north primary school,201 E City Limits Rd,Brighton,62012 0757,Macoupin,13,1,NA,0,0,NA,NA
brighton park elem school,3825 S Washtenaw Ave,Chicago,60632 1633,Cook,04,1,1,0,0,NA,NA
brimfield grade school,216 E Clinton St,Brimfield,61517 0380,Peoria,16,1,1,0,0,NA,NA
brimfield high school,323 E Clinton St,Brimfield,61517 0380,Peoria,16,1,1,0,0,NA,NA
bristol bay elem sch,427 Bristol Bay Dr,Yorkville,60560 6037,Kendall,14,1,NA,0,0,NA,NA
bristol grade school,23 Hunt St,Bristol,60512 2003,Kendall,14,1,NA,0,0,NA,NA
broadmeadow elem school,500 Sunview Rd,Rantoul,61866 2121,Champaign,02,1,NA,0,0,NA,NA
broadmoor junior high school,501 Maywood Ave,Pekin,61554 3094,Tazewell,16,1,NA,0,0,NA,NA
brokaw early learning center,1000 5th St,Oswego,60543 7005,Kendall,14,1,1,0,0,NA,NA
bronzeville academy charter school,4930 S Cottage Grove Ave,Chicago,60615 2616,Cook,NA,1,1,0,0,NA,NA
bronzeville academy chtr school,4930 S Cottage Grove Ave,Chicago,60615 2616,NA,NA,0,NA,0,0,NA,NA
bronzeville classical elementary school,8 W Root St,Chicago,60609,Cook,07,1,1,0,0,NA,NA
bronzeville scholastic hs,4934 S Wabash Ave,Chicago,60615 2115,Cook,07,1,1,0,0,NA,NA
brook forest elem school,60 Regent Dr,Oak Brook,60523 1729,Dupage,04,1,1,0,0,NA,NA
brook park elem school,1214 Raymond Ave,La Grange Park,60526 1362,Cook,04,1,1,0,0,NA,NA
brookdale elementary school,1200 Redfield Rd,Naperville,60563 0436,Dupage,11,1,1,1,1,1,1
brookport elementary school,319 Ferry St,Brookport,62910 0278,Massac,12,1,NA,0,0,NA,NA
brooks college prep academy hs,250 E 111th St,Chicago,60628 4324,Cook,02,1,1,0,0,NA,NA
brooks middle school,14741 Wallace St,Harvey,60426 2448,Cook,02,1,NA,0,0,NA,NA
brooks middle school,350 Blair Ln,Bolingbrook,60440 1801,Will,11,1,NA,0,0,NA,NA
brookview elem school,1750 Madron Rd,Rockford,61107 2459,Winnebago,16,1,1,0,0,NA,NA
brookwood jr high school,201 E Glenwood Lansing Rd,Glenwood,60425 1742,Cook,02,1,NA,0,0,NA,NA
brookwood middle school,200 E Glenwood Lansing Rd,Glenwood,60425 1751,Cook,02,1,NA,0,0,NA,NA
brown county elementary school,501 NW Cross St,Mount Sterling,62353 1149,Brown,15,1,1,0,0,NA,NA
brown county high school,500 E Main St,Mount Sterling,62353 1377,Brown,15,1,1,0,0,NA,NA
brown county middle school,504 E Main Street,Mount Sterling,62353 1377,Brown,15,1,1,0,0,NA,NA
brown r elem community acad,12607 S Union Ave,Chicago,60628 7021,Cook,01,1,1,0,0,NA,NA
brown w elem school,54 N Hermitage Ave,Chicago,60612 2631,Cook,NA,1,1,0,0,NA,NA
brownell elem school,6741 S Michigan Ave,Chicago,60637 3920,Cook,01,1,1,0,0,NA,NA
brownstown elem school,460 W South St,Brownstown,62418 1120,Fayette,15,1,NA,0,0,NA,NA
brownstown high school,421 S College Ave,Brownstown,62418 1129,Fayette,15,1,NA,0,0,NA,NA
brownstown jr high school,421 S College Ave,Brownstown,62418 1129,Fayette,15,1,NA,0,0,NA,NA
brownsville attendance center,1187 County Road 700 E,Carmi,62821 5400,White,12,1,NA,0,0,NA,NA
bruning elem school,1910 Bruning Dr,Wilmington,60481 1710,Will,01,1,1,0,0,NA,NA
brunson math and sci specialty elem,932 N Central Ave,Chicago,60651 2705,Cook,07,1,1,1,1,1,1
brussels grade school,128 School St,Brussels,62013 0128,Calhoun,15,1,NA,0,0,NA,NA
brussels high school,128 School St,Brussels,62013 0128,Calhoun,15,1,NA,0,0,NA,NA
bryan middle school,111 W Butterfield Rd,Elmhurst,60126 5014,Dupage,06,1,1,0,0,NA,NA
bryant elem school,14700 Main St,Harvey,60426 1923,Cook,02,1,NA,0,0,NA,NA
bryce ash grove ed ctr,1101 N 1800 East Rd,Milford,60953 6264,Iroquois,02,0,NA,0,0,NA,NA
budlong elem school,2701 W Foster Ave,Chicago,60625 3507,Cook,05,1,1,3,1,3,1
buffalo grove high school,1100 W Dundee Rd,Buffalo Grove,60089 4054,Cook,09,1,1,0,0,NA,NA
bulldog early learning academy,301 Bulldog Blvd,Harrisburg,62946,Saline,12,1,NA,0,0,NA,NA
buncombe cons school,164 Main,Buncombe,62912 0040,Johnson,12,1,NA,0,0,NA,NA
bunker hill high school,314 S Meissner St,Bunker Hill,62014 1314,Macoupin,13,1,1,0,0,NA,NA
burbank elem school,2035 N Mobile Ave,Chicago,60639 3809,Cook,07,1,1,2,1,2,1
bureau valley elementary and junior high,9080 2125 North Ave,Manlius,61338 0326,Bureau,16,1,1,0,0,NA,NA
bureau valley elemntry wyanet,109 W 4th St,Wyanet,61379 9667,Bureau,16,1,1,0,0,NA,NA
bureau valley high school,9154 2125 N Avenue,Manlius,61338 0329,Bureau,16,1,1,0,0,NA,NA
bureau valley north,323 S Main St,Walnut,61376 9368,Bureau,16,1,1,0,0,NA,NA
bureau henry stark roe,107 S State St,Atkinson,61235 9788,N/A,NA,0,NA,0,0,NA,NA
burke elem school,5356 S King Dr,Chicago,60615 3643,Cook,07,1,1,2,1,2,1
burley elem school,1630 W Barry Ave,Chicago,60657 3016,Cook,05,1,1,0,0,NA,NA
burnham elem inclusive academy,9928 S Crandon Ave,Chicago,60617 5294,Cook,01,1,1,1,1,1,1
burnham elem school,13945 S Green Bay Ave,Burnham,60633 1671,Cook,02,1,1,0,0,NA,NA
burnside elem scholastic academy,650 E 91st Pl,Chicago,60619 7698,Cook,01,1,1,0,0,NA,NA
burr elem school,1621 W Wabansia Ave,Chicago,60622 1439,Cook,05,1,1,0,0,NA,NA
burr oak academy,1441 W 124th St,Calumet Park,60827 5831,Cook,01,1,NA,0,0,NA,NA
burr oak elem school,1440 W 125th St,Calumet Park,60827 6025,Cook,01,1,NA,0,0,NA,NA
burr ridge middle school,15W451 91st St,Burr Ridge,60527 6379,Dupage,11,1,1,0,0,NA,NA
burroughs elem school,3542 S Washtenaw Ave,Chicago,60632 1639,Cook,04,1,1,0,0,NA,NA
bushnell prairie city elem sch,345 E Hess St,Bushnell,61422 1419,McDonough,15,1,NA,0,0,NA,NA
bushnell prairie city high sch,845 Walnut St,Bushnell,61422 1253,McDonough,15,1,NA,0,0,NA,NA
bushnell prairie city jr high sch,847 Walnut St,Bushnell,61422 1253,McDonough,15,1,NA,0,0,NA,NA
butler elem school,1701 S MacArthur Blvd,Springfield,62704 4027,Sangamon,13,1,1,0,0,NA,NA
butler junior high school,2801 York Rd,Oak Brook,60523 2334,Dupage,04,1,1,0,0,NA,NA
butterfield elem school,2S500 Gray Ave,Lombard,60148 5194,Dupage,06,1,NA,0,0,NA,NA
butterfield school,1441 Lake St,Libertyville,60048 1731,Lake,10,1,NA,0,0,NA,NA
butterworth elem school,4205 48th St,Moline,61265 6731,Rock Island,17,1,NA,0,0,NA,NA
buzz aldrin elem school,617 Boxwood Dr,Schaumburg,60193 2713,Cook,08,1,1,3,1,1,0.333333333333333
byrne elem school,5329 S Oak Park Ave,Chicago,60638 1117,Cook,06,1,1,0,0,NA,NA
byron high school 9 12,696 N Colfax St,Byron,61010 1439,Ogle,16,1,1,5,1,5,1
byron middle school,325 N Colfax St,Byron,61010 1540,Ogle,16,1,1,0,0,NA,NA
c a henning school,520 E US Highway 40,Troy,62294 2200,Madison,15,1,1,3,1,1,0.333333333333333
c b smith elem school,1314 Matilda St,Pekin,61554 2227,Tazewell,16,1,NA,0,0,NA,NA
c e miller elem school,125 W Traube Ave,Westmont,60559 1440,Dupage,06,1,1,0,0,NA,NA
c f simmons middle school,1130 Sheffer Rd,Aurora,60505 1936,Kane,11,1,NA,0,0,NA,NA
c henry bloom elem school,2912 Brendenwood Rd,Rockford,61107 1907,Winnebago,17,1,NA,0,0,NA,NA
c i johnson elem school,1934 Liberty St,Aurora,60502 9438,Kane,11,1,NA,0,0,NA,NA
c m bardwell elem school,550 S Lincoln Ave,Aurora,60505 4669,Kane,14,1,NA,0,0,NA,NA
c r hanna elem school,900 14th Ave,Orion,61273 0159,Henry,16,1,1,0,0,NA,NA
cahokia high school,800 Range Ln,Cahokia,62206 2022,Saint Clair,13,1,1,0,0,NA,NA
cairo elementary school,3101 Elm St,Cairo,62914 1362,Alexander,12,1,1,0,0,NA,NA
cairo jr sr high school,4201 Sycamore St,Cairo,62914 1047,Alexander,12,1,1,0,0,NA,NA
caldwell elem acad of math and sci,1326 West 14th Place 2nd floor,Chicago,60680,Cook,NA,1,1,0,0,NA,NA
caledonia elem school,2311 Randolph St,Caledonia,61011 9321,Boone,16,1,1,0,0,NA,NA
calhoun elementary jr high sch,52 Poor Farm Hollow Rd,Hardin,62047 0387,Calhoun,15,1,NA,0,0,NA,NA
calhoun high school,101 Calhoun Ave,Hardin,62047 0387,Calhoun,15,1,NA,0,0,NA,NA
calhoun greene jersy macoupin roe,227 E 1St South St,Carlinville,62626 1800,N/A,NA,0,NA,0,0,NA,NA
calmeca acad elem school,3456 W 38th St,Chicago,60632 3304,Cook,04,1,1,2,1,2,1
calumet elem school,1440 W Vermont Ave,Calumet Park,60827 6328,Cook,01,1,NA,0,0,NA,NA
cambridge comm grade school,312 S West St,Cambridge,61238 1430,Henry,16,1,1,0,0,NA,NA
cambridge jr sr high school,300 S West St,Cambridge,61238 1430,Henry,16,1,1,4,1,4,1
cambridge lakes charter school,840 Campus Dr,Pingree Grove,60140 2086,Kane,08,1,1,0,0,NA,NA
camelot safe academy school,7877 S Coles Ave,Chicago,60649 4817,Cook,NA,1,NA,0,0,NA,NA
cameron elem school,1234 N Monticello Ave,Chicago,60651 2217,Cook,03,1,1,0,0,NA,NA
campanelli elem school,310 S Springinsguth Rd,Schaumburg,60193 1209,Cook,08,1,1,6,1,4,0.666666666666667
camras elem school,3000 N Mango Ave,Chicago,60634 5216,Cook,03,1,1,5,1,5,1
canterbury elem school,875 Canterbury Dr,Crystal Lake,60014 7871,McHenry,09,1,1,0,0,NA,NA
canton high school,1001 N Main St,Canton,61520 1118,Fulton,17,1,NA,0,0,NA,NA
canton middle school,1100 Sunset Cir,Streamwood,60107 1817,Kane,08,1,NA,0,0,NA,NA
cantrall elem school,1 Braves Ln,Cantrall,62625 9763,Menard,15,1,1,0,0,NA,NA
cantrall intermediate school,155 Claypool St,Cantrall,62625 9707,Menard,15,1,1,0,0,NA,NA
canty elem school,3740 N Panama Ave,Chicago,60634 2021,Cook,03,1,1,7,1,5,0.714285714285714
capital area career center,2201 Toronto Rd,Springfield,62712 3802,Sangamon,NA,0,NA,0,0,NA,NA
capron elem school,200 N Wooster St,Capron,61012 9550,Boone,16,1,NA,0,0,NA,NA
carbondale comm h s,1301 E Walnut St,Carbondale,62901 5004,Jackson,12,1,1,2,1,2,1
carbondale middle school,1150 E Grand Ave,Carbondale,62901 3422,Jackson,12,1,1,0,0,NA,NA
cardenas elem school,2345 S Millard Ave,Chicago,60623 3110,Cook,04,1,1,0,0,NA,NA
care program,5318 135Th St,Crestwood,60418 1501,Cook,06,0,NA,0,0,NA,NA
career and tech educ consortium,2037 W Galena Ave,Freeport,61032 3004,Stephenson,NA,0,NA,0,0,NA,NA
career center of southern il,6137 Beck Rd,Red Bud,62278 3347,NA,NA,0,NA,0,0,NA,NA
career development system,16333 Kilbourne Ave,Oak Forest,60452 4601,Cook,NA,0,NA,0,0,NA,NA
career educ assoc of n central il,300 Heart Blvd,Loves Park,61111 7516,NA,NA,0,NA,0,0,NA,NA
career preparation network,1515 W Exchange St,Crete,60417 9601,Cook,NA,0,NA,0,0,NA,NA
carl sandburg elem school,1924 Reynolds Dr,Charleston,61920 3157,Coles,15,1,NA,0,0,NA,NA
carl sandburg elem school,1345 Jewell Rd,Wheaton,60187 3183,Dupage,03,1,1,0,0,NA,NA
carl sandburg elementary,1100 Lilac Ln,Joliet,60435 3244,Will,14,1,NA,0,0,NA,NA
carl sandburg high school,13300 S La Grange Rd,Orland Park,60462 1325,Cook,06,1,1,0,0,NA,NA
carl sandburg jr high school,2600 Martin Ln,Rolling Meadows,60008 2722,Cook,NA,1,NA,0,0,NA,NA
carl sandburg middle sch,1717 W Eby St,Freeport,61032 4644,Stephenson,17,1,1,2,1,2,1
carl sandburg middle school,855 W Hawley St,Mundelein,60060 1615,Lake,10,1,1,2,1,0,0
carleton w washburne school,515 Hibbard Rd,Winnetka,60093 1617,Cook,10,1,NA,0,0,NA,NA
carlinville high school,829 W Main St,Carlinville,62626 1261,Macoupin,13,1,NA,0,0,NA,NA
carlinville intermediate school,450 W Buchanan St,Carlinville,62626 1051,Macoupin,13,1,NA,0,0,NA,NA
carlinville middle school,110 Illinois Ave,Carlinville,62626 1278,Macoupin,13,1,NA,0,0,NA,NA
carlinville primary school,18456 Shipman Rd,Carlinville,62626 9238,Macoupin,13,1,1,0,0,NA,NA
carlock elem school,301 W Washington St,Carlock,61725 9425,McLean,16,1,NA,0,0,NA,NA
carlyle elementary school,951 6th St,Carlyle,62231 1247,Clinton,12,1,NA,0,0,NA,NA
carlyle high school,1461 12th St,Carlyle,62231 1281,Clinton,12,1,NA,0,0,NA,NA
carlyle junior high school,1631 12th St,Carlyle,62231 1256,Clinton,12,1,NA,0,0,NA,NA
carman buckner elem school,520 Helmholz Ave,Waukegan,60085 6428,Lake,10,1,1,0,0,NA,NA
carmi white cnty jr high sch,800 W Main St,Carmi,62821 1350,White,12,1,NA,0,0,NA,NA
carmi white county high school,800 W Main St,Carmi,62821 1350,White,12,1,NA,0,0,NA,NA
carnegie elem school,1414 E 61st Pl,Chicago,60637 2999,Cook,01,1,1,0,0,NA,NA
carol moseley braun school,1655 153rd St,Calumet City,60409 3842,Cook,02,1,1,2,1,0,0
carol stream elem school,422 Sioux Ln,Carol Stream,60188 1522,Dupage,08,1,1,24,1,24,1
caroline sibley elem school,1550 Sibley Blvd,Calumet City,60409 2333,Cook,02,1,1,0,0,NA,NA
carolyn wenz elem school,437 W Washington St,Paris,61944 1726,Edgar,15,1,NA,0,0,NA,NA
carpentersville middle school,100 Cleveland Ave,Carpentersville,60110 1960,Kane,08,1,1,0,0,NA,NA
carrie busey elem school,304 Prairie Rose Ln,Savoy,61874 9364,Champaign,13,1,1,1,1,0,0
carrier mills stonefort elem sch,213 W Furlong St,Carrier Mills,62917,Saline,12,1,1,0,0,NA,NA
carrier mills stonefort h s,7071 US 45 S,Carrier Mills,62917 1230,Saline,12,1,1,0,0,NA,NA
carroll elem school,2929 W 83rd St,Chicago,60652 3400,Cook,01,1,1,0,0,NA,NA
carroll jo daviess stephenson roe,27 S State Ave Ste 101,Freeport,61032 4210,N/A,NA,0,NA,0,0,NA,NA
carrollton grade school,721 4th St,Carrollton,62016 1509,Greene,15,1,1,0,0,NA,NA
carrollton high school,950 3rd St,Carrollton,62016 1506,Greene,15,1,1,0,0,NA,NA
carruthers elementary school,80 Candy Ln,Murphysboro,62966 2953,Jackson,12,1,1,1,1,1,1
carson elem school,5516 S Maplewood Ave,Chicago,60629 1023,Cook,04,1,1,0,0,NA,NA
carter elem school,5740 S Michigan Ave,Chicago,60637 1156,Cook,07,1,1,0,0,NA,NA
carterville high school,1415 W Grand Ave,Carterville,62918 2303,Williamson,12,1,NA,0,0,NA,NA
carterville intermediate sch,300 School St,Carterville,62918 1257,Williamson,12,1,NA,0,0,NA,NA
carterville jr high sch,816 S Division St,Carterville,62918 1527,Williamson,12,1,NA,0,0,NA,NA
carthage middle school,210 S Adams St,Carthage,62321 1420,Hancock,15,1,NA,0,0,NA,NA
carthage primary school,210 S Adams St,Carthage,62321 1420,Hancock,15,1,NA,0,0,NA,NA
carver military academy hs,13100 S Doty Ave,Chicago,60827 1597,Cook,02,1,1,0,0,NA,NA
carver primary school,901 E 133rd Pl,Chicago,60827 1427,Cook,02,1,1,0,0,NA,NA
cary jr high school,2109 Crystal Lake Rd,Cary,60013 1426,McHenry,09,1,NA,0,0,NA,NA
cary grove community high school,2208 3 Oaks Rd,Cary,60013 1627,McHenry,09,1,1,17,1,16,0.941176470588235
casals elem school,3501 W Potomac Ave,Chicago,60651 2231,Cook,03,1,1,2,1,2,1
casey westfield jr sr hs,306 E Edgar Ave,Casey,62420 1445,Clark,12,1,NA,0,0,NA,NA
caseyville elementary school,433 S 2nd St,Caseyville,62232 1525,Madison,13,1,NA,0,0,NA,NA
cass jr high school,8502 Bailey Rd,Darien,60561 5333,Dupage,06,1,1,4,1,3,0.75
cassell elem school,11314 S Spaulding Ave,Chicago,60655 2736,Cook,06,1,1,0,0,NA,NA
catalyst charter maria es,6727 S California Ave,Chicago,60629 1816,Cook,07,1,1,0,0,NA,NA
catalyst charter circle rock es,5608 W Washington Blvd,Chicago,60644 3009,Cook,07,1,1,0,0,NA,NA
cather elem school,2908 W Washington Blvd,Chicago,60612 1934,Cook,07,1,1,0,0,NA,NA
ccsd 93 early childhood cntr,280 Old Gary Ave,Bloomingdale,60108 2686,Dupage,08,1,1,0,0,NA,NA
ccsi alternative school,6137 Beck Rd,Red Bud,62278 3347,N/A,NA,1,NA,0,0,NA,NA
cedar ridge elem school,2808 Breezewood Blvd,Bloomington,61704 9347,McLean,16,1,NA,0,0,NA,NA
centennial elem school,800 S West St,Plano,60545 1969,Kendall,14,1,NA,0,0,NA,NA
centennial elem school,614 Oakley Ave,Streator,61364 1020,La Salle,16,1,NA,0,0,NA,NA
centennial elem school,308 S Pleasant Ave,Polo,61064 1940,Ogle,16,1,1,0,0,NA,NA
centennial high school,913 Crescent Dr,Champaign,61821 4243,Champaign,13,1,1,7,1,7,1
centennial school,14101 Creek Crossing Dr,Orland Park,60467 7480,Cook,06,1,NA,0,0,NA,NA
centennial school,234 E Stearns Rd,Bartlett,60103 6533,Kane,08,1,NA,0,0,NA,NA
centennial school,135 W 5th St,El Paso,61738 1051,Woodford,16,1,1,1,1,0,0
center elem school,718 E Illinois St,Freeport,61032 5731,Stephenson,17,1,1,6,1,6,1
center for academic and vocational excellence cave,7645 Magna Dr,Belleville,62223 3385,Saint Clair,13,0,1,0,0,NA,NA
center for academics and technology,1605 Wentworth,Calumet City,60409,Cook,02,1,NA,0,0,NA,NA
center for alternative learning,1601 Wentworth Ave,Calumet City,60409,Cook,02,1,NA,0,0,NA,NA
center for educ opp,201 Staunton Rd,Troy,62294 1227,N/A,NA,1,NA,0,0,NA,NA
center street elem school,200 W Center St,Fairfield,62837 1701,Wayne,12,1,NA,0,0,NA,NA
central 3 4 middle school,301 Hanna St,Golden,62339 0219,Adams,NA,1,1,0,0,NA,NA
central a and m high school,229 E Pine St,Moweaqua,62550 1041,Shelby,15,1,NA,0,0,NA,NA
central a and m middle school,404 Colegrove St Ste A,Assumption,62510 1344,Shelby,15,1,NA,0,0,NA,NA
central city elem school,129 Douglas St,Centralia,62801 2129,Marion,12,1,NA,0,0,NA,NA
central comm high school,7740 Old US Highway 50,Breese,62230 3822,Clinton,12,1,NA,0,0,NA,NA
central elem,215 E Central Blvd,Kewanee,61443 2354,Henry,17,1,1,0,0,NA,NA
central elem school,1526 E Thacker St,Des Plaines,60016 6432,Cook,08,1,1,0,0,NA,NA
central elem school,61 Woodside Rd,Riverside,60546 1974,Cook,04,1,1,2,1,2,1
central elem school,15501 E Avenue L,Lewistown,61542 9454,Fulton,15,1,1,2,1,2,1
central elem school,117 W Livingston St,Pontiac,61764 1821,Livingston,02,1,1,0,0,NA,NA
central elem school,100 7th St,Lincoln,62656 2682,Logan,15,1,1,0,0,NA,NA
central elem school,1050 N 9Th St,Rochelle,61068 1463,Ogle,16,1,1,0,0,NA,NA
central elem school,309 Hartman Ln,O Fallon,62269 1725,Saint Clair,NA,1,NA,0,0,NA,NA
central elem school,23723 Getson Dr,Plainfield,60544 3001,Will,14,1,1,1,1,1,1
central elem school,910 Central Ave,Wilmette,60091 2608,Cook,09,1,NA,0,0,NA,NA
central elementary grade school,109 W School St,Camp Point,62320 0379,Adams,NA,1,1,0,0,NA,NA
central grade school,3901 S Banker St.,Effingham,62401 5405,Effingham,12,1,1,0,0,NA,NA
central high school,2110 Highway 94 N,Camp Point,62320 2516,Adams,15,1,NA,0,0,NA,NA
central high school,610 W University Ave,Champaign,61820 3918,Champaign,13,1,1,4,1,3,0.75
central high school,1134 E 3100 North Rd,Clifton,60927 7084,Iroquois,02,1,1,0,0,NA,NA
central high school,44W625 Plato Rd,Burlington,60109 0068,Kane,11,1,1,0,0,NA,NA
central il voc ed coop,101 W Madison St,Metamora,61548 7578,Woodford,NA,0,NA,0,0,NA,NA
central ill rural region,201 W Exchange St,Jerseyville,62052 1602,NA,NA,0,NA,0,0,NA,NA
central illinois bridge academy,2000 Jacobssen Dr,Normal,61761 6277,N/A,NA,1,NA,0,0,NA,NA
central intermediate sch,1301 Eagle Ave,Washington,61571 1111,Tazewell,16,1,1,2,1,2,1
central intermediate school,711 E McKinley Rd,Ottawa,61350 4811,La Salle,14,1,NA,0,0,NA,NA
central intermediate school,601 Chaffer Ave,Roxana,62084 1126,Madison,13,1,1,0,0,NA,NA
central intermediate school,401 E 2nd Ave,Monmouth,61462 2207,Warren,17,1,NA,0,0,NA,NA
central jr high school,1600 E 9th St,West Frankfort,62896 1600,Franklin,12,1,NA,0,0,NA,NA
central jr high school,1801 Central School Rd,Belleville,62220 3265,Saint Clair,13,1,1,0,0,NA,NA
central jr high school,601 Taylor St,East Peoria,61611 2685,Tazewell,16,1,NA,0,0,NA,NA
central junior high,215 E Central Blvd,Kewanee,61443 2354,Henry,17,1,1,0,0,NA,NA
central junior high school,2110 Highway 94 N,Camp Point,62320 2516,Adams,15,1,1,0,0,NA,NA
central middle school,9400 S Sawyer Ave,Evergreen Park,60805 2328,Cook,06,1,NA,0,0,NA,NA
central middle school,18146 Oak Park Ave,Tinley Park,60477 3944,Cook,06,1,NA,0,0,NA,NA
central middle school,44W303 Plato Rd,Burlington,60109 0397,Kane,11,1,NA,0,0,NA,NA
central park elem school,3621 151St St,Midlothian,60445 3701,Cook,01,1,NA,0,0,NA,NA
central primary sch,1400 Newcastle Rd,Washington,61571 1255,Tazewell,16,1,1,0,0,NA,NA
central road elem school,3800 Central Rd,Rolling Meadows,60008 2554,Cook,08,1,1,0,0,NA,NA
central school,620 Greenwood Ave,Glencoe,60022 1650,Cook,10,1,1,0,0,NA,NA
central school,410 Mccarthy Rd,Lemont,60439 4037,Cook,11,1,1,3,1,2,0.666666666666667
central school program,355 E Chicago St,Elgin,60120 6543,Kane,08,1,NA,0,0,NA,NA
centralia alternative school,501 N Elm St,Centralia,62801 2958,N/A,NA,1,NA,0,0,NA,NA
centralia high school,2100 E Calumet St,Centralia,62801 6511,Marion,12,1,NA,0,0,NA,NA
centralia jr high school,900 S Pine St,Centralia,62801 4850,Marion,12,1,NA,0,0,NA,NA
centralia pre kindergarten ctr,422 S Elm St,Centralia,62801 3910,Marion,12,1,NA,0,0,NA,NA
century elementary school,4721 Shawnee College Rd,Ullin,62992 2201,Pulaski,12,1,1,0,0,NA,NA
century jr sr high school,4721 Shawnee College Rd,Ullin,62992 2201,Pulaski,12,1,1,0,0,NA,NA
century junior high school,10801 W 159th St,Orland Park,60467 4533,Cook,06,1,1,0,0,NA,NA
century oaks elem school,1235 Braeburn Dr,Elgin,60123 1458,Kane,08,1,NA,0,0,NA,NA
cerro gordo elem school,209 S Monroe St,Cerro Gordo,61818 0066,Piatt,13,1,NA,0,0,NA,NA
cerro gordo jr and sr high school,300 E Durfee St,Cerro Gordo,61818 0079,Piatt,13,1,NA,0,0,NA,NA
chadwick milledgeville elem school,100 E 8Th St,Milledgeville,61051 9016,Carroll,17,1,NA,0,0,NA,NA
chadwick milledgeville jr sr high school,100 E 8th St,Milledgeville,61051 9016,Carroll,17,1,NA,0,0,NA,NA
challand middle school,1700 6th Ave,Sterling,61081 1379,Whiteside,17,1,NA,2,1,2,1
chalmers elem specialty school,2745 W Roosevelt Rd,Chicago,60608 1047,Cook,NA,1,1,0,0,NA,NA
champaign co detention center,400 Art Bartell Rd,Urbana,61802 2879,Champaign,13,0,NA,0,0,NA,NA
champaign early chldhd cntr,809 N Neil St,Champaign,61820 3058,Champaign,13,1,1,3,1,1,0.333333333333333
champaign ford roe,3358 Big Pine Trail,Champaign,61822 1406,N/A,NA,0,NA,0,0,NA,NA
chana educ center rock river,204 Main St,Chana,61015 8700,Ogle,16,0,1,0,0,NA,NA
chaney monge school,400 Elsie Ave,Crest Hill,60403 2573,Will,14,1,NA,0,0,NA,NA
channahon junior high school,24917 W Sioux Dr,Channahon,60410 3401,Will,01,1,1,1,1,1,1
channing memorial elem school,63 S Channing St,Elgin,60120 6633,Kane,08,1,NA,0,0,NA,NA
chappell elem school,2135 W Foster Ave,Chicago,60625 1268,Cook,09,1,1,3,1,2,0.666666666666667
charles j caruso middle school,1801 Montgomery Rd,Deerfield,60015 2650,Lake,10,1,1,1,1,1,1
charles j sahs elem school,5001 S Long Ave,Chicago,60638 1733,Cook,04,1,1,0,0,NA,NA
charles reed elementary sch,2110 Clublands Pkwy,Plainfield,60586 9116,Will,14,1,1,48,1,39,0.8125
charleston high school,1615 Lincoln Ave,Charleston,61920 3010,Coles,15,1,NA,0,0,NA,NA
charleston middle school,920 Smith Dr,Charleston,61920 2913,Coles,15,1,NA,0,0,NA,NA
charter oak primary school,5221 W Timberedge Dr,Peoria,61615 3244,Peoria,16,1,1,0,0,NA,NA
chase elem school,2021 N Point St,Chicago,60647 4016,Cook,03,1,1,0,0,NA,NA
chateaux school,3600 Chambord Ln,Hazel Crest,60429 2247,Cook,02,1,1,0,0,NA,NA
chatham elem school,525 S College St,Chatham,62629 1663,Sangamon,13,1,1,0,0,NA,NA
chauncey h duker school,3711 W Kane Ave,McHenry,60050 5524,McHenry,11,1,1,9,1,8,0.888888888888889
chavez elem multicultural acad ct,4747 S Marshfield Ave,Chicago,60609 4159,Cook,04,1,1,0,0,NA,NA
chebanse elem school,475 School St,Chebanse,60922 0008,Iroquois,02,1,1,0,0,NA,NA
chelsea elem school,22265 S 80th Ave,Frankfort,60423 9786,Will,01,1,1,0,0,NA,NA
cherokee elem school,300 S Waukegan Rd,Lake Forest,60045 2643,Lake,10,1,1,0,0,NA,NA
cherry hill elem and ec center,205 Kingston Dr,New Lenox,60451 1522,Will,01,1,NA,0,0,NA,NA
cherry valley elementary school,6754 Armer Dr,Rockford,61109,Winnebago,16,1,NA,0,0,NA,NA
chesak elementary school,10910 Reed Rd,Lake in the Hills,60156 1093,McHenry,11,1,NA,0,0,NA,NA
chester elem school,650 Opdyke St,Chester,62233 1419,Randolph,12,1,NA,0,0,NA,NA
chester high school,1901 Swanwick St,Chester,62233 1128,Randolph,12,1,NA,0,0,NA,NA
chester east lincoln elem school,1300 1500th St,Lincoln,62656 5127,Logan,15,1,1,0,0,NA,NA
chicago academy elem school,3400 N Austin Ave,Chicago,60634 4229,Cook,03,1,1,0,0,NA,NA
chicago academy high school,3400 N Austin Ave,Chicago,60634 4229,Cook,03,1,1,1,1,0,0
chicago collegiate charter school,11816 S Indiana Ave,Chicago,60628 6227,Cook,02,1,1,0,0,NA,NA
chicago excel academy hs,1257 W 111th St,Chicago,60643 4509,Cook,NA,1,1,0,0,NA,NA
chicago heights middle school,1020 Dixie Hwy,Chicago Hts,60411,Cook,02,1,NA,0,0,NA,NA
chicago hs for agricult sciences,3857 W 111th St,Chicago,60655 4009,Cook,01,1,1,0,0,NA,NA
chicago hs for the arts,2714 W Augusta Blvd,Chicago,60622 4459,Cook,03,1,1,0,0,NA,NA
chicago math and sci elem charter,7212 N Clark St,Chicago,60626 2416,Cook,09,1,1,0,0,NA,NA
chicago military academy hs,3519 S Giles Ave,Chicago,60653 1105,Cook,01,1,1,0,0,NA,NA
chicago technology academy hs,1301 W 14th St,Chicago,60608 1409,Cook,07,1,1,0,0,NA,NA
chicago vocational career acad hs,2100 E 87th St,Chicago,60617 3011,Cook,01,1,1,0,0,NA,NA
chicago world language academy,1340 W Harrison St,Chicago,60607 3317,Cook,07,1,1,0,0,NA,NA
chiddix jr high school,300 S Walnut St,Normal,61761 3025,McLean,17,1,NA,0,0,NA,NA
child service center preschool,1480 Reckinger Rd,Aurora,60505 1624,Kane,11,1,NA,0,0,NA,NA
childs elem school,14123 S Lydia Ave,Robbins,60472 2255,Cook,01,1,1,0,0,NA,NA
chillicothe elementary center,914 W Truitt Ave,Chillicothe,61523 1417,Peoria,16,1,NA,0,0,NA,NA
chillicothe jr high,914 W Truitt Ave,Chillicothe,61523 1417,Peoria,16,1,NA,0,0,NA,NA
chippewa elem school,12425 S Austin Ave,Palos Heights,60463 1895,Cook,06,1,NA,0,0,NA,NA
chippewa middle school,123 N 8th Ave,Des Plaines,60016 2145,Cook,05,1,1,0,0,NA,NA
chopin elem school,2450 W Rice St,Chicago,60622 4612,Cook,03,1,1,1,1,1,1
chrisman elem school,111 N Pennsylvania St,Chrisman,61924 1238,Edgar,15,1,1,0,0,NA,NA
chrisman high school,23231 IL Highway 1,Chrisman,61924 7801,Edgar,15,1,1,1,1,0,0
chrisman scottland jr high school,23231 IL Highway 1,Chrisman,61924 7801,Edgar,15,1,1,0,0,NA,NA
christa mcauliffe school,8944 174th St,Tinley Park,60487 7307,Cook,06,1,1,0,0,NA,NA
christopher elem school,5042 S Artesian Ave,Chicago,60632 1414,Cook,04,1,1,0,0,NA,NA
christopher elem school,501 S Snider St,Christopher,62822 1360,Franklin,12,1,NA,0,0,NA,NA
christopher high,1 Bearcat Dr,Christopher,62822 1099,Franklin,12,1,NA,0,0,NA,NA
christopher house chrt es,5235 W Belden St,Chicago,60639 3001,Cook,03,1,1,0,0,NA,NA
churchill elem school,23W240 Geneva Rd,Glen Ellyn,60137 3742,Dupage,03,1,NA,0,0,NA,NA
churchill elem school,520 Secretariat Ln,Oswego,60543 5206,Kendall,14,1,1,2,1,2,1
churchville middle school,155 E Victory Pkwy,Elmhurst,60126 1215,Dupage,06,1,1,0,0,NA,NA
chute middle school,1400 Oakton St,Evanston,60202 2721,Cook,09,1,NA,0,0,NA,NA
cicero east elem school,2324 S 49Th Ave,Cicero,60804 2447,Cook,04,1,1,0,0,NA,NA
cicero west elementary school,4937 W 23rd St,Cicero,60804 2433,Cook,04,1,1,1,1,0,0
cics avalon south shore,1501 E 83rd Pl,Chicago,60619 6501,Cook,01,1,1,0,0,NA,NA
cics basil campus,1816 W Garfield Blvd,Chicago,60609 5606,Cook,07,1,1,0,0,NA,NA
cics bond campus,13300 S Langley Ave,Chicago,60827 1396,Cook,02,1,1,1,1,0,0
cics bucktown campus,2235 N Hamilton Ave,Chicago,60647 3303,Cook,05,1,1,0,0,NA,NA
cics irving park campus,3820 N Spaulding Ave,Chicago,60618 4413,Cook,03,1,1,0,0,NA,NA
cics longwood campus,1309 W 95th St,Chicago,60643,Cook,01,1,1,2,1,0,0
cics loomis primary campus,9535 S Loomis St,Chicago,60643 1374,Cook,01,1,1,0,0,NA,NA
cics northtown campus,3900 W Peterson Ave,Chicago,60659,Cook,05,1,1,0,0,NA,NA
cics prairie campus,11530 S Prairie Ave,Chicago,60628 5612,Cook,02,1,1,5,1,4,0.8
cics ralph ellison campus,1817 W 80th St,Chicago,60620 4557,Cook,01,1,1,0,0,NA,NA
cics washington pk campus,110 E 61st St,Chicago,60637 2116,Cook,07,1,1,0,0,NA,NA
cics west belden campus,2245 N McVicker Ave,Chicago,60639,Cook,03,1,1,0,0,NA,NA
cics wrightwood,8130 S California Ave,Chicago,60652 2716,Cook,01,1,1,0,0,NA,NA
circle center grade school,901 Mill St,Yorkville,60560 1729,Kendall,14,1,NA,0,0,NA,NA
circuit breaker school,2233 6th St Ste 1,Peru,61354 2516,La Salle,NA,0,NA,0,0,NA,NA
cisne high school,1456 US Highway 45,Cisne,62823 9062,Wayne,12,1,NA,0,0,NA,NA
cisne middle school,206 Mulberry St,Cisne,62823 0069,Wayne,12,1,NA,0,0,NA,NA
cissna park elementary school,511 N 2nd St,Cissna Park,60924 9734,Iroquois,02,1,NA,0,0,NA,NA
cissna park jr high school,511 N 2nd St,Cissna Park,60924 9734,Iroquois,02,1,NA,0,0,NA,NA
cissna park sr high school,511 N 2nd St,Cissna Park,60924 9734,Iroquois,02,1,NA,0,0,NA,NA
civic memorial high school,200 School St,Bethalto,62010 1046,Madison,13,1,1,1,1,1,1
clara peterson elem school,580 E Franklin St,Paxton,60957 0050,Ford,02,1,NA,0,0,NA,NA
claremont academy elem school,2300 W 64th St,Chicago,60636 2458,Cook,NA,1,1,1,1,1,1
clarence e culver school,6901 W Oakton St,Niles,60714 3024,Cook,09,1,1,2,1,0,0
clarendon hills middle school,301 Chicago Ave,Clarendon Hills,60514 1186,Dupage,06,1,1,1,1,0,0
clark acad prep magnet high schl,5101 W Harrison St,Chicago,60644 5102,Cook,07,1,1,4,1,4,1
clark elementary school,464 Oak Grove Ave,South Beloit,61080 1967,Winnebago,16,1,1,0,0,NA,NA
clark g r elem school,1045 S Monitor Ave,Chicago,60644 5434,Cook,07,1,1,0,0,NA,NA
clay academy,112 Grove St,Woodstock,60098 3324,McHenry,11,1,NA,0,0,NA,NA
clay city elem school,"607 South Walnut, S. E.",Clay City,62824 0542,Clay,12,1,1,0,0,NA,NA
clay city high school,607 S Walnut S. E.,Clay City,62824 0542,Clay,12,1,1,0,0,NA,NA
clay city jr high school,607 S Walnut S. E.,Clay City,62824 0542,Clay,12,1,1,0,0,NA,NA
clay elem school,13231 S Burley Ave,Chicago,60633 1492,Cook,02,1,1,1,1,0,0
clay cwford jsper lwrnce rhland,300 W Main St Ste 307,Robinson,62454 2038,N/A,NA,0,NA,0,0,NA,NA
clay jasper richland n wayne rds,600 S Locust St,Flora,62839 2174,Clay,NA,0,NA,0,0,NA,NA
clearmont elem school,280 Clearmont Dr,Elk Grove Village,60007 4006,Cook,08,1,1,0,0,NA,NA
clearview elem school,1700 Delaware Rd,Waukegan,60087 4622,Lake,10,1,1,0,0,NA,NA
clemente community academy hs,1147 N Western Ave,Chicago,60622 2931,Cook,07,1,1,1,1,1,1
cleveland elem school,3121 W Byron St,Chicago,60618 3403,Cook,03,1,1,0,0,NA,NA
clifford crone middle school,4020 111th St,Naperville,60564 5027,Dupage,14,1,1,3,1,2,0.666666666666667
clifford johnson school,2S700 Continental Dr,Warrenville,60555 1456,Dupage,03,1,1,0,0,NA,NA
clifford p carlson elem school,4015 Pepper Dr,Rockford,61114 5280,Winnebago,17,1,NA,0,0,NA,NA
clintn jeffrsn marin washngtn roe,1710 Broadway St,Mount Vernon,62864 2930,N/A,NA,0,NA,0,0,NA,NA
clinton elem school,6110 N Fairfield Ave,Chicago,60659 2647,Cook,09,1,1,0,0,NA,NA
clinton elem school,680 Illini Dr,Clinton,61727 2289,Dewitt,15,1,1,2,1,2,1
clinton elem school,770 Mill St,South Elgin,60177 1743,Kane,08,1,NA,0,0,NA,NA
clinton high school,1200 State Route 54 W,Clinton,61727 2161,Dewitt,15,1,1,1,1,0,0
clinton jr high school,701 Illini Dr,Clinton,61727 2285,Dewitt,15,1,1,0,0,NA,NA
clinton rosette middle school,650 N 1st St,DeKalb,60115 3154,Dekalb,14,1,1,26,1,26,1
clissold elem school,2350 W 110th Pl,Chicago,60643 3993,Cook,01,1,1,0,0,NA,NA
clk cls cmbn dglas edgr mltr shlb,730 7th St,Charleston,61920 2101,N/A,NA,0,NA,0,0,NA,NA
clnton mrn wshngtn pre kind prog,1710 Broadway St,Mount Vernon,62864 2930,N/A,NA,1,NA,0,0,NA,NA
cloverdale elem school,1182 Merbach Dr,Carol Stream,60188 4730,Dupage,08,1,1,16,1,13,0.8125
coal city early childhood center,755 S Carbon Hill Rd,Coal City,60416 9527,Grundy,16,1,1,1,1,0,0
coal city elem school,300 N Broadway St,Coal City,60416 1043,Grundy,16,1,1,0,0,NA,NA
coal city high school,655 W Division St,Coal City,60416 1454,Grundy,16,1,NA,0,0,NA,NA
coal city intermediate school,305 E Division St,Coal City,60416 1612,Grundy,16,1,NA,0,0,NA,NA
coal city middle school,500 S Carbon Hill Rd,Coal City,60416 9526,Grundy,16,1,NA,0,0,NA,NA
cobden elem school,413 N Appleknocker St,Cobden,62920 2121,Union,12,1,1,0,0,NA,NA
cobden high school,413 N Appleknocker St,Cobden,62920 2121,Union,12,1,1,0,0,NA,NA
cobden jr high school,413 N Appleknocker St,Cobden,62920 2121,Union,12,1,1,0,0,NA,NA
coffeen early childhood center,200 School St,Coffeen,62017 1235,Montgomery,15,1,NA,0,0,NA,NA
coleman elem school,1220 Dundee Ave,Elgin,60120 2214,Kane,08,1,NA,0,0,NA,NA
colemon j elem academy,1441 W 119th St,Chicago,60643 5094,Cook,01,1,1,4,1,4,1
colene hoose elem school,600 Grandview Dr,Normal,61761 4058,McLean,17,1,NA,0,0,NA,NA
coles elem language academy,8441 S Yates Blvd,Chicago,60617 1995,Cook,01,1,1,1,1,1,1
colin powell middle sch,20600 Matteson Ave,Matteson,60443 2920,Cook,02,1,NA,0,0,NA,NA
collins academy high school,1313 S Sacramento Dr,Chicago,60623 2218,Cook,NA,1,1,2,1,2,1
collinsville area career ctr,2201 S Morrison Ave,Collinsville,62234 1449,Madison,NA,0,NA,0,0,NA,NA
collinsville high school,2201 S Morrison Ave,Collinsville,62234 1449,Madison,13,1,NA,0,0,NA,NA
collinsville middle school,9649 Collinsville Rd,Collinsville,62234 1876,Madison,13,1,NA,0,0,NA,NA
colona grade school,700 1st St,Colona,61241 9028,Henry,17,1,1,0,0,NA,NA
colonel george iles elementary school,3111 N 12th St,Quincy,62305,Adams,15,1,1,1,1,0,0
columbia central school,94 Richton Rd,Steger,60475 1821,Cook,02,1,1,0,0,NA,NA
columbia explorers elem academy,4520 S Kedzie Ave,Chicago,60632 2904,Cook,04,1,1,0,0,NA,NA
columbia high school,77 Veterans Pkwy,Columbia,62236 1147,Monroe,12,1,1,0,0,NA,NA
columbia middle school,100 Eagle Dr,Columbia,62236 1154,Monroe,12,1,1,0,0,NA,NA
columbus east elem school,3100 S 54th Ave,Cicero,60804 3953,Cook,04,1,1,1,1,0,0
columbus elem school,1003 N Leavitt St,Chicago,60622 3522,Cook,NA,1,1,0,0,NA,NA
columbus elem school,315 N Kansas St,Edwardsville,62025 1735,Madison,13,1,NA,0,0,NA,NA
columbus manor elem school,9700 Mayfield Ave,Oak Lawn,60453 3638,Cook,06,1,1,0,0,NA,NA
columbus west elementary school,5425 W 31st St,Cicero,60804 3989,Cook,04,1,1,4,1,2,0.5
comm h s dist 99 north h s,4436 Main St,Downers Grove,60515 2867,Dupage,06,1,1,0,0,NA,NA
comm h s dist 99 south high sch,1436 Norfolk St,Downers Grove,60516 2632,Dupage,06,1,1,0,0,NA,NA
communication dev program,6020 151St St,Oak Forest,60452 1841,Cook,06,0,NA,0,0,NA,NA
communication development,306 East 144th Street,Dolton,60419,Cook County,NA,1,NA,0,0,NA,NA
communication development cd,350 W 154Th St,South Holland,60473 1229,Cook,02,1,1,0,0,NA,NA
community cons school,6067 State Route 154,Pinckneyville,62274 3414,Perry,12,1,NA,0,0,NA,NA
compass academy,305 S 9Th St,St Charles,60174 2667,Kane,08,0,NA,0,0,NA,NA
concord elem school,1019 Concord Pl,Darien,60561 5124,Dupage,06,1,1,6,1,4,0.666666666666667
congerville elem school,310 E Kauffman St,Congerville,61729 9600,Woodford,16,1,1,0,0,NA,NA
congress park elem school,9311 Shields Ave,Brookfield,60513 1825,Cook,04,1,NA,0,0,NA,NA
conklin elem school,3003 Halsted Rd,Rockford,61101 2705,Winnebago,17,1,NA,0,0,NA,NA
conley elementary school,750 Dr John Burkey Dr,Algonquin,60102 4422,McHenry,11,1,NA,0,0,NA,NA
connor shaw center,212 W Wilson St,Peotone,60468 9205,Will,02,1,1,0,0,NA,NA
conrad fischer elem school,888 N Wilson St,Elmhurst,60126 1376,Dupage,06,1,1,0,0,NA,NA
constance lane elementary school,620 Gregory St,Rockford,61104 4636,Winnebago,17,1,NA,0,0,NA,NA
cook co juvenile detention ctr jefferson alt hs,1100 S Hamilton Ave,Chicago,60612 4207,Cook,07,0,NA,0,0,NA,NA
cook co juvenile detention ctr york alternative hs,2700 S California Ave,Chicago,60608 5108,Cook,04,0,NA,0,0,NA,NA
cook elem school,8150 S Bishop St,Chicago,60620 3854,Cook,01,1,1,0,0,NA,NA
coolidge elementary school,17845 Henry St,Lansing,60438 2357,Cook,02,1,1,0,0,NA,NA
coolidge junior high sch,3231 Nameoki Rd,Granite City,62040 5001,Madison,13,1,1,7,1,6,0.857142857142857
coolidge middle school,15500 7th Ave,Phoenix,60426 2566,Cook,02,1,NA,0,0,NA,NA
coolidge rssp,3428 Avenue of The Cities,Moline,61265 4417,N/A,NA,0,NA,0,0,NA,NA
coonley elem school,4046 N Leavitt St,Chicago,60618 2922,Cook,05,1,1,0,0,NA,NA
cooper elem dual language academy,1624 W 19th St,Chicago,60608 2902,Cook,04,1,1,1,1,1,1
cooper middle school,1050 Plum Grove Cir,Buffalo Grove,60089 1911,Cook,05,1,1,1,1,1,1
cope alternative school,1725B Shomaker Dr,Murphysboro,62966 2507,N/A,NA,1,NA,0,0,NA,NA
copeland manor elem school,801 7th Ave,Libertyville,60048 3315,Lake,10,1,NA,0,0,NA,NA
coretta scott king magnet sch,1009 Blackhawk Dr,University Park,60484 3248,Will,02,1,1,0,0,NA,NA
corkery elem school,2510 S Kildare Ave,Chicago,60623 3660,Cook,04,1,1,4,1,3,0.75
corliss high school,821 E 103rd St,Chicago,60628 3003,Cook,02,1,1,3,1,2,0.666666666666667
cornell elem school,300 N 7th St,Cornell,61319 9282,Livingston,16,1,NA,0,0,NA,NA
corron elementary school,455 Thornwood Way,South Elgin,60177 2222,Kane,08,1,1,1,1,1,1
cortland elementary school,370 E Lexington Ave,Cortland,60112 4417,Dekalb,14,1,1,3,1,3,1
cossitt ave elem school,115 W Cossitt Ave,La Grange,60525 2331,Cook,04,1,NA,0,0,NA,NA
costello school,4632 Clyde Ave,Lyons,60534 1758,Cook,04,1,1,0,0,NA,NA
cottage grove upper grade center,800 E 14th St,Ford Heights,60411 2085,Cook,02,1,1,2,1,1,0.5
cotton creek school,545 Newport Ct,Island Lake,60042 9137,Lake,11,1,1,0,0,NA,NA
coulterville elementary school,101 W Grant St,Coulterville,62237 0396,Randolph,12,1,NA,0,0,NA,NA
coulterville high school,101 W Grant St,Coulterville,62237 0396,Randolph,12,1,NA,0,0,NA,NA
coulterville junior high school,101 W Grant St,Coulterville,62237 0396,Randolph,12,1,NA,0,0,NA,NA
country meadows elem school,6360 Gilmer Rd,Long Grove,60047 5171,Lake,09,1,1,0,0,NA,NA
country trails elem,3701 Highland Woods Blvd,Elgin,60124 7879,Kane,11,1,NA,0,0,NA,NA
countryside elem school,205 W County Line Rd,Barrington,60010 4055,Lake,05,1,1,0,0,NA,NA
courtenay elem language arts ctr,4420 N Beacon St,Chicago,60640 5732,Cook,09,1,1,2,1,1,0.5
coventry elem school,820 Darlington Ln,Crystal Lake,60014 7883,McHenry,09,1,1,0,0,NA,NA
cowden herrick grade school,301 N Broadway St,Herrick,62431 1001,Shelby,15,1,NA,0,0,NA,NA
cowden herrick jr sr high school,633 County Highway 22,Cowden,62422 4104,Shelby,15,1,NA,0,0,NA,NA
crab orchard elementary school,19189 Bailey St,Marion,62959 7355,Williamson,12,1,NA,0,0,NA,NA
crab orchard high school,19189 Bailey St,Marion,62959 7355,Williamson,12,1,NA,0,0,NA,NA
crane medical prep hs,2245 W Jackson Blvd,Chicago,60612 2910,Cook,07,1,1,0,0,NA,NA
creative center for children,300 S Eads Ave,Paris,61944 1938,Edgar,15,1,NA,0,0,NA,NA
creative communications acad,1650 Pulaski Rd,Calumet City,60409 3828,Cook,02,1,1,0,0,NA,NA
creekside elem,655 N Airlite St,Elgin,60123 2683,Kane,08,1,NA,0,0,NA,NA
creekside elementary school,13909 S Budler Rd,Plainfield,60544 2460,Will,14,1,1,2,1,2,1
creekside middle school,3201 Hercules Rd,Woodstock,60098 6700,McHenry,11,1,NA,0,0,NA,NA
crescent city grade school,600 South St,Crescent City,60928 0190,Iroquois,02,1,NA,0,0,NA,NA
creston elem school,202 W South St,Creston,60113 0037,Ogle,16,1,NA,0,0,NA,NA
crestwood elem school,15601 US Highway 150,Paris,61944 6071,Edgar,15,1,NA,0,0,NA,NA
crestwood jr high school,15601 US Highway 150,Paris,61944 6071,Edgar,15,1,NA,0,0,NA,NA
crete elementary school,435 North St,Crete,60417 2258,Will,02,1,1,0,0,NA,NA
crete monee early childhood cntr,1500 S Sangamon St,Crete,60417 2831,Will,02,1,1,0,0,NA,NA
crete monee high school,1515 W Exchange St,Crete,60417 9601,Will,02,1,1,0,0,NA,NA
crete monee middle school,635 Olmstead Ln,University Park,60484 3311,Will,02,1,1,0,0,NA,NA
crosby elem sch,401 Hereley Dr,Harvard,60033 8370,McHenry,16,1,1,0,0,NA,NA
crossroad learning center,30 N Central Park Plz,Jacksonville,62650 2024,Morgan,15,1,NA,0,0,NA,NA
crow island elem school,1112 Willow Rd,Winnetka,60093 3645,Cook,10,1,NA,0,0,NA,NA
crown elem comm acd fine arts ctr,2128 S Saint Louis Ave,Chicago,60623 3121,Cook,07,1,1,2,1,1,0.5
crystal lake central high school,45 W Franklin Ave,Crystal Lake,60014 6160,McHenry,09,1,1,2,1,1,0.5
crystal lake south high school,1200 S McHenry Ave,Crystal Lake,60014 7495,McHenry,09,1,1,1,1,0,0
crystal lawns elem school,2544 Crystal Dr,Joliet,60435 1402,Will,14,1,1,4,1,3,0.75
cuba elem school,652 East Main,Cuba,61427 0080,Fulton,17,1,NA,0,0,NA,NA
cuba middle school,20325 N State Route 97,Cuba,61427 9773,Fulton,17,1,NA,0,0,NA,NA
cuba sr high school,20325 N State Route 97,Cuba,61427 9773,Fulton,17,1,NA,0,0,NA,NA
cuffe math sci tech elem academy,8324 S Racine Ave,Chicago,60620 3118,Cook,01,1,1,9,1,8,0.888888888888889
cullen elem school,10650 S Eberhart Ave,Chicago,60628 2954,Cook,02,1,1,0,0,NA,NA
cumberland elem school,700 E Golf Rd,Des Plaines,60016 2311,Cook,05,1,1,0,0,NA,NA
cumberland elem school,1496 Illinois Route 121,Toledo,62468 4214,Cumberland,12,1,NA,0,0,NA,NA
cumberland high school,1496 Illinois Route 121,Toledo,62468 4214,Cumberland,12,1,NA,0,0,NA,NA
cumberland middle school,1496 Illinois Route 121,Toledo,62468 4214,Cumberland,12,1,NA,0,0,NA,NA
curie metropolitan high school,4959 S Archer Ave,Chicago,60632 3622,Cook,04,1,1,2,1,1,0.5
currier elementary school,800 Garys Mill Rd,West Chicago,60185 4100,Dupage,03,1,NA,0,0,NA,NA
curtis elem school,32 E 115th St,Chicago,60628 5510,Cook,02,1,1,1,1,0,0
cyd lash academy,18042 W Gages Lake Rd,Gages Lake,60030 2839,Lake,10,0,1,0,0,NA,NA
cypress elem school,4580 Mount Pisgah Rd,Cypress,62923 2139,Johnson,12,1,NA,0,0,NA,NA
dahlgren elem school,5th and Dale St,Dahlgren,62828 0070,Hamilton,12,1,1,0,0,NA,NA
daisy bates academy of social justice,8546 S Cregier Ave,Chicago,60617 2296,Cook,01,1,NA,0,0,NA,NA
dakota elementary school,400 Campus Dr,Dakota,61018 9803,Stephenson,16,1,NA,0,0,NA,NA
dakota jr sr high school,300 Campus Dr,Dakota,61018 9802,Stephenson,16,1,NA,0,0,NA,NA
daley elem academy,5024 S Wolcott Ave,Chicago,60609 4856,Cook,04,1,1,0,0,NA,NA
dallas city elem school,921 Creamery Hill Rd,Dallas City,62330 1216,Hancock,15,1,NA,0,0,NA,NA
dalzell grade school,307 Chestnut St,Dalzell,61320 9717,Bureau,14,1,NA,0,0,NA,NA
damiansville elem school,101 E Main St,Damiansville,62215 1303,Clinton,12,1,NA,0,0,NA,NA
dan h pietrini elem school,9750 Fullerton Ave,Franklin Park,60131 3207,Cook,04,1,1,0,0,NA,NA
daniel burnham elem school,5900 W 14Th St,Cicero,60804 1052,Cook,04,1,1,1,1,1,1
daniel wright jr high school,1370 N Riverwoods Rd,Lincolnshire,60069 2402,Lake,10,1,NA,0,0,NA,NA
danielle joy peterson elem sch,4008 Chinaberry Ln,Naperville,60564 1131,Dupage,14,1,1,0,0,NA,NA
danville high school,202 E Fairchild St,Danville,61832 3114,Vermilion,02,1,NA,0,0,NA,NA
darwin elem school,3116 W Belden Ave,Chicago,60647 2806,Cook,03,1,1,1,1,0,0
davenport elem school,301 S Main St,Eureka,61530 1311,Woodford,16,1,1,0,0,NA,NA
davie elem school,301 S Green St,Anna,62906 1126,Union,12,1,1,0,0,NA,NA
davis m magnet elem school,6740 S Paulina St,Chicago,60636 3307,Cook,07,1,1,1,1,0,0
davis n elem school,3014 W 39th Pl,Chicago,60632 2402,Cook,04,1,1,0,0,NA,NA
davis primary school,1125 S 7th St,Saint Charles,60174 3853,Kane,NA,1,NA,0,0,NA,NA
dawes elem school,3810 W 81st Pl,Chicago,60652 2400,Cook,01,1,1,0,0,NA,NA
dawes elementary school,440 Dodge Ave,Evanston,60202 3254,Cook,09,1,NA,0,0,NA,NA
dawn elser elementary school,309 Hartman Ln,O Fallon,62269 1725,Saint Clair,13,1,1,0,0,NA,NA
day treatment,1419 S Folkers Ave,Peoria,61605 1391,Peoria,17,0,1,0,0,NA,NA
dd eisenhower high sch campus,12700 Sacramento Ave,Blue Island,60406 1822,Cook,01,1,1,0,0,NA,NA
de diego elem community academy,1313 N Claremont Ave,Chicago,60622 2910,Cook,07,1,1,3,1,2,0.666666666666667
de kalb roe,2500 N Annie Glidden Rd Ste C,Dekalb,60115 1310,N/A,NA,0,NA,0,0,NA,NA
deaf and hard of hearing dhh,350 W 154Th St,South Holland,60473 1229,Cook,02,1,NA,0,0,NA,NA
deaf hard of hearing program,6020 151St St,Oak Forest,60452 1841,Cook,06,0,NA,0,0,NA,NA
deaf hard of hearing programs,2900 Ogden Ave,Lisle,60532 1631,Dupage,11,0,NA,0,0,NA,NA
dean street elem school,600 Dean St,Woodstock,60098 3817,McHenry,11,1,NA,0,0,NA,NA
decatur classical elem school,7030 N Sacramento Ave,Chicago,60645 2848,Cook,09,1,1,0,0,NA,NA
dee mack high school,401 E Fifth St,Mackinaw,61755 7623,Tazewell,16,1,1,0,0,NA,NA
dee mack intermediate school,506 N Logan St,Deer Creek,61733 9359,Tazewell,16,1,1,0,0,NA,NA
dee mack primary jr high,102 E Fifth St,Mackinaw,61755 7529,Tazewell,16,1,1,2,1,1,0.5
deer park c c elem school,2350 E 1025th Rd,Ottawa,61350 9253,La Salle,16,1,NA,0,0,NA,NA
deer path elem school,2211 Crystal Lake Rd,Cary,60013 1470,McHenry,09,1,NA,0,0,NA,NA
deer path middle sch east,300 S Waukegan Rd,Lake Forest,60045 2643,Lake,10,1,1,0,0,NA,NA
deer path middle sch west,300 S Waukegan Rd,Lake Forest,60045 2643,Lake,10,1,1,0,0,NA,NA
deerfield high school,1959 Waukegan Rd,Deerfield,60015 1840,Lake,10,1,1,0,0,NA,NA
dekalb early learning and development center,1515 S 4th St,Dekalb,60115 4656,Dekalb,14,1,1,0,0,NA,NA
dekalb high school,501 W Dresser Rd,Dekalb,60115 8227,Dekalb,14,1,1,0,0,NA,NA
delabar cte system,105 N E St Ste 1,Monmouth,61462 1667,Warren,NA,0,NA,0,0,NA,NA
delacey family educ ctr,50 Cleveland Ave,Carpentersville,60110 3007,Kane,08,1,NA,0,0,NA,NA
deland weldon elem school,2311 N 300 East Rd,Weldon,61882 8902,Piatt,15,1,NA,0,0,NA,NA
deland weldon high school,304 E IL Route 10,De Land,61839 7020,Piatt,15,1,NA,0,0,NA,NA
deland weldon middle school,2311 N 300 East Rd,Weldon,61882 8902,Piatt,15,1,NA,0,0,NA,NA
delavan elementary school,907 Locust St,Delavan,61734 9327,Tazewell,17,1,1,1,1,1,1
delavan high school,907 Locust St,Delavan,61734 9327,Tazewell,17,1,1,0,0,NA,NA
delavan jr high school,907 Locust St,Delavan,61734 9327,Tazewell,17,1,1,0,0,NA,NA
delores moye elem school,1010 Moye School Rd,O Fallon,62269 6841,Saint Clair,12,1,1,6,1,5,0.833333333333333
delta academy and achieve,16333 Kilbourne Ave,Oak Forest,60452 4601,Cook,01,1,NA,0,0,NA,NA
delta learning center,3940 W 137th St,Robbins,60472 1539,Cook,01,1,NA,0,0,NA,NA
deneen elem school,7240 S Wabash Ave,Chicago,60619 1092,Cook,01,1,1,0,0,NA,NA
denkmann elem school,4101 22nd Ave,Rock Island,61201 4932,Rock Island,17,1,1,0,0,NA,NA
denning elementary school,1401 W 6th St,West Frankfort,62896 1800,Franklin,12,1,NA,0,0,NA,NA
dennis lab school,300 Meadow Terrace Pl,Decatur,62521 5252,Macon,15,1,1,0,0,NA,NA
depriest elem school,139 S Parkside Ave,Chicago,60644 3944,Cook,07,1,1,2,1,1,0.5
dept of human services,100 South Grand Ave E,Springfield,62794 9429,State Of Illinois,NA,0,NA,0,0,NA,NA
depue elem school,204 Pleasant St,DePue,61322 0800,Bureau,14,1,1,0,0,NA,NA
depue high school,204 Pleasant,DePue,61322 0800,Bureau,14,1,1,0,0,NA,NA
des plaines valley efe,2000 5th Ave M100,River Grove,60171 1907,Cook,NA,0,NA,0,0,NA,NA
desoto elementary school,311 Hurst Rd,De Soto,62924 1228,Jackson,12,1,NA,0,0,NA,NA
destiny program,6020 151St St,Oak Forest,60452 1841,Cook,06,0,NA,0,0,NA,NA
dett elem school,2131 W Monroe St,Chicago,60612 3014,Cook,07,1,1,0,0,NA,NA
developmental learning pgm dlp,14801 Turner Ave,Midlothian,60445 3628,Cook,01,0,NA,0,0,NA,NA
dever elem school,3436 N Osceola Ave,Chicago,60634 3344,Cook,03,1,1,0,0,NA,NA
devonshire elem school,9040 Kostner Ave,Skokie,60076 1657,Cook,09,1,NA,0,0,NA,NA
devonshire school,1401 Pennsylvania Ave,Des Plaines,60018 1120,Cook,08,1,1,0,0,NA,NA
devry advantage academy high schl,1900 W Lawrence Ave,Chicago,60640 4003,Cook,05,1,1,1,1,1,1
dewey elem academy of fine arts,5415 S Union Ave,Chicago,60609 5244,Cook,07,1,1,0,0,NA,NA
dewey elem school,1551 Wesley Ave,Evanston,60201 4121,Cook,09,1,NA,0,0,NA,NA
dewitt livingstn logan mclean roe,201 E Grove St Ste 300,Bloomington,61701 7628,N/A,NA,0,NA,0,0,NA,NA
diamond lake school,25807 N Diamond Lake Rd,Mundelein,60060 9415,Lake,10,1,NA,0,0,NA,NA
diekman elem school,15121 Dorchester Ave,Dolton,60419 2941,Cook,02,1,1,0,0,NA,NA
dieterich elem school,205 S Pine St,Dieterich,62424 0187,Effingham,12,1,NA,0,0,NA,NA
dieterich jr sr high school,108 W Church St,Dieterich,62424 0187,Effingham,12,1,1,0,0,NA,NA
dillon elementary school,1901 8th Ave,Rock Falls,61071 2967,Whiteside,17,1,1,1,1,1,1
dimmick comm cons sd 175,297 N 33rd Rd,La Salle,61301 9728,La Salle,14,1,NA,0,0,NA,NA
diploma degree north campus,5407 N University St,Peoria,61614 6301,Peoria,NA,0,NA,0,0,NA,NA
directions program,6S331 Cornwall Rd,Naperville,60540 3635,Dupage,NA,0,NA,0,0,NA,NA
dirksen elem school,8601 W Foster Ave,Chicago,60656 2721,Cook,08,1,1,0,0,NA,NA
dirksen elementary school,1000 Koch St,Pekin,61554 5885,Tazewell,16,1,NA,0,0,NA,NA
dirksen junior high school,203 S Midland Ave,Joliet,60436 1305,Will,14,1,NA,0,0,NA,NA
disney elem magnet school,4140 N Marine Dr,Chicago,60613 2311,Cook,09,1,1,0,0,NA,NA
disney ii elem school,3815 N Kedvale Ave,Chicago,60641 3113,Cook,05,1,1,1,1,1,1
disney ii magnet hs,3900 N Lawndale Ave,Chicago,60618 3108,Cook,03,1,1,3,1,2,0.666666666666667
dist 206 alternative high school,100 W 10th St,Chicago Heights,60411 2002,Cook,02,1,NA,0,0,NA,NA
district 126 early childhood center,12250 S Orchard Ave,Alsip,60803,Cook,06,1,1,0,0,NA,NA
transition pathways high school,904 S Milwaukee Ave Ste B,Libertyville,60048 3215,Lake,10,0,NA,0,0,NA,NA
district 158 early childhood center,10910 Reed Rd,Lk In The Hls,60156 1093,McHenry,11,1,NA,0,0,NA,NA
district 45 early childhood center,251 W Jackson St,Villa Park,60181,Dupage,06,1,1,0,0,NA,NA
district 45 early education center,251 W Jackson St,Villa Park,60181,Dupage,06,0,NA,0,0,NA,NA
district 7 alternative school,6148 Center Grove Rd,Edwardsville,62025 3308,Madison,13,0,NA,0,0,NA,NA
district 99 early childhood center,5330 W 35th St,Cicero,60804 4409,Cook,04,1,1,0,0,NA,NA
dixon elem school,8306 S Saint Lawrence Ave,Chicago,60619 5791,Cook,01,1,1,0,0,NA,NA
dixon high school,300 Lincoln Statue Dr,Dixon,61021 2030,Lee,16,1,1,0,0,NA,NA
dolan ctr maryville farm campus,10104 Farm School Rd,Durand,61024 9725,Winnebago,16,1,NA,0,0,NA,NA
don d shute elem school,300 Briarbrook Dr,East Peoria,61611 4435,Tazewell,16,1,NA,0,0,NA,NA
donald c parker early educ center,808 Harlem Rd,Machesney Park,61115 2514,Winnebago,16,1,NA,0,0,NA,NA
dongola elementary school,1000 High St,Dongola,62926 0190,Union,12,1,1,0,0,NA,NA
dongola high school,1000 High St,Dongola,62926 0190,Union,12,1,1,0,0,NA,NA
dongola jr high school,1000 High St,Dongola,62926 0190,Union,12,1,1,0,0,NA,NA
donovan elem school,2561 E US Highway 52,Donovan,60931 8060,Iroquois,02,1,NA,0,0,NA,NA
donovan jr high school,600 North St,Donovan,60931 0186,Iroquois,02,1,NA,0,0,NA,NA
donovan sr high school,600 North St,Donovan,60931 0186,Iroquois,02,1,NA,0,0,NA,NA
dore elem school,7134 W 65Th St,Chicago,60638 4604,Cook,06,1,1,0,0,NA,NA
dorn elementary school,7840 W 92nd St,Hickory Hills,60457 2012,Cook,06,1,1,0,0,NA,NA
dorothy simon elem school,309 S Benton St,Winnebago,61088 9576,Winnebago,17,1,1,0,0,NA,NA
dorris intermediate sch,1841 Vandalia St,Collinsville,62234 4854,Madison,13,1,NA,0,0,NA,NA
douglas elem school,905 E Main St,Clinton,61727 1804,Dewitt,15,1,1,0,0,NA,NA
douglas elem school,125 Carlyle Ave,Belleville,62220 3905,Saint Clair,13,1,NA,0,0,NA,NA
douglas elementary school,220 E Lasalle St,Princeton,61356 1443,Bureau,16,1,1,0,0,NA,NA
douglas school,444 W Reynolds St,Springfield,62702 5028,Sangamon,13,1,NA,0,0,NA,NA
douglass academy high school,543 N Waller Ave,Chicago,60644 1451,Cook,07,1,1,0,0,NA,NA
dr andy hall early educ ctr,301 S 17th St,Mount Vernon,62864 4405,Jefferson,12,1,NA,0,0,NA,NA
dr bessie rhodes sch global studies,3701 Davis St,Skokie,60076 1744,Cook,09,1,NA,0,0,NA,NA
dr donald wharton elem school,7555 W 64th St,Summit,60501 1925,Cook,04,1,1,15,1,13,0.866666666666667
dr howard elem school,110 N. James,Champaign,61821,Champaign,13,1,1,8,1,6,0.75
dr julian rogus school,20027 S 88th Ave,Frankfort,60423 8551,Will,01,1,1,0,0,NA,NA
dr kenneth m sorrick school,7825 W 103rd St,Palos Hills,60465 1676,Cook,06,1,1,0,0,NA,NA
dr maude a sanders primary school,1907 W Forrest Hill Ave,Peoria,61604 1919,Peoria,17,1,1,0,0,NA,NA
dr ml king jr literary and fine arts sch,2424 Lake St,Evanston,60201 3932,Cook,09,1,NA,0,0,NA,NA
dr nick osborne primary center,401 N 30th St,Mount Vernon,62864 2355,Jefferson,12,1,NA,0,0,NA,NA
dr preston l williams jr elementary school,2102 E Washington St,Urbana,61802 4520,Champaign,13,1,NA,0,0,NA,NA
dr abby fox rooney elementary school,4900 Columbus Rd,Quincy,62305,Adams,15,1,1,1,1,0,0
dr c t vivian primary school,918 W Florence Ave,Peoria,61604 1304,Peoria,17,1,1,0,0,NA,NA
dr james mitchem early childhood center,753 Dalhart Ave,Romeoville,60446 1156,Will,11,1,1,0,0,NA,NA
drake elem school,2710 S Dearborn St,Chicago,60616 2684,Cook,07,1,1,0,0,NA,NA
drauden point middle school,1911 Drauden Rd,Plainfield,60586 5669,Will,14,1,1,11,1,11,1
dream academy,46 S Gifford St,Elgin,60120 6522,Kane,08,0,NA,0,0,NA,NA
dream academy,251 Amarillo Dr,Carpentersville,60110 1147,Kane,08,0,NA,0,0,NA,NA
drexel elem school,5407 W 36th St,Cicero,60804 4432,Cook,04,1,1,0,0,NA,NA
drummond elem school,1845 W Cortland St,Chicago,60622 1036,Cook,05,1,1,1,1,1,1
dryden elem school,722 S Dryden Pl,Arlington Heights,60005 2764,Cook,05,1,1,1,1,0,0
du quoin elementary school,845 E Jackson St,Du Quoin,62832 3871,Perry,12,1,NA,0,0,NA,NA
du quoin high school,500 E South St,Du Quoin,62832 2338,Perry,12,1,NA,0,0,NA,NA
du quoin middle school,845 E Jackson St,Du Quoin,62832 3871,Perry,12,1,NA,0,0,NA,NA
dubois elem school,330 E 133rd St,Chicago,60827 1807,Cook,02,1,1,0,0,NA,NA
dubois elem school,120 S Lincoln Ave,Springfield,62704 1601,Sangamon,13,1,1,2,1,2,1
dujardin elementary school,166 Euclid Ave,Bloomingdale,60108 1634,Dupage,08,1,NA,0,0,NA,NA
dulles elem school,6311 S Calumet Ave,Chicago,60637 3198,Cook,01,1,1,0,0,NA,NA
dunbar elem school,1835 Tudor Ave,East Saint Louis,62207 2150,Saint Clair,13,1,NA,0,0,NA,NA
dunbar vocational career acad hs,3000 S King Dr,Chicago,60616 3452,Cook,01,1,1,0,0,NA,NA
dundee highlands elem school,407 S 5th St,West Dundee,60118 2840,Kane,08,1,NA,0,0,NA,NA
dundee middle school,4200 W Main St,Dundee,60118 9415,Kane,08,1,NA,0,0,NA,NA
dundee crown high school,1500 Kings Rd,Carpentersville,60110 1480,Kane,08,1,NA,0,0,NA,NA
dunlap grade school,301 S 1st St,Dunlap,61525 0366,Peoria,16,1,1,0,0,NA,NA
dunlap high school,5220 W Legion Hall Rd,Dunlap,61525 0365,Peoria,16,1,1,1,1,0,0
dunlap middle school,5200 W Cedar Hills Dr,Dunlap,61525 0366,Peoria,16,1,1,0,0,NA,NA
dunlap valley middle school,13120 N State Route 91,Dunlap,61525 9747,Peoria,16,1,1,1,1,0,0
dunne technology acad elem sch,10845 S Union Ave,Chicago,60628 3115,Cook,01,1,1,0,0,NA,NA
dupage alop,848 N Mill Rd,Addison,60101 1257,N/A,NA,0,NA,0,0,NA,NA
dupage area occup educ sys,301 S Swift Rd,Addison,60101 1495,Dupage,NA,0,NA,0,0,NA,NA
dupage roe,421 N County Farm Rd,Wheaton,60187 3978,N/A,NA,0,NA,0,0,NA,NA
dupo high school,600 Louisa Ave,Dupo,62239 1469,Saint Clair,13,1,NA,0,0,NA,NA
dupo jr high school,600 Louisa Ave,Dupo,62239 1469,Saint Clair,13,1,NA,0,0,NA,NA
durand elem school,200 W South St,Durand,61024 9403,Winnebago,16,1,NA,0,0,NA,NA
durand high school,200 W South St,Durand,61024 9403,Winnebago,16,1,NA,0,0,NA,NA
durand jr high school,200 W South St,Durand,61024 9403,Winnebago,16,1,NA,0,0,NA,NA
durkin park elem school,8445 S Kolin Ave,Chicago,60652 3131,Cook,04,1,1,0,0,NA,NA
dvorak technology acad elem sch,3615 W 16th St,Chicago,60623 2001,Cook,07,1,1,0,0,NA,NA
dwight common school,801 S Columbia St,Dwight,60420 1347,Livingston,02,1,NA,0,0,NA,NA
dwight d eisenhower elem school,700 N Schoenbeck Rd,Prospect Heights,60070 1231,Cook,09,1,1,0,0,NA,NA
dwight d eisenhower jhs,800 Hassell Rd,Hoffman Estates,60169 2656,Cook,08,1,1,0,0,NA,NA
dwight high school,801 S Franklin St,Dwight,60420 1339,Livingston,02,1,NA,0,0,NA,NA
ea region iii k 8 clip prg,1000 3Rd St,East Alton,62024 1605,Madison,13,0,NA,0,0,NA,NA
eagle pointe elementary school,24562 Norwood Dr,Plainfield,60585 5571,Will,14,1,1,3,1,3,1
eagle ridge school,2002 Eagle Ridge Dr,Silvis,61282 1779,Rock Island,17,1,NA,0,0,NA,NA
eagle ridge vocational del sys,950 Us Highway 20 W,Elizabeth,61028 9333,NA,NA,0,NA,0,0,NA,NA
eagleview elementary school,113 S Rapp Ave,Columbia,62236 2326,Monroe,12,1,1,0,0,NA,NA
earhart elem opt for knowl school,1710 E 93rd St,Chicago,60617 3697,Cook,01,1,1,0,0,NA,NA
earl h hanson elem school,4000 9th St,Rock Island,61201 6722,Rock Island,17,1,NA,0,0,NA,NA
earl pritchett school,200 Horatio Blvd,Buffalo Grove,60089 1842,Lake,10,1,1,0,0,NA,NA
earle elem school,2040 W 62nd St,Chicago,60636 2153,Cook,07,1,1,0,0,NA,NA
earlville elem school,415 W Union St,Earlville,60518 0539,La Salle,14,1,NA,0,0,NA,NA
earlville jr sr high school,415 W Union St,Earlville,60518 0539,La Salle,14,1,NA,0,0,NA,NA
early childhood,401 S 8th St,Quincy,62301 4149,Adams,15,1,NA,0,0,NA,NA
early childhood,130 W Madison St,Elmhurst,60126 4838,Dupage,06,1,1,0,0,NA,NA
early childhood,6008 Godfrey Rd,Godfrey,62035 2408,Madison,13,1,NA,0,0,NA,NA
early childhood,936 W Michigan Ave,Jacksonville,62650 3113,Morgan,15,0,NA,0,0,NA,NA
early childhood center,200 S Century Blvd,Rantoul,61866 2363,Champaign,02,1,NA,0,0,NA,NA
early childhood cntr,333 E 142Nd St,Dolton,60419 1109,Cook,02,1,NA,0,0,NA,NA
early childhood cntr lincoln primary,3519 Wilcox Ave,Bellwood,60104 2174,Cook,07,1,NA,0,0,NA,NA
early childhood dev cntr,278 E Indian Trl,Aurora,60505 1733,Kane,11,1,NA,0,0,NA,NA
early childhood education center,543 N Wood Dale Rd,Wood Dale,60191 1535,Dupage,08,1,1,0,0,NA,NA
early childhood facility,882 W Nippersink Rd,Round Lake,60073 3701,Lake,NA,1,NA,0,0,NA,NA
early learning center,10000 Dee Rd,Des Plaines,60016,Cook,05,1,1,2,1,0,0
early learning center,300 E Forest Ave,West Chicago,60185 3528,Dupage,03,1,NA,0,0,NA,NA
early learning center,3224 S Banker St,Effingham,62401 2910,Effingham,12,1,1,0,0,NA,NA
early learning center,1721 N McAree Rd,Waukegan,60085 1434,Lake,10,1,1,0,0,NA,NA
early learning center,2501 S 1st St,Springfield,62704 4722,Sangamon,13,1,1,0,0,NA,NA
early step pre school,1217 14th St,Fulton,61252 1182,Whiteside,17,1,1,0,0,NA,NA
ease program,350 W 154Th St,South Holland,60473 1229,Cook,02,1,NA,0,0,NA,NA
east alton middle school,1000 3rd St,East Alton,62024 1605,Madison,13,1,1,0,0,NA,NA
east alton wood river high sch,777 N Wood River Ave,Wood River,62095 1227,Madison,13,1,1,0,0,NA,NA
east aurora hs rssp,1685 N Farnsworth Ave,Aurora,60505 1509,N/A,NA,0,NA,0,0,NA,NA
east coloma nelson elem sch,1602 Dixon Rd,Rock Falls,61071 1913,Whiteside,17,1,1,0,0,NA,NA
east dubuque elem school,100 N School Rd,East Dubuque,61025 1174,Jo Daviess,16,1,NA,0,0,NA,NA
east dubuque high school,200 Parklane Dr,East Dubuque,61025 9597,Jo Daviess,16,1,NA,0,0,NA,NA
east dubuque jr high,200 Parklane Dr,East Dubuque,61025 9597,Jo Daviess,16,1,NA,0,0,NA,NA
east elementary school,2913 Elim Ave,Zion,60099 3209,Lake,10,1,1,0,0,NA,NA
east elementary school,1035 Washington Ave,Alton,62002 2802,Madison,13,1,1,0,0,NA,NA
east high school,500 Tomcat Ln,Aurora,60505 5006,Kane,14,1,NA,0,0,NA,NA
east leyden high school,3400 Rose St,Franklin Park,60131 2155,Cook,03,1,1,6,1,6,1
east moline early learning center,3100 4Th Ave,East Moline,61244 1901,Rock Island,17,1,NA,0,0,NA,NA
east moline education center,3555 19th St,East Moline,61244 2909,Rock Island,NA,0,NA,0,0,NA,NA
east peoria high school,1401 E Washington St,East Peoria,61611 2863,Tazewell,16,1,NA,0,0,NA,NA
east prairie elem school,7616 E Prairie Rd,Skokie,60076 3718,Cook,09,1,NA,1,1,1,1
east prairie middle school,409 S Prairie St,Tuscola,61953 1770,Douglas,15,1,1,0,0,NA,NA
east side elementary school,501 E Randolph St,Mc Leansboro,62859 1564,Hamilton,12,1,1,0,0,NA,NA
east side intermediate school,315 E Church St,Harrisburg,62946 1708,Saline,12,1,NA,0,0,NA,NA
east st louis senior high school,4901 State St,East Saint Louis,62205 1356,Saint Clair,13,1,1,0,0,NA,NA
east st louis lincoln middle school,12 S 10th St,East Saint Louis,62201,Saint Clair,13,1,NA,0,0,NA,NA
east view academy school,4209 State Route 71,Oswego,60543 8342,Kendall,14,1,NA,0,0,NA,NA
eastern il efe system,121 S 17Th St Fl 3,Mattoon,61938 3915,Coles,NA,0,NA,0,0,NA,NA
eastland elementary school,601 S Chestnut St,Shannon,61078 9015,Carroll,17,1,1,0,0,NA,NA
eastland jr sr high school,500 S School Dr,Lanark,61046 1352,Carroll,17,1,1,0,0,NA,NA
eastlawn elem school,650 N Maplewood Dr,Rantoul,61866 1714,Champaign,02,1,NA,0,0,NA,NA
eastview elem school,540 Longwood Dr,Algonquin,60102 3051,Kane,09,1,NA,0,0,NA,NA
eastview elementary school,1490 E Myrtle St,Canton,61520 1519,Fulton,17,1,NA,0,0,NA,NA
eastview middle school,321 N Oak Ave,Bartlett,60103 4051,Kane,03,1,NA,0,0,NA,NA
eastwood elem school,1030 3rd St,East Alton,62024 1605,Madison,13,1,1,0,0,NA,NA
eberhart elem school,3400 W 65th Pl,Chicago,60629 3402,Cook,04,1,1,1,1,1,1
ebinger elem school,7350 W Pratt Ave,Chicago,60631 1121,Cook,09,1,1,0,0,NA,NA
echo deaf and hard of hearing program,300 West 154th Street,South Holland,60473,Cook,NA,1,NA,0,0,NA,NA
echo juvenile detention ctr program,409 E Washington St,Benton,62812 2180,N/A,NA,0,NA,0,0,NA,NA
echo school,350 W 154Th St,South Holland,60473 1229,Cook,02,1,1,2,1,1,0.5
ecse am pm wood dale dist 7,543 N Wood Dale Rd,Wood Dale,60191 1535,Dupage,08,0,NA,0,0,NA,NA
edgar a poe elem school,2800 N Highland Ave,Arlington Heights,60004 2116,Cook,05,1,1,0,0,NA,NA
edgebrook elem school,6525 N Hiawatha Ave,Chicago,60646 2938,Cook,05,1,1,13,1,12,0.923076923076923
edgebrook elem school,701 N Green St,Mchenry,60050 5517,McHenry,11,1,1,0,0,NA,NA
edgewood elem school,7900 Woodridge Dr,Woodridge,60517 3824,Dupage,11,1,NA,0,0,NA,NA
edgewood middle school,929 Edgewood Rd,Highland Park,60035 4623,Lake,10,1,1,0,0,NA,NA
edinburg elem school,100 E Martin St,Edinburg,62531 9713,Christian,15,1,NA,0,0,NA,NA
edinburg high school,100 E Martin St,Edinburg,62531 9713,Christian,15,1,NA,0,0,NA,NA
edinburg jr high school,100 E Martin St,Edinburg,62531 9713,Christian,15,1,NA,0,0,NA,NA
edison elem regional gifted cntr,4929 N Sawyer Ave,Chicago,60625 5008,Cook,03,1,1,0,0,NA,NA
edison elem school,2101 N Vermilion St,Danville,61832 1731,Vermilion,02,1,NA,0,0,NA,NA
edison elem school,246 S Fair Ave,Elmhurst,60126 3600,Dupage,04,1,1,0,0,NA,NA
edison elem school,4100 Scoville Ave,Stickney,60402 4428,Cook,04,1,1,1,1,1,1
edison elementary school,521 S Pearl St,Macomb,61455 3044,McDonough,17,1,1,0,0,NA,NA
edison jr high school,4141 9th St,Rock Island,61201 6753,Rock Island,17,1,NA,0,0,NA,NA
edison junior high school,1400 Earl St,Pekin,61554 2221,Tazewell,16,1,NA,0,0,NA,NA
edison middle school,306 W Green St,Champaign,61820 5007,Champaign,13,1,1,0,0,NA,NA
edison middle school,1125 S Wheaton Ave,Wheaton,60189 6485,Dupage,03,1,1,0,0,NA,NA
edison park elem school,6220 N Olcott Ave,Chicago,60631 1815,Cook,05,1,1,0,0,NA,NA
edison primary school,1991 E Maple St,Kankakee,60901 5719,Kankakee,02,1,NA,0,0,NA,NA
edith m smith middle school,930 New York St,Waukegan,60085 2722,Lake,10,1,1,0,0,NA,NA
edna keith elem school,400 4th Ave,Joliet,60433 1906,Will,14,1,NA,0,0,NA,NA
edna rollins elem school,950 Kane St,Aurora,60505 3756,Kane,11,1,NA,0,0,NA,NA
educ for employment sys 330,2400 W Bradley Ave # A113,Champaign,61821 1806,Champaign,NA,0,NA,0,0,NA,NA
educare of west dupage,851 Pearl Rd,West Chicago,60185 3716,Dupage,NA,1,NA,0,0,NA,NA
edw glt hlt hdn pop sln wbh wn wh roe,512 N Main St,Harrisburg,62946 1056,N/A,NA,0,NA,0,0,NA,NA
edward j tobin elem school,8501 Narragansett Ave,Burbank,60459 2474,Cook,04,1,1,0,0,NA,NA
edwards county high school,361 W Main St,Albion,62806 1011,Edwards,12,1,NA,0,0,NA,NA
edwards elem school,4815 S Karlov Ave,Chicago,60632 4123,Cook,04,1,1,9,1,8,0.888888888888889
edwardsville high school,6161 Center Grove Rd,Edwardsville,62025 3307,Madison,13,1,NA,0,0,NA,NA
edwin a lee elementary school,1201 Bunn Ave,Springfield,62703 5362,Sangamon,13,1,1,0,0,NA,NA
effingham high school,1301 W Grove Ave,Effingham,62401 1994,Effingham,12,1,1,0,0,NA,NA
effingham junior high school,600 S Henrietta St,Effingham,62401 1951,Effingham,12,1,1,0,0,NA,NA
effingham unit 40 preschool,215 N 1St St,Effingham,62401 3424,Effingham,12,1,NA,0,0,NA,NA
egyptian elem school,20023 Diswood Rd,Tamms,62988 3234,Alexander,12,1,1,1,1,1,1
egyptian jr high school,20023 Diswood Rd,Tamms,62988 3234,Alexander,12,1,1,0,0,NA,NA
egyptian sr high school,20023 Diswood Rd,Tamms,62988 3234,Alexander,12,1,1,0,0,NA,NA
eisenhower academy,406 Burke Dr,Joliet,60433 2114,Will,14,1,NA,0,0,NA,NA
eisenhower coop dhh program,5318 135Th St,Crestwood,60418 1504,Cook,06,0,NA,0,0,NA,NA
eisenhower elem school,1901 W Lafayette Ave,Jacksonville,62650 1010,Morgan,15,1,1,0,0,NA,NA
eisenhower high school,1200 S 16th St,Decatur,62521 3801,Macon,13,1,1,16,1,12,0.75
eisenhower jr high school,1410 75th St,Darien,60561 4405,Dupage,06,1,NA,0,0,NA,NA
eisenhower middle school,3525 Spring Creek Rd,Rockford,61107 1151,Winnebago,17,1,NA,0,0,NA,NA
eisenhower school,16001 Minerva Ave,South Holland,60473 1776,Cook,02,1,NA,0,0,NA,NA
el paso gridley high school,600 N Elm St,El Paso,61738 1077,Woodford,16,1,1,2,1,2,1
el sierra elem school,6835 Fairmount Ave,Downers Grove,60516 3633,Dupage,06,1,1,0,0,NA,NA
elden d finley jr high school,10835 Lombard Ave,Chicago Ridge,60415 2110,Cook,06,1,NA,0,0,NA,NA
eldorado elem school,1100 Alexander St,Eldorado,62930 2328,Saline,12,1,NA,0,0,NA,NA
eldorado high school,2200 Illinois Ave,Eldorado,62930 1851,Saline,12,1,NA,0,0,NA,NA
eldorado middle school,1907 1st St,Eldorado,62930 2103,Saline,12,1,NA,0,0,NA,NA
elgin high school,1200 Maroon Dr,Elgin,60120 8145,Kane,03,1,NA,0,0,NA,NA
elgin math and science academy charter school,1600 Dundee Ave,Elgin,60120 1608,Kane,08,1,NA,0,0,NA,NA
elizabeth blackwell elem school,345 N Walnut Ln,Schaumburg,60194 3864,Cook,08,1,1,4,1,4,1
elizabeth eichelberger elem sch,12450 Essington Rd,Plainfield,60585 9404,Will,14,1,1,3,1,1,0.333333333333333
elizabeth graham elem school,900 W Edwards St,Springfield,62704 1839,Sangamon,13,1,1,0,0,NA,NA
elizabeth ide elem school,2000 Manning Rd,Darien,60561 4393,Dupage,06,1,1,0,0,NA,NA
elizabeth meyer school,8100 Tripp Ave,Skokie,60076 3250,Cook,09,1,1,1,1,1,1
elizabeth morris elem school,1500 Andrews Dr,Cahokia,62206 2403,Saint Clair,13,1,1,2,1,2,1
elk grove high school,500 W Elk Grove Blvd,Elk Grove Village,60007 4272,Cook,08,1,1,0,0,NA,NA
ellington elem school,243 N Parkside Ave,Chicago,60644 2243,Cook,07,1,1,1,1,0,0
ellis elem school,250 Illini Dr,Belleville,62223 3322,Saint Clair,12,1,1,0,0,NA,NA
ellis elementary school,222 S Central Ave,Rockford,61102 2011,Winnebago,17,1,NA,0,0,NA,NA
ellis middle school,225 S Liberty St,Elgin,60120 6708,Kane,08,1,NA,0,0,NA,NA
ellsworth elem school,145 N Sleight St,Naperville,60540 4739,Dupage,11,1,1,0,0,NA,NA
elm elem school,15W201 60th St,Burr Ridge,60527 6982,Dupage,06,1,1,0,0,NA,NA
elm middle school,7607 W Cortland St,Elmwood Park,60707 3646,Cook,03,1,1,0,0,NA,NA
elmer h franzen intermediate sch,730 Catalpa Ave,Itasca,60143 1465,Dupage,08,1,NA,0,0,NA,NA
elmwood elem school,2319 N 76th Ave,Elmwood Park,60707 3027,Cook,03,1,1,0,0,NA,NA
elmwood elem school,1024 Magnolia Ln,Naperville,60540 7543,Dupage,11,1,1,0,0,NA,NA
elmwood elem school,3025 Ezra Ave,Zion,60099 3124,Lake,10,1,1,0,0,NA,NA
elmwood elem school,501 N Morgan St,Elmwood,61529 9455,Peoria,17,1,NA,0,0,NA,NA
elmwood high school,301 W Butternut St,Elmwood,61529 9454,Peoria,17,1,NA,0,0,NA,NA
elmwood junior high school,301 W Butternut St,Elmwood,61529 9454,Peoria,17,1,NA,0,0,NA,NA
elmwood park high school,8201 W Fullerton Ave,Elmwood Park,60707 2449,Cook,03,1,NA,0,0,NA,NA
elsie c johnson elem sch,1380 Nautilus Ln,Hanover Park,60133 6230,Dupage,08,1,1,6,1,6,1
elverado high school,514 S 6th St,Elkville,62932 0217,Jackson,12,1,1,0,0,NA,NA
elverado intermediate school,190 Harrison St,Vergennes,62994 0035,Jackson,12,1,1,0,0,NA,NA
elverado junior high school,190 Harrison St,Vergennes,62994 0035,Jackson,12,1,1,0,0,NA,NA
elverado primary school,114 S 8th St,Elkville,62932 0130,Jackson,12,1,1,0,0,NA,NA
elwood c c school,409 N Chicago St,Elwood,60421 9367,Will,14,1,1,5,1,4,0.8
emden elementary school,309 Market St,Emden,62635 0259,Logan,15,1,NA,0,0,NA,NA
emerson elem school,6850 31st St,Berwyn,60402 3058,Cook,04,1,1,0,0,NA,NA
emerson elem school,119 S Woodlawn St,Wheaton,60187 4746,Dupage,03,1,1,0,0,NA,NA
emerson elem school,400 N West Ave,Elmhurst,60126 2128,Dupage,06,1,1,0,0,NA,NA
emerson elem school,311 Washington Blvd,Maywood,60153 2154,Cook,07,1,1,15,1,14,0.933333333333333
emerson middle school,8101 N Cumberland Ave,Niles,60714 2736,Cook,09,1,1,0,0,NA,NA
emge junior high school,7401 Westchester Dr,Belleville,62223 2635,Saint Clair,13,1,1,0,0,NA,NA
emily g johns school,430 S Mitchell Dr,Plano,60545 9001,Kendall,14,1,NA,0,0,NA,NA
emmons grade school,24226 W Beach Grove Rd,Antioch,60002 2234,Lake,10,1,1,2,1,2,1
empire elem school,1325 Empire St,Freeport,61032 6114,Stephenson,17,1,1,0,0,NA,NA
enders salk elem school,345 N Salem Dr,Schaumburg,60194 4339,Cook,08,1,1,10,1,7,0.7
enger school,10401 Grand Ave,Franklin Park,60131 2208,Cook,04,1,1,0,0,NA,NA
englewood stem high school,6835 S Normal Blvd,Chicago,60621 2535,Cook,01,1,1,1,1,1,1
enos elem school,524 W Elliott Ave,Springfield,62702 3715,Sangamon,13,1,1,0,0,NA,NA
epg middle school,403 McLean St,Gridley,61744 7739,Woodford,16,1,NA,0,0,NA,NA
epic academy high school,8255 S Houston Ave,Chicago,60617 2191,Cook,02,1,1,0,0,NA,NA
erickson elementary school,277 Springfield Dr,Bloomingdale,60108 2216,Dupage,08,1,NA,0,0,NA,NA
ericson elem scholastic academy,3600 W 5th Ave,Chicago,60624 3162,Cook,07,1,1,14,1,11,0.785714285714286
erie elem charter school,1405 N Washtenaw Ave,Chicago,60622 1632,Cook,03,1,1,0,0,NA,NA
erie elem school,518 7Th Ave,Erie,61250,Whiteside,17,1,NA,0,0,NA,NA
erie high school,435 6th Ave,Erie,61250 9457,Whiteside,17,1,NA,0,0,NA,NA
erie middle school,500 5th Ave,Erie,61250 9439,Whiteside,17,1,NA,0,0,NA,NA
ernest f kolb elem school,9620 Normandy Ave,Oak Lawn,60453 2131,Cook,06,1,1,0,0,NA,NA
esl regional vocational system,1005 State St,East Saint Louis,62201 1907,Saint Clair,NA,0,NA,0,0,NA,NA
esmond elem school,1865 W Montvale Ave,Chicago,60643 4217,Cook,01,1,1,1,1,1,1
estelle kampmeyer elem school,707 N Smiley St,O Fallon,62269 1353,Saint Clair,12,1,1,1,1,1,1
estelle sauget school of choice,1700 Jerome Ln,Cahokia,62206 2329,Saint Clair,13,1,1,1,1,1,1
eswood c c grade school,304 Main St,Lindenwood,61049 7700,Ogle,16,1,NA,0,0,NA,NA
eths day school,1233 Hartrey Ave,Evanston,60202 1056,Cook,09,1,NA,0,0,NA,NA
euclid elem school,711 East Euclid Ave.,Mount Prospect,60056 1221,Cook,09,1,1,3,1,2,0.666666666666667
eugene field elem school,51 Saint Armand Ln,Wheeling,60090 3924,Cook,10,1,1,0,0,NA,NA
eugene field elem school,707 Wisner St,Park Ridge,60068 2708,Cook,09,1,NA,1,1,0,0
eugene field elem school,2900 31st Ave,Rock Island,61201 6323,Rock Island,17,1,1,0,0,NA,NA
eugene field school,412 E Cypress St,Normal,61761 1777,McLean,17,1,NA,0,0,NA,NA
eunice smith elem school,2400 Henry St,Alton,62002 4446,Madison,13,1,NA,0,0,NA,NA
eureka high school,200 W Cruger Ave,Eureka,61530 1323,Woodford,16,1,1,0,0,NA,NA
eureka middle school,2005 S Main St,Eureka,61530 1661,Woodford,16,1,1,3,1,3,1
eurma c hayes center,441 E Willow St,Carbondale,62901 1659,Jackson,12,0,NA,0,0,NA,NA
evans junior high school,2901 Morrissey Dr,Bloomington,61704 5805,McLean,16,1,NA,0,0,NA,NA
evanston twp high school,1600 Dodge Ave,Evanston,60201 3449,Cook,09,1,1,3,1,1,0.333333333333333
evansville attendance center,701 Oak St,Evansville,62242 1893,Randolph,12,1,NA,0,0,NA,NA
evelyn alexander school,1210 Adams St,North Chicago,60064 1317,Lake,10,1,1,0,0,NA,NA
everest high school,1320 East Ave,Belvidere,61008 4559,Boone,11,1,NA,0,0,NA,NA
everett dirksen elementary sch,116 W Beech Dr,Schaumburg,60193 1547,Cook,08,1,1,0,0,NA,NA
everett elem school,3419 S Bell Ave,Chicago,60608 6010,Cook,04,1,1,0,0,NA,NA
everett elem school,300 S Waukegan Rd,Lake Forest,60045 2643,Lake,10,1,1,0,0,NA,NA
everett f kerr middle school,12915 Maple Ave,Blue Island,60406 2014,Cook,01,1,NA,0,0,NA,NA
evergreen academy,3917 Mercy Dr,Mchenry,60050 3151,N/A,NA,1,NA,0,0,NA,NA
evergreen academy elem school,3537 S Paulina St,Chicago,60609 1229,Cook,04,1,1,1,1,1,1
evergreen elementary school,1041 Evergreen Dr,Carol Stream,60188 9109,Dupage,08,1,1,1,1,1,1
evergreen park high school,9901 S Kedzie Ave,Evergreen Park,60805 3416,Cook,06,1,NA,0,0,NA,NA
evers elem school,9811 S Lowe Ave,Chicago,60628 1014,Cook,01,1,1,1,1,1,1
ewing northern elem school,51 N Main St,Ewing,62836 1437,Franklin,12,1,NA,0,0,NA,NA
excel academy englewood hs,7141 S Morgan St,Chicago,60621 5000,Cook,07,1,1,0,0,NA,NA
excel academy southwest hs,7050 S Washtenaw Ave,Chicago,60629 1924,Cook,07,1,1,0,0,NA,NA
excel academy woodlawn hs,7530 S South Shore Dr,Chicago,60649 4306,Cook,NA,1,NA,0,0,NA,NA
excel alternative program,105 S State St,Atkinson,61235 9788,Henry,16,0,NA,0,0,NA,NA
exceptional learners collaborative,900 Corporate Woods Parkway,Vernon Hills,60061,NA,NA,1,1,0,0,NA,NA
exceptional learners collaborative west,960 Corporate Woods Pkwy,Vernon Hills,60061 3155,Lake,10,0,1,0,0,NA,NA
f b mccord elem school,8450 Nashville Ave,Burbank,60459 2335,Cook,04,1,1,0,0,NA,NA
f e peacock middle school,301 E North St,Itasca,60143 1620,Dupage,08,1,NA,0,0,NA,NA
fabyan elementary school,OS350 Grengs Ln,Geneva,60134,Kane,11,1,1,0,0,NA,NA
fairfield comm high school,300 W King St,Fairfield,62837 1710,Wayne,12,1,NA,0,0,NA,NA
fairfield elem academy,6201 S Fairfield Ave,Chicago,60629 2309,Cook,04,1,1,1,1,0,0
fairhaven school,634 Countryside Hwy,Mundelein,60060 2502,Lake,10,0,1,0,0,NA,NA
fairmont school,735 Green Garden Pl,Lockport,60441 4935,Will,14,1,1,0,0,NA,NA
fairmount elem school,6036 Blodgett Ave,Downers Grove,60516 2008,Dupage,06,1,1,0,0,NA,NA
fairview early childhood center,512 Fairview Ave,Rockford,61108 1910,Winnebago,17,1,NA,0,0,NA,NA
fairview elem school,375 Arizona Blvd,Hoffman Estates,60169 1922,Cook,08,1,1,2,1,2,1
fairview elem school,300 N Fairview Ave,Mt Prospect,60056 2376,Cook,05,1,1,0,0,NA,NA
fairview elem school,416 Fairview St,Normal,61761 1221,McLean,17,1,NA,0,0,NA,NA
fairview elem school,2200 E Ridgely Ave,Springfield,62702 3045,Sangamon,13,1,1,13,1,13,1
fairview south elementary school,7040 Laramie Ave,Skokie,60077 3443,Cook,09,1,1,1,1,0,0
falconer elem school,3020 N Lamon Ave,Chicago,60641 5195,Cook,03,1,1,0,0,NA,NA
family enrichment prg fep,150 W 137Th St,Riverdale,60827 1613,Cook,02,0,NA,0,0,NA,NA
faraday elem school,3250 W Monroe St,Chicago,60624 2919,Cook,07,1,1,0,0,NA,NA
farmersville elem school,407 Sedentop St,Farmersville,62533 0170,Montgomery,15,1,NA,0,0,NA,NA
farmingdale elem school,2473 N Farmingdale Rd,Pleasant Plains,62677 4012,Sangamon,15,1,1,0,0,NA,NA
farmington central elem sch,108 N Lightfoot Rd,Farmington,61531 9647,Peoria,17,1,NA,0,0,NA,NA
farmington central high sch,310 N Lightfoot Rd,Farmington,61531 9649,Peoria,17,1,NA,0,0,NA,NA
farmington central jr high sch,300 N Lightfoot Rd,Farmington,61531 9649,Peoria,17,1,NA,0,0,NA,NA
farnsworth elem school,5414 N Linder Ave,Chicago,60630 1329,Cook,05,1,1,1,1,1,1
farragut career academy hs,2345 S Christiana Ave,Chicago,60623 3217,Cook,04,1,1,0,0,NA,NA
farragut elem school,701 Glenwood Ave,Joliet,60435 6911,Will,14,1,NA,0,0,NA,NA
farrington elem school,20941 E Divide Rd,Bluford,62814 2402,Jefferson,12,1,NA,0,0,NA,NA
fearn elementary school,1600 Hawksley Ln,North Aurora,60542 1781,Kane,11,1,1,2,1,1,0.5
feitshans elem sch,1101 S 15th St,Springfield,62703 2636,Sangamon,13,1,1,0,0,NA,NA
fenger academy high school,11220 S Wallace St,Chicago,60628 4728,Cook,01,1,1,0,0,NA,NA
fenton high school,1000 W Green St,Bensenville,60106 2008,Dupage,03,1,NA,0,0,NA,NA
fernway park elem school,16600 S 88th Ave,Orland Park,60462 5702,Cook,06,1,1,0,0,NA,NA
fernwood elem school,10041 S Union Ave,Chicago,60628 1824,Cook,01,1,1,0,0,NA,NA
ferson creek school,38W160 Bolcum Rd,Saint Charles,60175 6168,Kane,11,1,1,0,0,NA,NA
field elem school,7019 N Ashland Blvd,Chicago,60626 2716,Cook,09,1,1,0,0,NA,NA
field elem school,295 N Emroy Ave,Elmhurst,60126 2468,Dupage,04,1,1,1,1,1,1
field elementary school,21075 N Hails Ln,Texico,62889 2932,Jefferson,12,1,1,1,1,1,1
field park elem school,4335 Howard Ave,Western Springs,60558 1221,Cook,06,1,1,0,0,NA,NA
field school,2055 Landwehr Rd,Northbrook,60062 6413,Cook,10,1,NA,0,0,NA,NA
field stevenson elem school,925 Beloit Ave,Forest Park,60130 2301,Cook,07,1,1,6,1,6,1
fieldcrest elem school,4100 Wagman St,Oak Forest,60452 4342,Cook,01,1,1,0,0,NA,NA
fieldcrest high school,1 Dornbush Dr,Minonk,61760 1363,Woodford,16,1,1,0,0,NA,NA
fieldcrest intermediate school,306 N Maple St,Toluca,61369 9618,Woodford,16,1,1,0,0,NA,NA
fieldcrest middle school,102 W Elm St,Wenona,61377 7539,Woodford,16,1,1,0,0,NA,NA
fieldcrest primary school,523 Johnson St,Minonk,61760 1246,Woodford,16,1,1,0,0,NA,NA
finkl elem school,2332 S Western Ave,Chicago,60608 3818,Cook,04,1,1,1,1,1,1
fischer middle school,1305 Long Grove Dr,Aurora,60504 8990,Dupage,11,1,1,1,1,1,1
fisher grade school,801 S 5th St,Fisher,61843 9522,Champaign,15,1,1,0,0,NA,NA
fisher jr sr high school,111 W Division St,Fisher,61843 9422,Champaign,15,1,1,0,0,NA,NA
fiske elem school,6020 S Langley Ave,Chicago,60637 2595,Cook,01,1,1,0,0,NA,NA
five county reg voc center,130 Washington St,Tamms,62988,Alexander,NA,1,NA,0,0,NA,NA
five county reg voc system,130 Washington St,Tamms,62988,Alexander,NA,1,NA,0,0,NA,NA
five county regional alternative,1001 Walnut Street,Murphysboro,62966,N/A,NA,1,NA,0,0,NA,NA
flanagan elem school,202 E Falcon Hwy,Flanagan,61740 7503,Livingston,16,1,NA,0,0,NA,NA
flanagan cornell high school,202 E Falcon Hwy,Flanagan,61740 7503,Livingston,16,1,NA,0,0,NA,NA
flex program,704 W Abe St,Plano,60545 1180,N/A,NA,0,NA,0,0,NA,NA
flora elementary school,445 Emory St,Flora,62839 2701,Clay,12,1,1,0,0,NA,NA
flora high school,600 S Locust St,Flora,62839 2174,Clay,12,1,1,0,0,NA,NA
flossmoor hills elem school,3721 Beech St,Flossmoor,60422 1020,Cook,02,1,1,0,0,NA,NA
floyd henson jr high sch,609 N Stanford Rd,Flora,62839 2632,Clay,12,1,1,0,0,NA,NA
focus safe sch program,1500 W Jefferson St,Vandalia,62471 1510,N/A,NA,0,1,0,0,NA,NA
foreman high school,3235 N Leclaire Ave,Chicago,60641 4290,Cook,03,1,1,1,1,0,0
forest elem school,1375 S 5th Ave,Des Plaines,60018 1430,Cook,08,1,1,0,0,NA,NA
forest glen elem school,561 Elm St,Glen Ellyn,60137 3859,Dupage,03,1,NA,0,0,NA,NA
forest hills elem school,5020 Central Ave,Western Springs,60558 1801,Cook,06,1,1,0,0,NA,NA
forest park individual ed school,1220 California Ave,Joliet,60432 1102,Will,14,1,NA,0,0,NA,NA
forest park middle school,925 Beloit Ave,Forest Park,60130 2301,Cook,07,1,1,3,1,3,1
forest road elem school,901 Forest Rd,La Grange Park,60526 1602,Cook,04,1,NA,0,0,NA,NA
forest view,2121 South Goebbert Road,Arlington Heights,60005,Cook County,NA,NA,1,1,1,1,1
forest view elem school,1901 W Estates Dr,Mount Prospect,60056 3521,Cook,05,1,1,1,1,1,1
forrestal elem school,2833 E Washington Ave,Great Lakes,60088 1914,Lake,10,1,1,0,0,NA,NA
forreston grade school,601 E Main St,Forreston,61030 0665,Ogle,16,1,1,0,0,NA,NA
forreston jr sr high sch,601 E Main St,Forreston,61030 0665,Ogle,16,1,1,0,0,NA,NA
fort dearborn elem school,9025 S Throop St,Chicago,60620 3523,Cook,01,1,1,0,0,NA,NA
foster park elem school,8530 S Wood St,Chicago,60620 4734,Cook,01,1,1,10,1,3,0.3
founders elementary school,821 S 7th St,Dekalb,60115 4572,Dekalb,14,1,1,1,1,1,1
fox chase elementary school,260 Fox Chase Dr N,Oswego,60543 8335,Kendall,14,1,1,0,0,NA,NA
fox creek elementary school,3910 Timberwolf Trl,Bloomington,61705 4241,McLean,17,1,NA,0,0,NA,NA
fox meadow elementary school,1275 Jenna Dr,South Elgin,60177 3073,Kane,08,1,NA,0,0,NA,NA
fox ridge school,1905 E Tyler Rd,Saint Charles,60174 3410,Kane,NA,1,1,4,1,3,0.75
fox river grove middle school,401 Orchard St,Fox River Grove,60021 1145,McHenry,09,1,1,1,1,0,0
fox valley career center,47W326 Keslinger Rd,Maple Park,60151 9720,Kane,NA,0,NA,0,0,NA,NA
frances willard elem school,2503 9th St,Rock Island,61201 5278,Rock Island,17,1,1,0,0,NA,NA
francis granger middle school,2721 Stonebridge Blvd,Aurora,60502 8403,Dupage,11,1,1,11,1,10,0.909090909090909
frank a brodnicki elem school,8641 W 75th St,Justice,60458 1114,Cook,06,1,NA,0,0,NA,NA
frank c whiteley elem school,4335 Haman Ave,Hoffman Estates,60192 1306,Cook,05,1,1,0,0,NA,NA
frankfort community high school,601 E Main St,West Frankfort,62896 1333,Franklin,12,1,NA,0,0,NA,NA
frankfort intermediate school,800 N Cherry St,West Frankfort,62896 1668,Franklin,12,1,NA,0,0,NA,NA
frankfort square elem school,7710 W Kingston Dr,Frankfort,60423 8355,Will,NA,1,1,0,0,NA,NA
franklin co detention center 6 8,409 E Washington St,Benton,62812 2180,Franklin,NA,0,NA,0,0,NA,NA
franklin co detention center 9 12,409 E Washington St,Benton,62812 2180,NA,NA,0,NA,0,0,NA,NA
franklin county reg del system,901 Public Sq,Benton,62812 2255,NA,NA,0,NA,0,0,NA,NA
franklin east grade school,412 Wyatt Ave,Franklin,62638,Morgan,15,1,NA,0,0,NA,NA
franklin elem fine arts center,225 W Evergreen Ave,Chicago,60610 1813,Cook,07,1,1,9,1,9,1
franklin elem school,1006 Mount Mission Rd,Metropolis,62960 3002,Massac,12,1,NA,0,0,NA,NA
franklin elem school,301 N 2nd St,Belleville,62220 1254,Saint Clair,13,1,1,0,0,NA,NA
franklin elem school,1510 E 25th St,Sterling,61081 1470,Whiteside,17,1,NA,0,0,NA,NA
franklin elementary school,1201 S 6th St,Mattoon,61938,Coles,15,1,1,0,0,NA,NA
franklin elementary school,2401 Manor Ln,Park Ridge,60068 1559,Cook,09,1,NA,0,0,NA,NA
franklin elementary school,14701 Chicago Rd,Dolton,60419 2015,Cook,02,1,1,0,0,NA,NA
franklin elementary school,1412 Wyatt Street,Franklin,62638 4933,Morgan,15,1,NA,0,0,NA,NA
franklin grove elem school,2440 N Summit Ave,Decatur,62526 3181,Macon,13,1,1,4,1,3,0.75
franklin jr sr high school,110 State,Franklin,62638 4933,Morgan,15,1,NA,0,0,NA,NA
franklin middle school,817 N Harris Ave,Champaign,61820 2849,Champaign,13,1,1,0,0,NA,NA
franklin middle school,211 E Franklin St,Wheaton,60187 4146,Dupage,03,1,1,0,0,NA,NA
franklin park middle school,1325 Bobcat Cir,Salem,62881 1015,Marion,12,1,NA,0,0,NA,NA
franklin primary school,807 W Columbia Ter,Peoria,61606 1334,Peoria,17,1,1,0,0,NA,NA
franklin jefferson sped social emotional success ses,501 S Snider St,Christopher,62822 1360,Jefferson,12,0,NA,0,0,NA,NA
franklin jefferson sped int k 12,1118 Fairfield Rd,Mount Vernon,62864 5726,Jefferson,NA,0,NA,0,0,NA,NA
frankln johnsn massc willimsn roe,901 Public Square,Benton,62812 1300,N/A,NA,0,NA,0,0,NA,NA
frazier perspectives magnet es,4027 W Grenshaw St,Chicago,60624 3930,Cook,07,1,1,0,0,NA,NA
fred rodgers magnet acad,157 N Root St,Aurora,60505 2600,Kane,11,1,NA,0,0,NA,NA
frederick nerge elem school,660 N Woodfield Trl,Roselle,60172 1058,Cook,08,1,1,3,1,3,1
frederick school,595 Frederick Rd,Grayslake,60030 3909,Lake,10,1,NA,0,0,NA,NA
freeburg community high sch,401 S Monroe St,Freeburg,62243 1535,Saint Clair,12,1,1,0,0,NA,NA
freeburg elem school,408 S Belleville St,Freeburg,62243 1534,Saint Clair,12,1,1,0,0,NA,NA
freeburg primary center,650 S State St,Freeburg,62243 1559,Saint Clair,12,1,1,0,0,NA,NA
freedom elem school,11600 Heritage Meadows Dr,Plainfield,60585 2084,Will,14,1,1,0,0,NA,NA
freedom middle school,3016 Ridgeland Ave,Berwyn,60402 2700,Cook,04,1,1,0,0,NA,NA
freeman elem school,153 S Randall Rd,Aurora,60506 4726,Kane,11,1,1,1,1,0,0
freeport alternative high sch,1330 S Locust Ave,Freeport,61032 6325,N/A,NA,1,NA,0,0,NA,NA
freeport high school,701 W Moseley St,Freeport,61032 4938,Stephenson,17,1,1,5,1,5,1
freeport middle school,701 W Empire St,Freeport,61032 6355,Stephenson,17,1,1,7,1,7,1
fremont elem school,28908 N Fremont Center Rd,Mundelein,60060 9429,Lake,10,1,NA,0,0,NA,NA
fremont intermediate school,28754 N Fremont Center Rd,Mundelein,60060 9420,Lake,10,1,NA,0,0,NA,NA
fremont jr high middle school,28871 N Fremont Center Rd,Mundelein,60060 9451,Lake,10,1,NA,0,0,NA,NA
fresh start effingham,215 N First St,Effingham,62401,NA,NA,1,NA,0,0,NA,NA
fresh start treatment and learning,215 N 1st St,Effingham,62401 3424,Coles,12,0,NA,0,0,NA,NA
friendship jr high school,550 Elizabeth Ln,Des Plaines,60018 5573,Cook,08,1,1,0,0,NA,NA
frohardt elem school,2040 Johnson Rd,Granite City,62040 3956,Madison,13,1,NA,0,0,NA,NA
fry elementary school,3204 Tall Grass Dr,Naperville,60564 8253,Dupage,14,1,1,0,0,NA,NA
fuller elem school,4214 S Saint Lawrence Ave,Chicago,60653 2926,Cook,NA,1,1,14,1,14,1
fullerton elem school,400 S Michigan Ave,Addison,60101 4605,Dupage,03,1,1,0,0,NA,NA
fulton elem school,5300 S Hermitage Ave,Chicago,60609 5726,Cook,07,1,1,0,0,NA,NA
fulton elem school,1301 7th Ave,Fulton,61252 1024,Whiteside,17,1,1,3,1,2,0.666666666666667
fulton high school,1207 12th St,Fulton,61252 1117,Whiteside,17,1,1,0,0,NA,NA
fulton jr high school,307 Kyle Rd,O Fallon,62269 6611,Saint Clair,12,1,1,2,1,2,1
funston elem school,2010 N Central Park Ave,Chicago,60647 3659,Cook,03,1,1,2,1,1,0.5
futures unlimited,3900 N Neely Ave,Decatur,62526 1915,N/A,NA,0,NA,0,0,NA,NA
g n dieterich elem school,1141 Jackson St,Aurora,60505 5647,Kane,14,1,NA,0,0,NA,NA
g stanley hall elem school,1447 Wayne Ave,Glendale Heights,60139 2915,Dupage,03,1,1,1,1,1,1
g a mcelroy administration center,1750 South Roselle Rd,Palatine,60067,NA,NA,1,NA,0,0,NA,NA
gage park high school,5630 S Rockwell St,Chicago,60629 1030,Cook,04,1,1,0,0,NA,NA
gages lake school,18180 W Gages Lake Rd,Gages Lake,60030 1819,Lake,10,0,1,0,0,NA,NA
gail mckinzie high school,3003 103Rd St,Naperville,60564 8000,Dupage,14,1,1,0,0,NA,NA
galapagos rockford charter sch,2605 School St,Rockford,61101 5264,Winnebago,17,1,1,0,0,NA,NA
galatia elem school,200 N Hickory St,Galatia,62935 1002,Saline,12,1,1,0,0,NA,NA
galatia grade school annex,114 W Main St,Galatia,62935,Saline,12,1,NA,0,0,NA,NA
galatia high school,200 N McKinley St,Galatia,62935 1104,Saline,12,1,1,0,0,NA,NA
galatia jr high,200 N McKinley St,Galatia,62935 1104,Saline,12,1,1,0,0,NA,NA
gale elem community academy,1631 W Jonquil Ter,Chicago,60626 1103,Cook,09,1,1,1,1,1,1
galena elementary and middle school,1230 Franklin St,Galena,61036 1317,Jo Daviess,16,1,1,3,1,2,0.666666666666667
galena high school,1206 Franklin St,Galena,61036 1317,Jo Daviess,16,1,1,0,0,NA,NA
galena middle school,1230 Franklin St,Galena,61036 1317,Jo Daviess,NA,1,NA,0,0,NA,NA
galena primary school,219 Kelly Ln,Galena,61036 1346,Jo Daviess,NA,1,NA,0,0,NA,NA
galesburg area voc ctr,940 W Fremont St,Galesburg,61401 2558,Knox,NA,0,NA,0,0,NA,NA
galesburg jr high school,1135 W Fremont St,Galesburg,61401 2432,Knox,17,1,1,0,0,NA,NA
galesburg senior high school,1135 W Fremont St,Galesburg,61401 2432,Knox,17,1,1,9,1,7,0.777777777777778
galileo elem math and sci schol acd,820 S Carpenter St,Chicago,60607 4237,Cook,07,1,1,6,1,6,1
gallatin elementary school,5175 Highway 13,Junction,62954 2101,Gallatin,12,1,1,0,0,NA,NA
gallatin high school,5175 Highway 13,Junction,62954 2101,Gallatin,12,1,1,0,0,NA,NA
gallatin junior high school,5175 Highway 13,Junction,62954 2101,Gallatin,12,1,1,0,0,NA,NA
gallistel elem language academy,10347 S Ewing Ave,Chicago,60617 6028,Cook,02,1,1,0,0,NA,NA
galva elem school,224 Morgan Rd,Galva,61434 1090,Henry,17,1,1,0,0,NA,NA
galva jr sr high school,1020 N Center Ave,Galva,61434 8902,Henry,17,1,1,0,0,NA,NA
garcia lorca elem school,3231 N Springfield Ave,Chicago,60618 5109,Cook,03,1,1,2,1,0,0
gard elementary school,400 E 15th St,Beardstown,62618 2054,Cass,15,1,NA,0,0,NA,NA
garden hills elem school,2001 Garden Hills Dr,Champaign,61821 1522,Champaign,13,1,1,3,1,2,0.666666666666667
gardner elem school,598 N Elm St,Gardner,60424 7050,Grundy,16,1,NA,0,0,NA,NA
gardner elementary school,1 Ed Gardner Pl,Waterloo,62298 1677,Monroe,12,1,NA,0,0,NA,NA
gardner south wilmington twp h s,500 E Main St,Gardner,60424 6316,Grundy,16,1,NA,0,0,NA,NA
garfield elem school,140 E 23rd St,Chicago Heights,60411 4247,Cook,02,1,NA,0,0,NA,NA
garfield elem school,543 Hannah Ave,Forest Park,60130 1909,Cook,07,1,1,2,1,0,0
garfield elem school,1514 S 9th Ave,Maywood,60153 1951,Cook,07,1,1,0,0,NA,NA
garfield elem school,420 May St,Elgin,60120 7841,Kane,NA,1,NA,0,0,NA,NA
garfield elem school,300 Meadow Terrace Pl,Decatur,62521 5252,Vermilion,NA,1,NA,0,0,NA,NA
garfield learning academy,300 Meadow Terrace Pl,Decatur,62521 5252,NA,NA,0,NA,0,0,NA,NA
garfield learning academy,1 N Educational Park Dr,Decatur,62526 2548,Macon,NA,1,NA,0,0,NA,NA
garvey m elem school,10309 S Morgan St,Chicago,60643 3096,Cook,01,1,1,6,1,6,1
garvy j elem school,5225 N Oak Park Ave,Chicago,60656 2139,Cook,05,1,1,2,1,2,1
gary d wright elem sch,1500 Ketchum Rd,Hampshire,60140 8375,Kane,11,1,NA,0,0,NA,NA
gary elem school,3740 W 31st St,Chicago,60623 5035,Cook,04,1,1,4,1,3,0.75
gary elementary school,130 E Forest Ave,West Chicago,60185 3524,Dupage,03,1,NA,0,0,NA,NA
gavin central elementary school,36414 N Ridge Rd,Ingleside,60041 8459,Lake,10,1,1,0,0,NA,NA
gavin south middle school,25775 W IL Route 134,Ingleside,60041 9587,Lake,10,1,1,0,0,NA,NA
gcms elementary school,902 N Church St,Gibson City,60936 1075,Ford,16,1,1,0,0,NA,NA
gcms high school,815 N Church St,Gibson City,60936 1074,Ford,16,1,NA,0,0,NA,NA
gcms middle school,316 E 19th St,Gibson City,60936 2008,Ford,16,1,NA,0,0,NA,NA
geff elem school,201 E Lafayette St,Geff,62842 1001,Wayne,12,1,NA,0,0,NA,NA
gemini middle school,8955 N Greenwood Ave,Niles,60714 1416,Cook,05,1,1,1,1,1,1
gen george patton elem school,13700 S Stewart Ave,Riverdale,60827 1629,Cook,02,1,1,0,0,NA,NA
gen john a logan attendance cntr,320 Watson Rd,Murphysboro,62966 6195,Jackson,12,1,1,0,0,NA,NA
geneseo high school,700 N State St,Geneseo,61254 1068,Henry,16,1,NA,0,0,NA,NA
geneseo middle school,333 E Ogden Ave,Geneseo,61254 1120,Henry,16,1,NA,0,0,NA,NA
geneva 304 early learning center,0S350 Grengs Ln,Geneva,60134 6164,Kane,11,1,1,0,0,NA,NA
geneva community high school,416 McKinley Ave,Geneva,60134 1200,Kane,11,1,1,0,0,NA,NA
geneva middle sch north,1357 Viking Dr,Geneva,60134 3909,Kane,11,1,1,2,1,2,1
geneva middle sch south,1415 Viking Dr,Geneva,60134 3991,Kane,11,1,1,0,0,NA,NA
genoa elementary school,602 E Hill St,Genoa,60135 1304,Dekalb,11,1,NA,0,0,NA,NA
genoa kingston high school,980 Park Ave,Genoa,60135 1423,Dekalb,11,1,NA,0,0,NA,NA
genoa kingston middle school,941 W Main St,Genoa,60135 1037,Dekalb,11,1,NA,0,0,NA,NA
geo t wilkins jr high school,8001 S 82nd Ave,Justice,60458 1569,Cook,06,1,NA,0,0,NA,NA
george b carpenter elem school,300 N Hamlin Ave,Park Ridge,60068 2924,Cook,05,1,1,0,0,NA,NA
george o barr school,1305 5th Avenue,Silvis,61282 1579,Rock Island,17,1,NA,0,0,NA,NA
george t wilkins elem school,8001 S 82nd Ave,Justice,60458 1569,Cook,06,1,NA,0,0,NA,NA
george w lieb elem school,9101 Pembroke Ln,Bridgeview,60455 2221,Cook,06,1,1,0,0,NA,NA
george washington elem school,1500 Stewart Ave,Park Ridge,60068 3867,Cook,05,1,1,3,1,3,1
george washington elem school,1550 41st St,Moline,61265 2546,Rock Island,17,1,NA,0,0,NA,NA
george washington elementary sch,12545 S Homan Ave,Alsip,60803 4114,Cook,01,1,NA,0,0,NA,NA
georgetown elementary school,995 Long Grove Dr,Aurora,60504 5958,Dupage,11,1,1,0,0,NA,NA
georgetown middle school,51 Yates Rd,Marquette Hts,61554 1152,Tazewell,16,1,NA,0,0,NA,NA
georgetown ridge farm high school,500 W Mulberry St,Georgetown,61846 1897,Vermilion,15,1,1,0,0,NA,NA
georgetowne middle school,51 Yates Rd,Marquette Hts,61554 1152,Tazewell,NA,1,NA,0,0,NA,NA
german valley grade school,601 E Main St,Forreston,61030 0665,Ogle,17,1,1,0,0,NA,NA
germantown elem school,401 Walnut St,Germantown,62245 0400,Clinton,12,1,NA,0,0,NA,NA
germantown hills elementary sch,103 Warrior Way,Germantown Hills,61548 9108,Woodford,16,1,1,0,0,NA,NA
germantown hills middle school,103 Warrior Way,Germantown Hills,61548 9108,Woodford,16,1,1,0,0,NA,NA
giant city elem school,1062 Boskydell Rd,Carbondale,62902 7743,Jackson,12,1,NA,0,0,NA,NA
gifford grade school,406 S Main St,Gifford,61847 0070,Champaign,15,1,NA,0,0,NA,NA
gilberts elem sch,729 Paper Bark Ln,Gilberts,60136 9706,Kane,08,1,NA,0,0,NA,NA
gillespie elem school,9301 S State St,Chicago,60619 7296,Cook,01,1,1,0,0,NA,NA
gillespie high school,612 Broadway St,Gillespie,62033 1164,Macoupin,13,1,NA,0,0,NA,NA
gillespie middle school,412 Oregon St,Gillespie,62033 1174,Macoupin,13,1,NA,0,0,NA,NA
gilson brown elem school,1613 W Delmar Ave,Godfrey,62035 1317,Madison,15,1,NA,0,0,NA,NA
glacier ridge elementary school,1120 Village Rd,Crystal Lake,60014 2908,McHenry,11,1,1,0,0,NA,NA
glacier ridge prek,1120 Village Rd,Crystal Lake,60014 2908,McHenry,11,1,NA,0,0,NA,NA
gladness v player early childhood center,8600 S Roberts Rd,Justice,60458 2307,Cook,06,1,NA,0,0,NA,NA
glen carbon elem school,141 Birger Ave,Glen Carbon,62034 1426,Madison,13,1,NA,0,0,NA,NA
glen crest middle school,725 Sheehan Ave,Glen Ellyn,60137 6332,Dupage,06,1,NA,0,0,NA,NA
glen flora elem school,1110 Chestnut St,Waukegan,60085 2982,Lake,10,1,1,0,0,NA,NA
glen grove elem school,3900 Glenview Rd,Glenview,60025 2421,Cook,09,1,1,0,0,NA,NA
glen hill elementary school,1324 Bloomingdale Rd,Glendale Heights,60139 3088,Dupage,03,1,NA,0,0,NA,NA
glen oak comm learning cntr,2100 N Wisconsin Ave,Peoria,61603 2610,Peoria,17,1,1,0,0,NA,NA
glen oaks elem school,9045 S 88th Ave,Hickory Hills,60457 1252,Cook,06,1,1,0,0,NA,NA
glenbard east high school,1014 S Main St,Lombard,60148 3938,Dupage,06,1,NA,0,0,NA,NA
glenbard north high school,990 Kuhn Rd,Carol Stream,60188 9227,Dupage,08,1,NA,0,0,NA,NA
glenbard south high school,23W200 Butterfield Rd,Glen Ellyn,60137 6974,Dupage,06,1,NA,0,0,NA,NA
glenbard west high school,670 Crescent Blvd,Glen Ellyn,60137 4286,Dupage,03,1,NA,0,0,NA,NA
glenbrook elem school,315 Garden Cir,Streamwood,60107 1007,Kane,08,1,NA,0,0,NA,NA
glenbrook evening high school,3801 W Lake Ave,Glenview,60026 1292,NA,NA,0,NA,0,0,NA,NA
glenbrook evening high school,3801 W Lake Ave,Glenview,60026 1292,Cook,NA,0,1,0,0,NA,NA
glenbrook north high school,2300 Shermer Rd,Northbrook,60062 6722,Cook,09,1,1,2,1,1,0.5
glenbrook north high school,2300 Shermer Rd,Northbrook,60062 6722,Cook,09,1,1,0,0,NA,NA
glenbrook off campus,1835 Landwehr Rd,Glenview,60026 1241,Cook,09,1,1,0,0,NA,NA
glenbrook south high school,4000 W Lake Ave,Glenview,60026 1239,Cook,09,1,1,1,1,0,0
glendale elem school,1000 Bloomington Rd,East Peoria,61611 2831,Tazewell,16,1,NA,0,0,NA,NA
glenn elem school,306 Glenn Ave,Normal,61761 3649,McLean,17,1,NA,0,0,NA,NA
glenn raymond school,101 W Mulberry St,Watseka,60970 1537,Iroquois,02,1,1,0,0,NA,NA
glenn westlake middle school,1514 S Main St,Lombard,60148 4502,Dupage,06,1,1,0,0,NA,NA
glenside middle school,1560 Bloomingdale Rd,Glendale Heights,60139 2734,Dupage,03,1,NA,0,0,NA,NA
glenview middle school,3100 7th St,East Moline,61244 3262,Rock Island,17,1,1,19,1,19,1
glenwood elementary school,2500 Northmoor Ave,Waukegan,60085 2528,Lake,10,1,1,0,0,NA,NA
glenwood elementary school,1401 E Plummer Blvd,Chatham,62629 8090,Sangamon,13,1,1,0,0,NA,NA
glenwood high school,1501 E Plummer Blvd,Chatham,62629 8083,Sangamon,13,1,NA,0,0,NA,NA
glenwood intermediate sch,465 Chatham Rd,Chatham,62629 8001,Sangamon,13,1,NA,0,0,NA,NA
glenwood middle school,595 Chatham Rd,Chatham,62629 8000,Sangamon,13,1,1,0,0,NA,NA
goethe elem school,2236 N Rockwell St,Chicago,60647 3004,Cook,03,1,1,0,0,NA,NA
golf middle school,9401 Waukegan Rd,Morton Grove,60053 1353,Cook,09,1,1,0,0,NA,NA
golfview elem school,124 Golfview Ln,Carpentersville,60110 2366,Kane,08,1,NA,0,0,NA,NA
gompers junior high school,1501 Copperfield Ave,Joliet,60432 2007,Will,14,1,1,0,0,NA,NA
goode stem academy hs,7651 S Homan Ave,Chicago,60652 1525,Cook,01,1,1,0,0,NA,NA
goodfield elem school,308 W Robinson St,Goodfield,61742 9610,Woodford,16,1,1,0,0,NA,NA
goodings grove school,12914 W 143rd St,Homer Glen,60491 7811,Will,01,1,1,0,0,NA,NA
goodrich elem school,3450 Hobson Rd,Woodridge,60517 5411,Dupage,11,1,NA,0,0,NA,NA
goodwin elem school,18 Poplar Pl,North Aurora,60542 1573,Kane,11,1,1,0,0,NA,NA
goodwin elementary school,2625 S Austin Blvd,Cicero,60804 3139,Cook,04,1,1,0,0,NA,NA
gordon bush alternative school for education,1516 Gross Ave,E Saint Louis,62205 3022,Saint Clair,13,1,NA,0,0,NA,NA
gordon gregory middle school,2621 Springdale Cir,Naperville,60564 8519,Dupage,14,1,1,0,0,NA,NA
gordon school,14100 S Harrison Ave,Posen,60469 1047,Cook,01,1,1,4,1,4,1
goreville elementary school,201 S Ferne Clyffe Rd,Goreville,62939 2698,Johnson,12,1,NA,0,0,NA,NA
goreville high school,201 S Ferne Clyffe Rd,Goreville,62939 2698,Johnson,12,1,NA,0,0,NA,NA
goshen elementary,101 District Dr,Edwardsville,62025 7766,Madison,15,1,NA,0,0,NA,NA
goudy technology academy,5120 N Winthrop Ave,Chicago,60640 3112,Cook,09,1,1,6,1,6,1
gower middle school,7941 S Madison St,Burr Ridge,60527 5805,Dupage,06,1,NA,0,0,NA,NA
gower west elem school,7650 Clarendon Hills Rd,Willowbrook,60527 2319,Dupage,06,1,NA,0,0,NA,NA
grace mcwayne elementary school,3501 Hapner Way,Batavia,60510 2678,Kane,11,1,1,0,0,NA,NA
grafton elem school,1200 Grafton Hills Dr,Grafton,62037 1212,Jersey,15,1,NA,1,1,1,1
graham a elem school,4436 S Union Ave,Chicago,60609 3465,Cook,07,1,1,0,0,NA,NA
graham r training center,2347 S Wabash Ave,Chicago,60616 2111,Cook,07,1,1,0,0,NA,NA
grand ave sch,1301 Grand Ave,Beardstown,62618 8092,Cass,NA,1,NA,0,0,NA,NA
grand prairie elem school,21462 N Richview Ln,Centralia,62801 8520,Jefferson,12,1,NA,0,0,NA,NA
grand prairie elem school,3100 Caton Farm Rd,Joliet,60431 1231,Will,14,1,1,10,1,7,0.7
grand prairie elementary school,10480 Nebraska St,Frankfort,60423 2235,Will,01,1,1,0,0,NA,NA
grand ridge school,400 W Main St,Grand Ridge,61325 9687,La Salle,16,1,1,0,0,NA,NA
grande park elem sch,26933 W Grande Park Blvd,Plainfield,60585 2995,Kendall,14,1,1,0,0,NA,NA
grande reserve elem sch,3142 Grande Trl,Yorkville,60560 4702,Kendall,14,1,NA,0,0,NA,NA
granite city high school,3148 Fehling Rd,Granite City,62040,Madison,13,1,NA,4,1,3,0.75
grant community high school,285 E Grand Ave,Fox Lake,60020 1634,Lake,10,1,1,8,1,7,0.875
grant elem school,1300 N 34th Ave,Melrose Park,60160 2835,Cook,04,1,1,0,0,NA,NA
grant middle school,10110 Old Lincoln Trl,Fairview Heights,62208 2422,Saint Clair,13,1,NA,0,0,NA,NA
grant park elem school,421 Esson Farm Rd,Grant Park,60940 0549,Kankakee,02,1,NA,0,0,NA,NA
grant park high school,421 Esson Farm Rd,Grant Park,60940 0549,Kankakee,02,1,NA,0,0,NA,NA
grant primary,1801 N 36th Ave,Stone Park,60165 1031,Cook,04,1,1,0,0,NA,NA
grantfork upper elementary sch,206 N Mulberry St,Highland,62249 3254,Madison,15,1,NA,0,0,NA,NA
grass lake elem school,26177 W Grass Lake Rd,Antioch,60002 9613,Lake,10,1,1,0,0,NA,NA
gray elem school,3730 N Laramie Ave,Chicago,60641 3338,Cook,03,1,1,0,0,NA,NA
gray m sanborn elem school,101 N Oak St,Palatine,60067 5246,Cook,05,1,1,0,0,NA,NA
graymont elem school,228 Lydia St,Graymont,61743 0117,Livingston,16,1,NA,0,0,NA,NA
grayslake central high school,400 N Lake St,Grayslake,60030 1430,Lake,10,1,1,1,1,0,0
grayslake early childhood,103 E Belvidere Rd,Hainesville,60030 1004,Lake,10,1,NA,0,0,NA,NA
grayslake middle school,440 Barron Blvd,Grayslake,60030 1666,Lake,10,1,NA,0,0,NA,NA
grayslake north high school,1925 N IL Route 83,Grayslake,60030 7962,Lake,10,1,1,2,1,2,1
grayville jr sr high school,728 W North St,Grayville,62844 1338,White,12,1,1,0,0,NA,NA
great lakes academy charter es,8401 S Saginaw Ave,Chicago,60617 2029,Cook,01,1,1,0,0,NA,NA
greeley alternative school,3202 N Wisconsin Ave,Peoria,61603 1260,N/A,NA,1,NA,0,0,NA,NA
greeley elem school,832 W Sheridan Rd,Chicago,60613 3004,Cook,09,1,1,0,0,NA,NA
greeley elem school,275 Fairview Ave,Winnetka,60093 4208,Cook,10,1,NA,0,0,NA,NA
green bay early childhood center,2100 Green Bay Rd,North Chicago,60064 2838,Lake,10,1,1,0,0,NA,NA
green bay school,240 Prairie Ave,Highland Park,60040 3112,Lake,NA,1,NA,0,0,NA,NA
green w elem school,1150 W 96th St,Chicago,60643 1461,Cook,01,1,1,0,0,NA,NA
greenbriar elem school,2195 Cherry Ln,Northbrook,60062 4522,Cook,10,1,NA,0,0,NA,NA
greenbriar elem school,101 W Greenbriar Ave,Chicago Heights,60411 1709,Cook,02,1,NA,0,0,NA,NA
greenbrier elem school,2330 N Verde Dr,Arlington Heights,60004 2867,Cook,05,1,1,0,0,NA,NA
greenbrook elem school,5208 Arlington Cir,Hanover Park,60133 5519,Dupage,08,1,1,0,0,NA,NA
greene n elem school,3525 S Honore St,Chicago,60609 1210,Cook,04,1,1,4,1,4,1
greenfield elem school,115 Prairie St,Greenfield,62044 1108,Greene,15,1,NA,0,0,NA,NA
greenfield high school,502 East St,Greenfield,62044 1316,Greene,15,1,NA,0,0,NA,NA
greenman elem school,729 W Galena Blvd,Aurora,60506 3532,Kane,11,1,1,0,0,NA,NA
greenview elementary school,147 E Palmer St,Greenview,62642 1000,Menard,15,1,NA,0,0,NA,NA
greenview jr sr high school,147 E Palmer St,Greenview,62642 1000,Menard,15,1,NA,0,0,NA,NA
greenville elem school,800 N Dewey St,Greenville,62246 1383,Bond,15,1,1,1,1,1,1
greenville jr high school,1200 Jr High Dr,Greenville,62246 4203,Bond,15,1,1,0,0,NA,NA
greenwood elem school,16800 Greenwood Ave,South Holland,60473 3193,Cook,02,1,1,0,0,NA,NA
greenwood elem school,1919 North Ave,Waukegan,60087 5113,Lake,10,1,1,0,0,NA,NA
greenwood elem school,4618 Greenwood Rd,Woodstock,60098 8650,McHenry,10,1,NA,0,0,NA,NA
gregory elem school,4820 Carol Ct,Rockford,61108 4175,Winnebago,17,1,NA,0,0,NA,NA
gregory intermediate,221 E Pine St,Moweaqua,62550 1041,Shelby,15,1,NA,0,0,NA,NA
gregory math and sci elem academy,3715 W Polk St,Chicago,60624 4016,Cook,07,1,1,0,0,NA,NA
gresham elem school,8524 S Green St,Chicago,60620 3234,Cook,01,1,1,3,1,1,0.333333333333333
griggsville perry high school,202 N Stanford St,Griggsville,62340 0439,Pike,15,1,1,0,0,NA,NA
griggsville perry middle school,201 E North St,Perry,62362 0098,Pike,15,1,1,0,0,NA,NA
griggsville perry primary school,202 N Stanford St,Griggsville,62340 0439,Pike,15,1,1,0,0,NA,NA
grigsby intermediate school,3801 Cargill Rd,Granite City,62040 4215,Madison,13,1,1,9,1,7,0.777777777777778
grimes elem school,5450 W 64th Pl,Chicago,60638 5634,Cook,04,1,1,0,0,NA,NA
grissom elem school,12810 S Escanaba Ave,Chicago,60633 1298,Cook,02,1,1,0,0,NA,NA
grove avenue elem school,900 S Grove Ave,Barrington,60010 5023,Lake,05,1,1,0,0,NA,NA
grove elementary school,1101 Airport Rd,Normal,61761 9357,McLean,16,1,NA,0,0,NA,NA
grove jr high school,777 W Elk Grove Blvd,Elk Grove Village,60007 4221,Cook,08,1,1,0,0,NA,NA
grundy area vocational center,1002 Union St,Morris,60450 1268,Grundy,NA,0,NA,0,0,NA,NA
grundy co sped cooperative,725 School St,Morris,60450 1218,Grundy,16,0,NA,0,0,NA,NA
grundy elem school,1100 S 4th Ave,Morton,61550 2859,Tazewell,16,1,1,0,0,NA,NA
grundy kendall roe,1320 Union St,Morris,60450 2426,N/A,NA,0,NA,0,0,NA,NA
guilford high school,5620 Spring Creek Rd,Rockford,61114 6442,Winnebago,17,1,NA,0,0,NA,NA
gunsaulus elem scholastic academy,4420 S Sacramento Ave,Chicago,60632 2509,Cook,04,1,1,0,0,NA,NA
gwendolyn brooks elem sch,3225 Sangamon Dr,Dekalb,60115 4702,Dekalb,14,1,1,1,1,1,1
gwendolyn brooks elementary,2700 Stonebridge Blvd,Aurora,60502 9444,Dupage,11,1,1,1,1,0,0
gwendolyn brooks middle school,325 S Kenilworth Ave,Oak Park,60302 3597,Cook,07,1,1,0,0,NA,NA
h c storm elem school,305 N Van Nortwick Ave,Batavia,60510 1711,Kane,11,1,1,0,0,NA,NA
h e l p marshall,815 S 9th St,Marshall,62441 1630,Coles,NA,0,NA,0,0,NA,NA
h h conrady jr high school,7950 W 97th St,Hickory Hills,60457 2327,Cook,06,1,1,0,0,NA,NA
h l richards high sch campus,10601 Central Ave,Oak Lawn,60453 5038,Cook,06,1,1,2,1,0,0
h r mccall elem school,3215 N McAree Rd,Waukegan,60087 2020,Lake,10,1,1,0,0,NA,NA
haber oaks campus,1200 S Mchenry Ave,Crystal Lake,60014 7495,McHenry,09,1,1,0,0,NA,NA
hadley junior high school,240 Hawthorne Blvd,Glen Ellyn,60137 4038,Dupage,03,1,NA,0,0,NA,NA
hadley middle school,15731 S Bell Rd,Homer Glen,60491 8404,Will,01,1,1,0,0,NA,NA
haines elem school,247 W 23rd Pl,Chicago,60616 1907,Cook,07,1,1,0,0,NA,NA
haines elem school,155 Haines Ave,New Lenox,60451 1601,Will,01,1,1,0,0,NA,NA
hale elem school,6140 S Melvina Ave,Chicago,60638 4300,Cook,06,1,1,1,1,1,1
haley elem academy,11411 S Eggleston Ave,Chicago,60628 4737,Cook,01,1,1,7,1,4,0.571428571428571
half day school,239 Olde Half Day Rd,Lincolnshire,60069 2906,Lake,10,1,NA,0,0,NA,NA
hall elem school,2001 Heather Dr,Aurora,60506 1800,Kane,11,1,1,0,0,NA,NA
hall high school,800 W Erie St,Spring Valley,61362 1761,Bureau,14,1,NA,0,0,NA,NA
hamel elementary school,400 W State St,Hamel,62046 0157,Madison,15,1,NA,0,0,NA,NA
hamilton county jr sr high school,1 Fox Ln,Mc Leansboro,62859 1149,Hamilton,12,1,1,0,0,NA,NA
hamilton county preschool center,204 W Cherry St,Mc Leansboro,62859 1103,Hamilton,12,1,1,0,0,NA,NA
hamilton elem school,1650 W Cornelia Ave,Chicago,60657 1228,Cook,05,1,1,1,1,1,1
hamilton elem school,700 32nd Ave,Moline,61265 5953,Rock Island,17,1,NA,0,0,NA,NA
hamilton elementary school,1830 Broadway St,Hamilton,62341 1705,Hancock,15,1,1,0,0,NA,NA
hamilton high school,1100 Keokuk St,Hamilton,62341 1049,Hancock,15,1,1,0,0,NA,NA
hamlin upper grade center,12150 S Hamlin Ave,Alsip,60803 1218,Cook,01,1,1,0,0,NA,NA
hamline elem school,4747 S Bishop St,Chicago,60609 4206,Cook,04,1,1,1,1,1,1
hammond elem school,2819 W 21st Pl,Chicago,60623 3503,Cook,04,1,1,1,1,0,0
hampshire elem school,321 Terwilliger Ave,Hampshire,60140 9624,Kane,11,1,NA,0,0,NA,NA
hampshire high school,1600 Big Timber Rd,Hampshire,60140 8374,Kane,11,1,NA,0,0,NA,NA
hampshire middle school,560 S State St,Hampshire,60140 9607,Kane,11,1,NA,0,0,NA,NA
hampton elem fine and perf arts sch,3434 W 77th St,Chicago,60652 1453,Cook,01,1,1,17,1,15,0.882352941176471
hampton elem school,206 5th St,Hampton,61256 9662,Rock Island,17,1,1,0,0,NA,NA
hancck fultn schuylr mcdonogh roe,130 S Lafayette St Ste 200,Macomb,61455 2280,N/A,NA,0,NA,0,0,NA,NA
hancock college preparatory hs,5437 W 64Th Pl,Chicago,60638 5656,Cook,04,1,1,0,0,NA,NA
hannah beardsley middle school,515 E Crystal Lake Ave,Crystal Lake,60014 6215,McHenry,09,1,NA,0,0,NA,NA
hanover countryside elem school,6 S Bartlett Rd,Streamwood,60107 1022,Kane,08,1,NA,0,0,NA,NA
hanover highlands elem school,1451 Cypress Ave,Hanover Park,60133 3705,Cook,08,1,1,6,1,4,0.666666666666667
hanson park elem school,5411 W Fullerton Ave,Chicago,60639 1459,Cook,03,1,1,5,1,3,0.6
harbor academy reg safe sch prg,415 Lexington St,Maywood,60153 3271,N/A,NA,0,NA,0,0,NA,NA
hardin county elem school,4 School Rd,Elizabethtown,62931 0218,Hardin,12,1,NA,0,0,NA,NA
hardin county high school,4 School Rd,Elizabethtown,62931 0218,Hardin,12,1,NA,0,0,NA,NA
hardin county jr high school,4 School Rd,Elizabethtown,62931 0218,Hardin,12,1,NA,0,0,NA,NA
harding grade school,1643 N 40th Rd,Earlville,60518 6104,La Salle,14,1,NA,0,0,NA,NA
harding primary school,415 E 9th Ave,Monmouth,61462 2755,Warren,17,1,NA,0,0,NA,NA
harlan community academy hs,9652 S Michigan Ave,Chicago,60628 1415,Cook,01,1,1,7,1,7,1
harlem high school,9229 N Alpine Rd,Machesney Park,61115 1924,Winnebago,16,1,NA,0,0,NA,NA
harlem middle school,735 Windsor Rd,Loves Park,61111 4152,Winnebago,17,1,1,0,0,NA,NA
harmony intermediate center,7401 Westchester Dr,Belleville,62223 2635,Saint Clair,13,1,1,0,0,NA,NA
harnew elem school,9101 Meade Ave,Oak Lawn,60453 1570,Cook,06,1,1,0,0,NA,NA
harold b dawson middle school,2708 W Rohmann Ave,West Peoria,61604 4921,Peoria,17,1,1,1,1,0,0
harper elem school,1101 Dartmouth St,Wilmette,60091 1362,Cook,10,1,1,2,1,2,1
harriet gifford elem school,240 S Clifton Ave,Elgin,60123 7151,Kane,08,1,NA,0,0,NA,NA
harriet tubman elem school,2851 N Seminary Ave,Chicago,60657 4363,Cook,05,1,1,3,1,3,1
harrisburg high school,333 W College St,Harrisburg,62946 2518,Saline,12,1,NA,0,0,NA,NA
harrisburg middle school,312 Bulldog Blvd,Harrisburg,62946 4686,Saline,12,1,1,0,0,NA,NA
harrison elem school,6809 McCullom Lake Rd,Wonder Lake,60097 9546,McHenry,10,1,1,3,1,3,1
harrison street elem school,201 N Harrison St,Geneva,60134 1565,Kane,08,1,1,0,0,NA,NA
harry d jacobs high school,2601 Bunker Hill Dr,Algonquin,60102 9780,Kane,09,1,NA,0,0,NA,NA
harry e fry school,7805 Mobile Ave,Burbank,60459 1109,Cook,04,1,1,0,0,NA,NA
hartford elem school,110 W 2nd St,Hartford,62048 1204,Madison,13,1,NA,0,0,NA,NA
hartsburg emden jr sr high school,400 W Front St,Hartsburg,62643 7325,Logan,15,1,NA,0,0,NA,NA
harvard elem school,7525 S Harvard Ave,Chicago,60620 1616,Cook,01,1,1,0,0,NA,NA
harvard high school,1103 N Jefferson St,Harvard,60033 1757,McHenry,16,1,1,1,1,0,0
harvard jr high school,1301 Garfield St,Harvard,60033 1737,McHenry,16,1,1,0,0,NA,NA
harvard park elem school,2501 S 11th St,Springfield,62703 3903,Sangamon,13,1,1,0,0,NA,NA
haskell elementary school,515 Maple St,Rockford,61103 6711,Winnebago,17,1,NA,0,0,NA,NA
haugan elem school,4540 N Hamlin Ave,Chicago,60625 5928,Cook,03,1,1,5,1,5,1
havana high school,501 S McKinley St,Havana,62644 1867,Mason,15,1,1,0,0,NA,NA
havana jr high school,801 E Laurel Ave,Havana,62644 1567,Mason,15,1,1,0,0,NA,NA
haven middle school,2417 Prairie Ave,Evanston,60201 2214,Cook,09,1,NA,0,0,NA,NA
hawk hollow elem school,235 Jacaranda Dr,Bartlett,60103 2901,Kane,NA,1,NA,0,0,NA,NA
hawthorn aspen elem school,500 N Aspen Dr,Vernon Hills,60061 1616,Lake,10,1,1,6,1,4,0.666666666666667
hawthorn elem school,1300 Bobcat Cir,Salem,62881 4274,Marion,12,1,1,0,0,NA,NA
hawthorn elem school north,301 W Hawthorn Pkwy,Vernon Hills,60061 1461,Lake,10,1,1,0,0,NA,NA
hawthorn elem school south,430 N Aspen Dr,Vernon Hills,60061 1616,Lake,10,1,1,1,1,1,1
hawthorn middle school north,201 W Hawthorn Pkwy,Vernon Hills,60061 1430,Lake,10,1,1,10,1,10,1
hawthorn middle school south,600 N Aspen Dr,Vernon Hills,60061 1621,Lake,10,1,1,0,0,NA,NA
hawthorn sch of dual language,810 N Aspen Dr,Vernon Hills,60061 1427,Lake,10,1,1,4,1,3,0.75
hawthorn school for young learners,637 N Aspen Dr,Vernon Hills,60061 1620,Lake,10,1,1,1,1,0,0
hawthorn townline elem sch,810 N Aspen Dr,Vernon Hills,60061 1427,Lake,10,1,1,0,0,NA,NA
hawthorne elem scholastic academy,3319 N Clifton Ave,Chicago,60657 2224,Cook,05,1,1,1,1,1,1
hawthorne elem school,334 Wakeman Ave,Wheaton,60187 3666,Dupage,03,1,1,0,0,NA,NA
hawthorne elem school,145 W Arthur St,Elmhurst,60126 3320,Dupage,06,1,1,0,0,NA,NA
hay elem community academy,1018 N Laramie Ave,Chicago,60651 2930,Cook,07,1,1,2,1,2,1
hayt elem school,1518 W Granville Ave,Chicago,60660 1812,Cook,09,1,1,8,1,7,0.875
hazel dell elem school,850 W Lake Shore Dr,Springfield,62712 9588,Sangamon,13,1,1,0,0,NA,NA
hazelgreen elem school,11751 S Lawler Ave,Alsip,60803 4931,Cook,06,1,1,0,0,NA,NA
healy elem school,3010 S Parnell Ave,Chicago,60616 3199,Cook,07,1,1,1,1,1,1
hearst elem school,4640 S Lamon Ave,Chicago,60638 2044,Cook,04,1,1,0,0,NA,NA
heartland elementary school,3300 Heartland Dr,Geneva,60134 3903,Kane,11,1,1,2,1,1,0.5
heartland region,1 College Park,Decatur,62521 8512,NA,NA,0,NA,0,0,NA,NA
heartland technical academy,1 College Park,Decatur,62521 8512,Macon,NA,0,NA,0,0,NA,NA
heather hill elem school,1439 Lawrence Cres,Flossmoor,60422 1716,Cook,02,1,1,0,0,NA,NA
hedding grade sch,401 W Latimer St,Abingdon,61410 1227,Knox,17,1,1,0,0,NA,NA
hedges elem school,4747 S Winchester Ave,Chicago,60609 4140,Cook,04,1,1,4,1,3,0.75
hefferan elem school,4409 W Wilcox St,Chicago,60624 2550,Cook,07,1,1,8,1,6,0.75
heineman middle school,725 Dr John Burkey Dr,Algonquin,60102 4422,McHenry,11,1,NA,0,0,NA,NA
helen keller elem school,7846 163rd St,Tinley Park,60477 1229,Cook,06,1,1,0,0,NA,NA
helen keller jhs,820 Bode Rd,Schaumburg,60194 2750,Cook,08,1,1,3,1,3,1
help neoga,641 W. 6th Street,Neoga,62447,Coles,NA,0,NA,0,0,NA,NA
henderson elem school,5650 S Wolcott Ave,Chicago,60636 1127,Cook,07,1,1,3,1,1,0.333333333333333
henderson knox mercer warren roe,932 Harrison St,Galesburg,61401 4018,N/A,NA,0,NA,0,0,NA,NA
hendricks elem community academy,4316 S Princeton Ave,Chicago,60609 3643,Cook,07,1,1,1,1,1,1
henking elem school,2941 Linneman St,Glenview,60025 4035,Cook,09,1,1,0,0,NA,NA
henry elem school,4250 N Saint Louis Ave,Chicago,60618 1121,Cook,03,1,1,3,1,0,0
henry puffer school,2220 Haddow Ave,Downers Grove,60515 3211,Dupage,06,1,1,3,1,3,1
henry raab elem school,1120 Union Ave,Belleville,62220 1855,Saint Clair,13,1,1,0,0,NA,NA
henry w cowherd middle school,441 N Farnsworth Ave,Aurora,60505 3010,Kane,11,1,NA,0,0,NA,NA
henry w longfellow elem school,501 S Arlington Heights Rd,Buffalo Grove,60089 3245,Cook,09,1,1,4,1,4,1
henry winkelman elem school,1919 Landwehr Rd,Glenview,60026 1243,Cook,09,1,NA,0,0,NA,NA
henry senachwine grade school,201 Richard St,Henry,61537 1260,Marshall,16,1,NA,0,0,NA,NA
henry senachwine high school,1023 College St,Henry,61537 1074,Marshall,16,1,NA,0,0,NA,NA
herget middle school,1550 Deerpath Rd,Aurora,60506 7941,Kane,14,1,1,7,1,6,0.857142857142857
heritage elem school,507 Arnold Ave,Streamwood,60107 3013,Kane,03,1,NA,0,0,NA,NA
heritage grove middle school,12425 S Van Dyke Rd,Plainfield,60585 2701,Will,14,1,1,4,1,4,1
heritage high school,206 E Diller St,Broadlands,61816 0260,Champaign,15,1,NA,0,0,NA,NA
heritage jr high and elementary school,512 W 1st St,Homer,61849 1215,Champaign,15,1,NA,0,0,NA,NA
heritage lakes elem school,925 Woodhill Dr,Carol Stream,60188 2998,Dupage,08,1,1,0,0,NA,NA
heritage middle school,6850 31st St,Berwyn,60402 3058,Cook,04,1,1,0,0,NA,NA
heritage middle school,6021 S 74th Ave,Summit,60501 1500,Cook,04,1,1,0,0,NA,NA
heritage middle school,19250 Burnham Ave,Lansing,60438 3822,Cook,02,1,1,3,1,3,1
herman e dummer,422 S Wells St,Sandwich,60548 2400,Dekalb,14,1,NA,0,0,NA,NA
hernandez middle school,3510 W 55th St,Chicago,60632 3284,Cook,04,1,1,0,0,NA,NA
herrick middle school,4335 Middaugh Ave,Downers Grove,60515 2789,Dupage,06,1,1,3,1,3,1
herrin c u s d 4 elem school,5200 Herrin Rd,Herrin,62948 6346,Williamson,12,1,NA,0,0,NA,NA
herrin high school,700 N 10th St,Herrin,62948 3338,Williamson,12,1,NA,0,0,NA,NA
herrin middle school,700 S 14th St,Herrin,62948 3808,Williamson,12,1,1,3,1,3,1
herscher high school,501 N Main St,Herscher,60941 9595,Kankakee,02,1,1,0,0,NA,NA
herscher intermediate sch,391 N Main St,Herscher,60941 0504,Kankakee,02,1,1,0,0,NA,NA
hersey hs d hh hs program,700 N Schoenbeck Rd,Prospect Hts,60070 1231,Cook,09,0,NA,0,0,NA,NA
herzl elem school,3711 W Douglas Blvd,Chicago,60623 1413,Cook,07,1,1,4,1,3,0.75
hester jr high school,2836 Gustav St,Franklin Park,60131 2905,Cook,04,1,1,0,0,NA,NA
heyworth elem school,100 S Joselyn St,Heyworth,61745 9191,McLean,16,1,1,0,0,NA,NA
heyworth jr sr high school,308 W Cleveland St,Heyworth,61745 9337,McLean,16,1,1,0,0,NA,NA
hiawatha elem sch prek 5,410 1st St,Kirkland,60146 0428,Dekalb,16,1,1,0,0,NA,NA
hiawatha elem school,6539 26th St,Berwyn,60402 2637,Cook,04,1,1,2,1,1,0.5
hiawatha jr sr high school,410 1st St,Kirkland,60146 0428,Dekalb,16,1,1,0,0,NA,NA
hibbard elem school,3244 W Ainslie St,Chicago,60625 5018,Cook,03,1,1,0,0,NA,NA
hickory bend elem school,600 E 191st Pl,Glenwood,60425 1924,Cook,02,1,NA,0,0,NA,NA
hickory creek middle school,22150 S Owens Rd,Frankfort,60423 9064,Will,01,1,1,0,0,NA,NA
hickory grove elementary school,2514 W Hickory Grove Rd,Dunlap,61525 9802,Peoria,16,1,1,1,1,0,0
hickory point elem school,500 Laburnum Dr,Northbrook,60062 2227,Cook,10,1,NA,0,0,NA,NA
higgins education center,1100 W Higgins Rd,Hoffman Estates,60169 4050,Cook,08,1,1,0,0,NA,NA
higgins elem community academy,11710 S Morgan St,Chicago,60643 5249,Cook,01,1,1,2,1,2,1
high mount elem school,1721 Boul Ave,Swansea,62226 4254,Saint Clair,13,1,1,0,0,NA,NA
high point elem school,14825 West Ave,Orland Park,60462 3144,Cook,06,1,1,1,1,1,1
highcrest middle school,569 Hunter Rd,Wilmette,60091 2209,Cook,09,1,1,0,0,NA,NA
highland elem school,3935 Highland Ave,Downers Grove,60515 1515,Dupage,06,1,1,0,0,NA,NA
highland elem school,190 N Melrose Ave,Elgin,60123 5183,Kane,08,1,NA,0,0,NA,NA
highland elem school,410 S Hickory St,Stillman Valley,61084 8803,Ogle,16,1,1,0,0,NA,NA
highland elementary school,9700 Crawford Ave,Skokie,60076 1106,Cook,09,1,1,0,0,NA,NA
highland elementary school,400 Broadway,Highland,62249 2024,Madison,15,1,NA,0,0,NA,NA
highland high school,400 Broadway,Highland,62249 2024,Madison,15,1,NA,0,0,NA,NA
highland middle school,310 W Rockland Rd,Libertyville,60048 2739,Lake,10,1,NA,0,0,NA,NA
highland middle school,400 Broadway,Highland,62249 2024,Madison,15,1,NA,0,0,NA,NA
highland park high school,433 Vine Ave,Highland Park,60035 2044,Lake,10,1,1,0,0,NA,NA
highland primary school,400 Broadway,Highland,62249 2024,Madison,15,1,NA,0,0,NA,NA
highland school,828 Willow Dr,Chicago Heights,60411 2169,Cook,02,1,NA,0,0,NA,NA
highlands elem school,5850 Laurel Ave,La Grange Highlands,60525 7018,Cook,06,1,1,0,0,NA,NA
highlands elem school,3420 Laurel Ln,Hazel Crest,60429 1011,Cook,02,1,1,0,0,NA,NA
highlands elem school,525 S Brainard St,Naperville,60540 6659,Dupage,11,1,1,0,0,NA,NA
highlands middle school,1850 W Plainfield Rd,La Grange Highlands,60525 3730,Cook,06,1,NA,0,0,NA,NA
hill elem school,724 Pennsylvania Ave,Aurora,60506 3032,Kane,11,1,1,3,1,1,0.333333333333333
hillcrest elem school,1435 Jefferson Ave,Downers Grove,60516 1236,Dupage,06,1,1,0,0,NA,NA
hillcrest elem school,80 N Airlite St,Elgin,60123 4913,Kane,08,1,NA,0,0,NA,NA
hillcrest elem school,451 22nd Ave,East Moline,61244 2453,Rock Island,17,1,NA,0,0,NA,NA
hillcrest elementary school,433 E Depot St,Antioch,60002 1532,Lake,10,1,1,0,0,NA,NA
hillcrest high school,17401 Pulaski Rd,Country Club Hills,60478 4600,Cook,02,1,1,11,1,6,0.545454545454545
hillsboro high school,522 E Tremont St,Hillsboro,62049 1853,Montgomery,15,1,NA,0,0,NA,NA
hillsboro jr high school,909 Rountree St,Hillsboro,62049 1827,Montgomery,15,1,NA,0,0,NA,NA
hillside elem school,4804 Harrison St,Hillside,60162 1601,Cook,07,1,1,1,1,0,0
hilltop elem school,2615 W Lincoln Rd,McHenry,60051 3639,McHenry,10,1,1,0,0,NA,NA
hilltop elementary school,1855 Rohrson Rd,Elgin,60120 7524,Kane,08,1,NA,0,0,NA,NA
hinckley big rock elem sch,600 W Lincoln Hwy,Hinckley,60520 9002,Dekalb,14,1,1,1,1,1,1
hinckley big rock high school,700 E Lincoln Ave,Hinckley,60520 9502,Dekalb,14,1,1,0,0,NA,NA
hinckley big rock middle sch,47W984 Route 30,Big Rock,60511 0247,Dekalb,14,1,1,1,1,1,1
hines primary school,4603 N Knoxville Ave,Peoria,61614 6107,Peoria,17,1,1,0,0,NA,NA
hinsdale central high school,5500 S Grant St,Hinsdale,60521 4578,Dupage,04,1,NA,0,0,NA,NA
hinsdale middle school,100 S Garfield St,Hinsdale,60521 4252,Dupage,04,1,1,0,0,NA,NA
hinsdale south high school,7401 Clarendon Hills Rd,Darien,60561 4288,Dupage,06,1,NA,0,0,NA,NA
hinsdale twp hsd 86 adult opportunities program,7302 Clarendon Hills Rd,Darien,60561 4285,Dupage,06,0,NA,0,0,NA,NA
hirsch metropolitan high school,7740 S Ingleside Ave,Chicago,60619 3207,Cook,01,1,1,0,0,NA,NA
hitch elem school,5625 N McVicker Ave,Chicago,60646 6102,Cook,05,1,1,2,1,2,1
hodgkins elem school,6516 Kane Ave,Hodgkins,60525 7618,Cook,06,1,1,0,0,NA,NA
hoffman elem school,2000 Harrison St,Glenview,60025 4940,Cook,09,1,1,0,0,NA,NA
hoffman estates high school,1100 W Higgins Rd,Hoffman Estates,60169 4050,Cook,08,1,1,0,0,NA,NA
holden elem school,1104 W 31st St,Chicago,60608 5602,Cook,04,1,1,2,1,1,0.5
hollis consolidated grade sch,5613 W Tuscarora Rd,Peoria,61607 9564,Peoria,17,1,NA,0,0,NA,NA
hollywood elem school,3423 Hollywood Ave,Brookfield,60513 1701,Cook,04,1,1,0,0,NA,NA
hollywood heights,6 S Oakland Dr,Caseyville,62232 2020,Madison,12,1,NA,0,0,NA,NA
holmes elem school,955 W Garfield Blvd,Chicago,60621 2240,Cook,07,1,1,0,0,NA,NA
holmes elem school,5800 Holmes Ave,Clarendon Hills,60514 1724,Dupage,06,1,1,0,0,NA,NA
holmes elem school,16000 Carse Ave,Harvey,60426 5212,Cook,02,1,NA,0,0,NA,NA
holmes jr high school,1900 W Lonnquist Blvd,Mount Prospect,60056 3536,Cook,05,1,1,1,1,1,1
home elem school,4400 Home Ave,Stickney,60402 4316,Cook,04,1,1,0,0,NA,NA
homer jr high school,15711 S Bell Rd,Homer Glen,60491 8404,Will,01,1,1,0,0,NA,NA
homestead elementary school,2830 Hillsboro Blvd,Aurora,60503 5416,Kendall,14,1,1,0,0,NA,NA
hometown elem school,8870 S Duffy Ave,Hometown,60456 1140,Cook,06,1,1,0,0,NA,NA
homewood flossmoor high school,999 Kedzie Ave,Flossmoor,60422 2248,Cook,02,1,1,3,1,1,0.333333333333333
hononegah chd high school,307 Salem St,Rockton,61072 2630,Winnebago,NA,1,1,0,0,NA,NA
hoopeston area high school,615 E Orange St,Hoopeston,60942 1855,Vermilion,02,1,NA,0,0,NA,NA
hoopeston area middle school,615 E Orange St,Hoopeston,60942 1855,Vermilion,02,1,NA,0,0,NA,NA
hoover elem school,1260 Superior Ave,Calumet City,60409 5731,Cook,02,1,NA,0,0,NA,NA
hoover math and science academy,315 N Springinsguth Rd,Schaumburg,60194 4063,Cook,08,1,1,0,0,NA,NA
hoover wood elem school,1640 Wagner Rd,Batavia,60510 9396,Kane,11,1,1,0,0,NA,NA
hope academy,955 N Illinois St,Decatur,62521 1427,Macon,13,1,1,0,0,NA,NA
hope d wall tmh child dev ctr,449 New Indian Trl Ct,Aurora,60506 2206,Kane,11,1,1,0,0,NA,NA
hope learning academy,1326 West 14th Place 2nd floor,Chicago,60680,Cook,NA,1,1,0,0,NA,NA
horace mann elc,3530 38th Ave,Rock Island,61201 6563,Rock Island,17,1,1,0,0,NA,NA
horace mann elem school,921 N Kenilworth Ave,Oak Park,60302 1315,Cook,07,1,1,3,1,2,0.666666666666667
horace mann school,2975 W Broadway St,Blue Island,60406,Cook,01,1,NA,0,0,NA,NA
horizon elem school,1701 Greenbrook Blvd,Hanover Park,60133 5338,Kane,08,1,NA,0,0,NA,NA
horizon sci academy southwest charter,5401 S Western Ave,Chicago,60609 5438,Cook,04,1,1,3,1,3,1
horizon science acad belmont charter sch,2456 N Mango Ave,Chicago,60639 2313,Cook,03,1,NA,0,0,NA,NA
horizon science acad belmont charter sch,2456 N Mango Ave,Chicago,60639 2313,Cook,NA,1,NA,0,0,NA,NA
horizon science acad mckinley park charter sch,2245 W Pershing Rd,Chicago,60609 2211,Cook,04,1,NA,0,0,NA,NA
horizon science acad mckinley park charter sch,2245 W Pershing Rd,Chicago,60609 2211,Cook,NA,1,NA,0,0,NA,NA
horizon science academy southwest chicago,5401 South Western Avenue,Chicago,60609,Cook County,NA,1,NA,0,0,NA,NA
hough street elem school,310 S Hough St,Barrington,60010 4306,Lake,05,1,1,0,0,NA,NA
howard b thomas grade school,44W575 Plato Rd,Burlington,60109 0395,Kane,11,1,NA,0,0,NA,NA
howe elem school,720 N Lorel Ave,Chicago,60644 1666,Cook,07,1,1,1,1,1,1
howe elementary school,10271 W Beach Rd,Beach Park,60087 1773,Lake,10,1,NA,0,0,NA,NA
hoyleton education center,226 Chicago Ave,Centralia,62801,Marion,12,0,NA,0,0,NA,NA
hoyne elem school,8905 S Crandon Ave,Chicago,60617 3095,Cook,01,1,1,1,1,1,1
hubbard high school,6200 S Hamlin Ave,Chicago,60629 4030,Cook,04,1,1,3,1,2,0.666666666666667
hubbard woods elem school,1110 Chatfield Rd,Winnetka,60093 1809,Cook,10,1,NA,0,0,NA,NA
hubble middle school,3S600 Herrick Rd,Warrenville,60555 4007,Dupage,11,1,1,0,0,NA,NA
hubert h humphrey middle school,777 Falcon Ridge Way,Bolingbrook,60440 2200,Will,11,1,NA,0,0,NA,NA
hudson elem school,205 S McLean St,Hudson,61748 9079,McLean,16,1,NA,0,0,NA,NA
huff elem school,801 Hastings St,Elgin,60120 8220,Kane,03,1,NA,0,0,NA,NA
huffman elem school,600 Saint Robert Dr,Cahokia,62206 1757,Saint Clair,13,1,1,2,1,0,0
hufford junior high school,1125 N Larkin Ave,Joliet,60435 3434,Will,14,1,1,0,0,NA,NA
hughes c elem school,4247 W 15th St,Chicago,60623 1929,Cook,07,1,1,1,1,1,1
hughes l elem school,240 W 104th St,Chicago,60628 2510,Cook,01,1,1,0,0,NA,NA
hunt club elem,4001 Hunt Club Dr,Oswego,60543 8176,Kendall,14,1,1,0,0,NA,NA
hunting ridge elem school,1105 W Illinois Ave,Palatine,60067 6628,Cook,05,1,1,0,0,NA,NA
huntley high school,13719 Harmony Rd,Huntley,60142 9792,McHenry,11,1,NA,0,0,NA,NA
huntley middle school,1515 S 4th St,Dekalb,60115 4656,Dekalb,14,1,1,1,1,1,1
hurley elem school,3849 W 69th Pl,Chicago,60629 4210,Cook,04,1,1,0,0,NA,NA
husmann elem school,131 W Paddock St,Crystal Lake,60014 6125,McHenry,09,1,1,5,1,5,1
hutsonville elem and jr high sch,500 W Clover St,Hutsonville,62433 1017,Crawford,12,1,NA,0,0,NA,NA
hutsonville high school,500 W Clover St,Hutsonville,62433 1017,Crawford,12,1,NA,0,0,NA,NA
hyde park academy high school,6220 S Stony Island Ave,Chicago,60637 2998,Cook,01,1,1,9,1,9,1
hyde park elem school,1525 Hyde Park Ave,Waukegan,60085 3631,Lake,10,1,1,0,0,NA,NA
hynes elem school,9000 Belleforte Ave,Morton Grove,60053 2019,Cook,09,1,1,0,0,NA,NA
i kan regional alternatve att ctr,50 W Industrial Dr,Kankakee,60901 8133,N/A,NA,1,NA,0,0,NA,NA
ideal elem school,9901 W 58th St,Countryside,60525 5122,Cook,06,1,1,0,0,NA,NA
igknight personalized learning academy,1N137 Meredith Rd,Maple Park,60151,NA,NA,NA,1,0,0,NA,NA
ihsca charter high school,2520 S Western Ave,Chicago,60608 4809,Cook,04,1,1,0,0,NA,NA
ijla charter high school,2570 S Blue Island,Chicago,60608,Cook,04,1,1,0,0,NA,NA
il center for rehab and educ r,1950 W Roosevelt Rd,Chicago,60608 1245,State Of Illinois,07,0,NA,0,0,NA,NA
il dept of children and family services,100 W Randolph St 6-229,Chicago,60601,State Of Illinois,07,0,NA,0,0,NA,NA
il sch for the visually impaired,658 E State St,Jacksonville,62650 2130,State Of Illinois,15,0,NA,0,0,NA,NA
il valley central high school,1300 W Sycamore St,Chillicothe,61523 1373,Peoria,16,1,NA,0,0,NA,NA
il youth center pere marquette,17808 State Highway 100 W,Grafton,62037 2317,Dept Of Corrections,15,0,NA,0,0,NA,NA
iles elem school,1700 S 15th St,Springfield,62703 2962,Sangamon,13,1,1,0,0,NA,NA
illini bluffs elementary school,9611 S Hanna City Glasford Rd,Glasford,61533 9506,Peoria,17,1,NA,0,0,NA,NA
illini bluffs high school,9611 S Hanna City Glasford Rd,Glasford,61533 9506,Peoria,17,1,NA,0,0,NA,NA
illini bluffs middle school,9611 S Hanna City Glasford Rd,Glasford,61533 9506,Peoria,17,1,NA,0,0,NA,NA
illini central grade school,208 N West Ave,Mason City,62664 1066,Mason,15,1,1,0,0,NA,NA
illini central high school,208 N West Ave,Mason City,62664 1066,Mason,15,1,1,0,0,NA,NA
illini central middle school,208 N West Ave,Mason City,62664 1066,Mason,15,1,1,0,0,NA,NA
illini elem school,21 Circle Dr,Fairview Heights,62208 1103,Saint Clair,13,1,1,3,1,3,1
illini west high school,600 Miller St,Carthage,62321 0298,Hancock,15,1,NA,0,0,NA,NA
illinois city elem school,24017 122nd Ave W,Illinois City,61259 0039,Rock Island,17,1,1,0,0,NA,NA
illinois mathematics and science academy,1500 Sullivan Rd,Aurora,60506 1067,State Of Illinois,11,1,1,0,0,NA,NA
illinois park elem school,1350 Wing St,Elgin,60123 2738,Kane,08,1,NA,0,0,NA,NA
illinois school,210 Illinois St,Park Forest,60466 1100,Cook,02,1,1,0,0,NA,NA
illinois school for the deaf,125 S Webster Ave,Jacksonville,62650 1877,State Of Illinois,15,0,NA,0,0,NA,NA
illinois youth center warrenville,30W200 Ferry Rd,Naperville,60563 9683,Dept Of Corrections,11,0,NA,0,0,NA,NA
illinois youth ctr st charles,3825 Campton Hills Dr,Saint Charles,60175 6062,Dept Of Corrections,NA,0,NA,0,0,NA,NA
ina brixey center,15732 S Howard St,Plainfield,60544,Will,NA,1,1,0,0,NA,NA
independence elem school,230 S Orchard Dr,Bolingbrook,60440 2600,Will,11,1,1,0,0,NA,NA
independence jr high school,6610 W Highland Dr,Palos Heights,60463 2217,Cook,06,1,NA,0,0,NA,NA
independence preschool,200 E Taylor Ave,Bartlett,60103 4128,Kane,03,1,NA,0,0,NA,NA
indian creek elementary school,301 W Cherokee Ave,Shabbona,60550 5165,Dekalb,14,1,NA,0,0,NA,NA
indian creek high school,506 S Shabbona Rd,Shabbona,60550 9784,Dekalb,14,1,NA,0,0,NA,NA
indian creek middle school,335 E Garfield St,Waterman,60556 9825,Dekalb,14,1,NA,0,0,NA,NA
indian grove elem school,1340 N Burning Bush Ln,Mount Prospect,60056 1854,Cook,09,1,1,0,0,NA,NA
indian hill,12800 S Austin Ave,Palos Heights,60463 2341,Cook,06,1,NA,0,0,NA,NA
indian hill elem school,1920 Lotus Dr,Round Lake Heights,60073 1122,Lake,10,1,1,0,0,NA,NA
indian knoll elem school,N645 Indian Knoll Rd,West Chicago,60185 2424,Dupage,03,1,NA,0,0,NA,NA
indian prairie elem school,651 Village Rd,Crystal Lake,60014 2005,McHenry,09,1,1,1,1,0,0
indian trail elem school,6235 Stonewall Ave,Downers Grove,60516 1777,Dupage,06,1,1,8,1,8,1
indian trail elem school,2075 Saint Johns Ave,Highland Park,60035 2416,Lake,10,1,1,0,0,NA,NA
indian trail elem school,20912 S Frankfort Square Rd,Frankfort,60423 8123,Will,01,1,1,0,0,NA,NA
indian trail jr high school,222 N Jf Kennedy Dr,Addison,60101 6602,Dupage,03,1,1,0,0,NA,NA
indian trail middle school,14723 S Eastern Ave,Plainfield,60544 2949,Will,14,1,1,1,1,1,1
indian valley area voc ctr,600 Lions Rd,Sandwich,60548 2448,Dekalb,NA,0,NA,0,0,NA,NA
indiana elem school,165 Indiana St,Park Forest,60466 1078,Cook,02,1,1,0,0,NA,NA
infinity math science and tech hs,3120 S Kostner Ave,Chicago,60623 4842,Cook,04,1,1,0,0,NA,NA
ingersoll middle school,1605 E Ash St,Canton,61520 1510,Fulton,17,1,NA,0,0,NA,NA
innovation academy,3917 Mercy Dr,Mchenry,60050 3151,N/A,NA,1,NA,0,0,NA,NA
inter american elem magnet school,851 W Waveland Ave,Chicago,60613 4301,Cook,05,1,1,0,0,NA,NA
international prep academy,1605 W Kirby Ave,Champaign,61821 5510,Champaign,13,1,1,9,1,9,1
intrinsic 2 charter high school,79 W Monroe St Ste 400,Chicago,60603 4903,Cook,NA,1,NA,0,0,NA,NA
intrinsic charter high school,4540 W Belmont Ave,Chicago,60641 4541,Cook,03,1,1,0,0,NA,NA
irene king elem school,301 Eaton Ave,Romeoville,60446 1701,Will,14,1,NA,0,0,NA,NA
iroquois area reg del system,529 East 2nd Street,Gilman,60955,NA,NA,0,NA,0,0,NA,NA
iroquois community school,1836 E Touhy Ave,Des Plaines,60018 3629,Cook,08,1,1,0,0,NA,NA
iroquois west elem sch danforth,101 Locust,Danforth,60930 0185,Iroquois,02,1,NA,0,0,NA,NA
iroquois west elem sch thawville,106 County Line Road,Thawville,60968 0099,Iroquois,02,1,NA,0,0,NA,NA
iroquois west elem school gilman,215 E 2Nd St,Gilman,60938 1301,Iroquois,02,1,NA,0,0,NA,NA
iroquois west high school,529 E 2Nd St,Gilman,60938 1414,Iroquois,02,1,NA,0,0,NA,NA
iroquois west middle school,303 N Evergreen St,Onarga,60955 1105,Iroquois,02,1,NA,0,0,NA,NA
iroquois kankakee roe,1 Stuart Dr,Kankakee,60901 8947,N/A,NA,0,NA,0,0,NA,NA
irving elem school,1125 S Cuyler Ave,Oak Park,60304 2203,Cook,07,1,1,6,1,4,0.666666666666667
irving elem school,749 S Oakley Blvd,Chicago,60612 3514,Cook,07,1,1,0,0,NA,NA
irving elem school,609 W Central Blvd,Kewanee,61443 2013,Henry,17,1,1,1,1,1,1
irving elem school,3501 Clinton Ave,Berwyn,60402 3324,Cook,04,1,NA,2,1,1,0.5
irving elementary school,602 W Jackson St,Bloomington,61701 4904,McLean,17,1,1,0,0,NA,NA
irving middle school,805 S 17th Ave,Maywood,60153 1701,Cook,07,1,1,1,1,0,0
irvington elem school,500 Superior,Irvington,62848 0130,Washington,12,1,NA,0,0,NA,NA
isaac fox elementary school,395 W Cuba Rd,Lake Zurich,60047 3332,Lake,05,1,1,0,0,NA,NA
isaac singleton elem sch,1451 Copperfield Ave,Joliet,60432 2029,Will,14,1,NA,0,0,NA,NA
isu laboratory schools,250 S University St,Normal,61790 0001,McLean,NA,0,NA,0,0,NA,NA
isu laboratory schools,250 S University St,Normal,61790 0001,State Of Illinois,NA,0,NA,0,0,NA,NA
iuka comm cons school,405 S Main St,Iuka,62849 1011,Marion,12,1,NA,0,0,NA,NA
ivan k garrison center,936 W Michigan Ave,Jacksonville,62650 3113,Morgan,15,0,1,0,0,NA,NA
ivc learning center,1057 N 2nd St,Chillicothe,61523 1625,Peoria,16,1,NA,0,0,NA,NA
ivc transition center,1008 N 4Th St,Chillicothe,61523 1574,Peoria,15,0,NA,0,0,NA,NA
ivy hall elementary school,1072 Ivy Hall Ln,Buffalo Grove,60089 1333,Lake,09,1,1,0,0,NA,NA
ivy hill elem school,2211 N Burke Dr,Arlington Heights,60004 3249,Cook,09,1,1,0,0,NA,NA
iyc chicago,136 N Western Ave,Chicago,60612 2222,Dept Of Corrections,07,0,NA,0,0,NA,NA
j b conant high school,700 E Cougar Trl,Hoffman Estates,60169 3659,Cook,08,1,1,0,0,NA,NA
j b kennedy elem school,7644 Central Ave,Burbank,60459 1308,Cook,04,1,1,0,0,NA,NA
j b nelson elem school,334 William Wood Ln,Batavia,60510 2762,Kane,11,1,1,0,0,NA,NA
j covington elem school,9130 S 52nd Ave,Oak Lawn,60453 1742,Cook,06,1,NA,0,0,NA,NA
j d colt elem school,615 E Tyler Ave,Litchfield,62056 2471,Montgomery,NA,1,NA,0,0,NA,NA
j emmett hinchcliffe sr elem sch,1050 Ogle Rd,O Fallon,62269 7120,Saint Clair,12,1,1,5,1,2,0.4
j giles elem school,4251 N Oriole Ave,Norridge,60706 1144,Cook,05,1,1,0,0,NA,NA
j l buford intermediate ed ctr,623 S 34th St,Mount Vernon,62864 6203,Jefferson,12,1,NA,0,0,NA,NA
j l hensey elem school,304 E Almond Dr,Washington,61571 3104,Tazewell,16,1,1,0,0,NA,NA
j leigh elem school,8151 W Lawrence Ave,Norridge,60706 3136,Cook,05,1,NA,0,0,NA,NA
j m hannum elem school,9800 S Tripp Ave,Oak Lawn,60453 3554,Cook,06,1,1,0,0,NA,NA
j sterling morton alternative sch,1874 S 54th Ave,Cicero,60804 1814,Cook,04,1,NA,0,0,NA,NA
j sterling morton east high sch,2423 S Austin Blvd,Cicero,60804 2616,Cook,04,1,NA,0,0,NA,NA
j sterling morton freshman cntr,1801 S 55th Ave,Cicero,60804 1819,Cook,04,1,1,0,0,NA,NA
j sterling morton west high sch,2400 Home Ave,Berwyn,60402 2110,Cook,04,1,1,3,1,3,1
j t manning elem school,200 N Linden Ave,Westmont,60559 1700,Dupage,06,1,1,0,0,NA,NA
j w eater jr high school,400 E Wabash Ave,Rantoul,61866 3013,Champaign,02,1,NA,0,0,NA,NA
j w riley elem school,1209 E Burr Oak Dr,Arlington Heights,60004 1660,Cook,09,1,1,3,1,3,1
j w riley intermediate school,123 S Wolf Rd,Northlake,60164 2353,Cook,04,1,1,2,1,2,1
j w robinson jr elem school,4431 Gage Ave,Lyons,60534 1929,Cook,04,1,1,0,0,NA,NA
jack benny middle school,1401 Montesano Ave,Waukegan,60087 4818,Lake,10,1,1,0,0,NA,NA
jack hille middle school,5800 151st St,Oak Forest,60452 1940,Cook,06,1,1,0,0,NA,NA
jack london middle school,1001 W Dundee Rd,Wheeling,60090 3908,Cook,10,1,1,6,1,4,0.666666666666667
jackson charter school,315 Summit St,Rockford,61107 4231,Winnebago,17,1,NA,0,0,NA,NA
jackson elem school,925 S Swain Ave,Elmhurst,60126 4963,Dupage,06,1,1,0,0,NA,NA
jackson m elem school,917 W 88th St,Chicago,60620 3204,Cook,01,1,1,3,1,3,1
jackson middle school,301 W Jackson St,Villa Park,60181 3127,Dupage,06,1,1,5,1,5,1
jackson perry co reg del system,3764 State Route 13/127,Pinckneyville,62274 3340,NA,NA,0,NA,0,0,NA,NA
jackson perry project soar ms taoep,1725B Shomaker Dr,Murphysboro,62966 2507,N/A,NA,0,NA,0,0,NA,NA
jacksonville high school,1211 N Diamond St,Jacksonville,62650 1223,Morgan,15,1,NA,0,0,NA,NA
jacksonville middle school,664 Lincoln Ave,Jacksonville,62650 2384,Morgan,15,1,1,0,0,NA,NA
jahn elem school,3149 N Wolcott Ave,Chicago,60657 2044,Cook,05,1,1,0,0,NA,NA
james avant elementary school,1915 N 55th St,Washington Pk,62204 2112,Saint Clair,13,1,NA,0,0,NA,NA
james hart school,18220 Morgan St,Homewood,60430 2471,Cook,02,1,1,0,0,NA,NA
james r doolittle academy,535 E 35th St,Chicago,60616 4111,Cook,01,1,1,0,0,NA,NA
james r wood elem school,320 S Maple St,Somonauk,60552 9793,Dekalb,14,1,NA,0,0,NA,NA
jamie mcgee elementary school,179 Commonwealth Dr,Bolingbrook,60440 1600,Will,11,1,NA,0,0,NA,NA
jamieson elem school,5650 N Mozart St,Chicago,60659 4823,Cook,05,1,1,3,1,3,1
jamieson school,2721 W Richwoods Blvd,Peoria,61604,Peoria,NA,1,1,0,0,NA,NA
jane addams elem school,1020 E Sayles Dr,Palatine,60074 7274,Cook,08,1,1,0,0,NA,NA
jane addams elem school,10 Babiak Ln,Springfield,62702 3517,Sangamon,13,1,NA,0,0,NA,NA
jane addams elem school,910 Division St,Melrose Park,60160 2235,Cook,04,1,1,0,0,NA,NA
jane addams elementary school,3520 53rd St,Moline,61265 6640,Rock Island,17,1,1,0,0,NA,NA
jane addams jhs,700 S Springinsguth Rd,Schaumburg,60193 2445,Cook,08,1,1,13,1,13,1
jane addams middle school,905 Lily Cache Ln,Bolingbrook,60440 3100,Will,11,1,NA,0,0,NA,NA
jane stenson school,9201 Lockwood Ave,Skokie,60077 1137,Cook,09,1,NA,0,0,NA,NA
jasper co jr high,1104 W Jourdan St,Newton,62448 2026,Jasper,12,1,1,0,0,NA,NA
jasper elem school,2030 County Road 1020 N,Fairfield,62837 2869,Wayne,12,1,NA,0,0,NA,NA
jay stream middle school,283 El Paso Ln,Carol Stream,60188 1736,Dupage,08,1,1,9,1,5,0.555555555555556
je neir elem school,1001 W 2nd St,Momence,60954 1440,Kankakee,02,1,1,4,1,3,0.75
jean mcnair elementary school,304 E McNair Rd,Winnebago,61088 9014,Winnebago,17,1,1,0,0,NA,NA
jefferson attendance center,713 4th St,Carmi,62821 1077,White,12,1,1,2,1,1,0.5
jefferson early childhood center,130 N Hazelton Ave,Wheaton,60187 4550,Dupage,03,1,1,0,0,NA,NA
jefferson early childhood ctr,3010 26th Ave,Moline,61265 4960,Rock Island,17,1,NA,0,0,NA,NA
jefferson elem school,725 W Putnam St,Princeton,61356 1565,Bureau,16,1,1,0,0,NA,NA
jefferson elem school,801 Jefferson Ave,Charleston,61920 1527,Coles,15,1,NA,0,0,NA,NA
jefferson elem school,7035 16th St,Berwyn,60402 1369,Cook,04,1,1,1,1,1,1
jefferson elem school,176 E 11th St,Chicago Heights,60411 2937,Cook,02,1,NA,0,0,NA,NA
jefferson elem school,211 McCormick Dr,Dekalb,60115 1813,Dekalb,14,1,1,1,1,1,1
jefferson elem school,360 E Crescent Ave,Elmhurst,60126 4072,Dupage,04,1,1,0,0,NA,NA
jefferson elem school,1709 Columbus St,Ottawa,61350 1526,La Salle,14,1,NA,0,0,NA,NA
jefferson elem school,800 4th Ave,Dixon,61021 1806,Lee,16,1,1,0,0,NA,NA
jefferson elem school,152 Boskydells Dr,Collinsville,62234 1901,Madison,NA,1,NA,0,0,NA,NA
jefferson elem school,4915 Jefferson School Rd,Metropolis,62960 3514,Massac,12,1,NA,0,0,NA,NA
jefferson elem school,1200 N Jefferson St,Harvard,60033 1730,McHenry,16,1,1,0,0,NA,NA
jefferson elem school,1400 N Charles St,Belleville,62221 4858,Saint Clair,13,1,1,0,0,NA,NA
jefferson elem school,900 S Capitol St,Pekin,61554 4437,Tazewell,16,1,NA,0,0,NA,NA
jefferson elem school,220 E Jefferson St,Morton,61550 2003,Tazewell,16,1,1,8,1,8,1
jefferson elem school,806 E Le Fevre Rd,Sterling,61081 1551,Whiteside,17,1,NA,0,0,NA,NA
jefferson elem school,1108 Grand Ave,Johnston City,62951 1229,Williamson,12,1,1,0,0,NA,NA
jefferson elem school,700 E Boulevard St,Marion,62959 3306,Williamson,12,1,NA,0,0,NA,NA
jefferson high school,4145 Samuelson Rd,Rockford,61109 3249,Winnebago,17,1,NA,0,0,NA,NA
jefferson jr high school,1525 N Loomis St,Naperville,60563 1316,Dupage,11,1,1,0,0,NA,NA
jefferson middle school,1115 Crescent Dr,Champaign,61821 4241,Champaign,13,1,1,14,1,14,1
jefferson middle school,255 W Vermont St,Villa Park,60181 1943,Dupage,06,1,1,0,0,NA,NA
jefferson middle school,1151 Plum St,Aurora,60506 3658,Kane,11,1,1,0,0,NA,NA
jefferson middle school,3001 S Allis St,Springfield,62703 4208,Sangamon,13,1,NA,0,0,NA,NA
jefferson park school,250 W 3rd St,El Paso,61738 1034,Woodford,16,1,1,2,1,1,0.5
jefferson primary school,225 46th Ave,Bellwood,60104 1315,Cook,07,1,1,0,0,NA,NA
jefferson school,8200 W Greendale Ave,Niles,60714 2713,Cook,09,1,1,0,0,NA,NA
jensen elem scholastic academy,3030 W Harrison St,Chicago,60612 3343,Cook,07,1,1,1,1,1,1
jerling junior high school,8851 W 151st St,Orland Park,60462 3450,Cook,06,1,1,0,0,NA,NA
jersey comm high school,801 N State St,Jerseyville,62052 1107,Jersey,15,1,1,1,1,0,0
jersey community alternative program jcap,28968 Delhi Rd,Jerseyville,62052 6960,Jersey,13,0,1,0,0,NA,NA
jersey community middle school,1101 S Liberty St,Jerseyville,62052 2573,Jersey,15,1,NA,0,0,NA,NA
jerseyville east elem school,201 N Giddings Ave,Jerseyville,62052 1717,Jersey,15,1,1,2,1,2,1
jerseyville west elem school,1000 W Carpenter St,Jerseyville,62052 1479,Jersey,15,1,NA,0,0,NA,NA
jesse c white learning academy,16910 S Western Ave,Hazel Crest,60429,Cook,02,1,1,0,0,NA,NA
jewel middle school,1501 Waterford Rd,North Aurora,60542 1788,Kane,11,1,1,3,1,3,1
jjj,15732 S Howard St,Plainfield,60544,Will,NA,1,1,0,0,NA,NA
jo daviess carroll cte academy,950 Us Highway 20 W,Elizabeth,61028 9333,Jo Daviess,NA,0,NA,0,0,NA,NA
john a bannes elem school,16835 Odell Ave,Tinley Park,60477 2672,Cook,06,1,1,0,0,NA,NA
john a renfro elementary school,311 Camelot Dr,Collinsville,62234 4815,Madison,13,1,NA,0,0,NA,NA
john deere middle school,2035 11th St,Moline,61265 4745,Rock Island,17,1,NA,0,0,NA,NA
john e albright middle school,1110 S Villa Ave,Villa Park,60181 3326,Dupage,06,1,1,0,0,NA,NA
john f kennedy elem school,999 N Strong Ave,Spring Valley,61362 1238,Bureau,14,1,1,0,0,NA,NA
john f kennedy elem school,3945 Wehrman Ave,Schiller Park,60176 1814,Cook,03,1,NA,0,0,NA,NA
john f kennedy middle sch,12350 Essington Rd,Plainfield,60585 9528,Will,14,1,1,10,1,9,0.9
john g conyers learning academy,2800 Central Rd,Rolling Meadows,60008 2535,Cook,08,1,1,0,0,NA,NA
john gates elem school,800 7th Ave,Aurora,60505 5372,Kane,14,1,NA,0,0,NA,NA
john greer elem school,609 W Main St,Hoopeston,60942 1179,Vermilion,02,1,NA,0,0,NA,NA
john hersey high school,1900 E Thomas St,Arlington Heights,60004 4320,Cook,09,1,1,0,0,NA,NA
john j lukancic middle sch,725 W Normantown Rd,Romeoville,60446 3921,Will,14,1,1,0,0,NA,NA
john jay elem school,1835 W Pheasant Trl,Mount Prospect,60056 4556,Cook,08,1,1,0,0,NA,NA
john kennedy middle grade school,1550 W Calista St,Kankakee,60901 3210,Kankakee,02,1,NA,0,0,NA,NA
john l nash middle school,1134 E 3100 North Rd,Clifton,60927 7084,Iroquois,02,1,1,0,0,NA,NA
john l sipley elem school,2806 83rd St,Woodridge,60517 4530,Dupage,11,1,NA,0,0,NA,NA
john laidlaw elem school,4072 Forest Ave,Western Springs,60558 1050,Cook,06,1,1,2,1,2,1
john middleton elem school,8300 Saint Louis Ave,Skokie,60076 2930,Cook,09,1,1,1,1,1,1
john mills elem school,2824 N 76th Ave,Elmwood Park,60707 1438,Cook,03,1,1,0,0,NA,NA
john muir literacy academy,1973 Kensington Ln,Hoffman Estates,60169 2518,Cook,08,1,1,1,1,1,1
john powers center,201 W Hawthorn Pkwy,Vernon Hills,60061 1430,Lake,10,0,1,0,0,NA,NA
john r lewis middle school,600 S Lewis Ave,Waukegan,60085 6102,Lake,10,1,1,0,0,NA,NA
john r tibbott elem school,520 Gary Dr,Bolingbrook,60440 2400,Will,11,1,NA,0,0,NA,NA
john s clark elem school,601 Blanchard Rd,Waukegan,60087 3146,Lake,10,1,1,0,0,NA,NA
john schroder early childhood center,1519 S Grace St,Lombard,60148 4649,Dupage,06,1,1,4,1,0,0
johns hill magnet school,1025 E Johns Ave,Decatur,62521 2741,Macon,13,1,1,0,0,NA,NA
johnsburg elementary school,2118 Church St,Johnsburg,60051,McHenry,10,1,NA,0,0,NA,NA
johnsburg high school,2002 W Ringwood Rd,Johnsburg,60051 8573,McHenry,10,1,NA,0,0,NA,NA
johnsburg jr high school,2220 Church St,Johnsburg,60051 5910,McHenry,10,1,NA,0,0,NA,NA
johnson elem school,1420 S Albany Ave,Chicago,60623 2205,Cook,NA,1,1,0,0,NA,NA
johnsonville elem school,891 County Highway 16,Johnsonville,62850 1010,Wayne,12,1,NA,0,0,NA,NA
johnston city high school,1500 Jefferson Ave,Johnston City,62951 1501,Williamson,12,1,1,0,0,NA,NA
joliet central high school,201 E Jefferson St,Joliet,60432 2841,Will,14,1,1,0,0,NA,NA
joliet west high school,401 N Larkin Ave,Joliet,60435 6606,Will,14,1,NA,0,0,NA,NA
jonas e salk elem school,500 King Arthur Way,Bolingbrook,60440 2278,Will,11,1,1,1,1,1,1
jones college prep high school,700 S State St,Chicago,60605 2109,Cook,07,1,1,2,1,1,0.5
jones elementary school,800 Barberry Way,Joliet,60431 7917,Grundy,14,1,1,0,0,NA,NA
jones farrar an international baccalaureate world school,1386 Kiwanis Dr,Freeport,61032 6908,Stephenson,17,1,1,8,1,8,1
jonesboro elem school,309 Cook Ave,Jonesboro,62952 1118,Union,12,1,1,0,0,NA,NA
joplin elem school,7931 S Honore St,Chicago,60620 4560,Cook,01,1,1,0,0,NA,NA
joppa jr and sr high school,911 Joppa North Ave,Joppa,62953 0010,Massac,12,1,1,0,0,NA,NA
jordan elem community school,7414 N Wolcott Ave,Chicago,60626 1519,Cook,09,1,1,1,1,1,1
jordan elem school,311 Airport Rd,Centralia,62801 6579,Marion,12,1,NA,0,0,NA,NA
joseph arthur middle school,160 Saint Ellen Mine Rd,O Fallon,62269 1698,Saint Clair,13,1,1,0,0,NA,NA
joseph e fisher school,1207 N Larkin Ave,Joliet,60435 3436,Will,14,0,NA,0,0,NA,NA
joseph e hill education center,1500 McDaniel Ave,Evanston,60201 3976,Cook,09,1,NA,0,0,NA,NA
journeys school,400 Alby Street,Alton,62002,Madison,15,0,NA,0,0,NA,NA
journeys south,101 School St,Bethalto,62010 1005,Madison,13,0,NA,0,0,NA,NA
joyce kilmer elem school,655 Golfview Ter,Buffalo Grove,60089 3536,Cook,09,1,1,0,0,NA,NA
juarez community academy hs,1450 W Cermak Rd,Chicago,60608 4408,Cook,04,1,1,6,1,5,0.833333333333333
judith giacoma elem school,125 W Ellsworth St,Westville,61883 1233,Vermilion,02,1,NA,0,0,NA,NA
julia lathrop elem school,2603 Clover Ave,Rockford,61102 3471,Winnebago,17,1,NA,0,0,NA,NA
julia s molloy education center,8701 Menard Ave,Morton Grove,60053 3052,Cook,09,0,NA,0,0,NA,NA
julian high school,10330 S Elizabeth St,Chicago,60643 2394,Cook,01,1,1,0,0,NA,NA
juliette low elem school,1530 S Highland Ave,Arlington Heights,60005 3630,Cook,05,1,1,1,1,0,0
jungman elem school,1746 S Miller St,Chicago,60608 2313,Cook,NA,1,1,0,0,NA,NA
juvenile detention center,400 Art Bartell Rd,Urbana,61802 2879,N/A,NA,0,NA,0,0,NA,NA
k d waldo middle school,56 Jackson St,Aurora,60505 4300,Kane,14,1,NA,0,0,NA,NA
kane co detention center,37W655 Il Route 38,Saint Charles,60175 1569,Kane,11,0,NA,0,0,NA,NA
kane roe,28 N 1st St,Geneva,60134 2285,N/A,NA,0,NA,0,0,NA,NA
kaneland blackberry creek elem,1122 Anderson Rd,Elburn,60119 8419,Kane,11,1,1,3,1,3,1
kaneland harter middle school,1601 N Esker Dr,Sugar Grove,60554 8801,Kane,14,1,NA,0,0,NA,NA
kaneland igknight academy,1N137 Meredith Rd,Maple Park,60151 8695,Kane,11,1,NA,0,0,NA,NA
kaneland john shields elem sch,85 S Main St,Sugar Grove,60554 5024,Kane,14,1,NA,0,0,NA,NA
kaneland john stewart elem sch,817 Prairie Valley St,Elburn,60119 7105,Kane,11,1,NA,0,0,NA,NA
kaneland mcdole elem school,2901 Foxmoor Dr,Montgomery,60538 4092,Kane,14,1,NA,0,0,NA,NA
kaneland senior high school,47W326 Keslinger Rd,Maple Park,60151 9720,Kane,11,1,1,0,0,NA,NA
kankakee area career center,4083 North 1000 West Road,Bourbonnais,60914,Kankakee County,NA,0,NA,0,0,NA,NA
kankakee area reg voc ed system,4083 North 1000 West Road,Bourbonnais,60914 4240,Kankakee County,NA,0,NA,0,0,NA,NA
kankakee high school,1200 W Jeffery St,Kankakee,60901 4667,Kankakee,02,1,1,0,0,NA,NA
kankakee junior high school,2250 E Crestwood St,Kankakee,60901 2803,Kankakee,02,1,1,0,0,NA,NA
kanoon elem magnet school,2233 S Kedzie Ave,Chicago,60623 3317,Cook,04,1,1,2,1,0,0
kansas elem school,310 S Front,Kansas,61933 6205,Edgar,15,1,1,0,0,NA,NA
kansas high school,310 S Front,Kansas,61933 6205,Edgar,15,1,1,0,0,NA,NA
karel havlicek elem school,6401 15th St,Berwyn,60402 1133,Cook,04,1,1,2,1,2,1
kasec alternative day program,PO Box 71,Saint Anne,60964 0071,Kankakee,02,0,NA,0,0,NA,NA
kasec communications program,PO Box 71,Saint Anne,60964 0071,Kankakee,02,0,NA,0,0,NA,NA
kasec transition program,PO Box 71,Saint Anne,60964 0071,Kankakee,02,0,NA,0,0,NA,NA
kaskaskia education center,2100 E Calumet St,Centralia,62801 6511,Marion,12,0,NA,0,0,NA,NA
katie harper wright elem,7710 State St,East Saint Louis,62203 1863,Saint Clair,13,1,NA,0,0,NA,NA
kec area voc center,21255 Malta Rd,Malta,60150,NA,NA,0,NA,0,0,NA,NA
kec central efe 170,PO Box 263,Malta,60150 0263,N/A,NA,0,NA,0,0,NA,NA
keeneyville early childhood center,5212 Arlington Cir,Hanover Park,60133,Dupage,08,1,NA,0,0,NA,NA
kell grade school,207 N Johnson St,Kell,62853 1637,Marion,12,1,NA,0,0,NA,NA
kellar primary school,6413 N Mount Hawley Rd,Peoria,61614 3017,Peoria,16,1,1,0,0,NA,NA
kellar school,14123 S Lydia Ave,Robbins,60472 2255,Cook,01,1,1,0,0,NA,NA
keller elem gifted magnet school,3020 W 108th St,Chicago,60655 2112,Cook,06,1,1,0,0,NA,NA
kellman corporate community elem,3030 W Arthington St,Chicago,60612 3903,Cook,07,1,1,2,1,2,1
kellogg elem school,9241 S Leavitt St,Chicago,60643 6318,Cook,06,1,1,0,0,NA,NA
kelvin grove jr high school,808 Adams St,Lockport,60441 3710,Will,01,1,1,0,0,NA,NA
kelvyn park high school,4343 W Wrightwood Ave,Chicago,60639 2060,Cook,03,1,1,0,0,NA,NA
kemmerer village school,941 N 2500 East Rd,Assumption,62510 8026,Shelby,15,1,NA,0,0,NA,NA
kennedy elem school,1013 Division St,Chicago Heights,60411 2481,Cook,02,1,NA,0,0,NA,NA
kennedy high school,6325 W 56th St,Chicago,60638 2539,Cook,06,1,1,0,0,NA,NA
kennedy junior high school,2929 Green Trails Dr,Lisle,60532 6262,Dupage,11,1,1,0,0,NA,NA
kennedy middle school,520 N Pierpont Ave,Rockford,61101 5037,Winnebago,17,1,NA,0,0,NA,NA
kenneth d bailey academy,502 E Main St,Danville,61832 6306,Vermilion,02,1,NA,0,0,NA,NA
kenneth e neubert elem school,1100 Huntington Dr,Algonquin,60102 1925,Kane,09,1,NA,0,0,NA,NA
kenneth l hermansen elementary,101 Wesglen Pkwy,Romeoville,60446 5269,Will,14,1,NA,0,0,NA,NA
kenneth murphy school,11315 W Wadsworth Rd,Beach Park,60099 3359,Lake,10,1,NA,0,0,NA,NA
kenwood academy high school,5015 S Blackstone Ave,Chicago,60615 3086,Cook,02,1,1,0,0,NA,NA
kenwood elem school,1001 Stratford Dr,Champaign,61821 4637,Champaign,13,1,1,0,0,NA,NA
kenyon woods middle school,1515 Raymond St,South Elgin,60177 1305,Kane,08,1,NA,0,0,NA,NA
kerkstra elem school,14950 Laramie Ave,Oak Forest,60452 1323,Cook,01,1,1,1,1,1,1
kershaw elem school,6450 S Lowe Ave,Chicago,60621 2706,Cook,01,1,1,0,0,NA,NA
kewanee high school,1101 E 3rd St,Kewanee,61443 2429,Henry,17,1,1,1,1,1,1
kildeer countryside elem school,3100 Old McHenry Rd,Long Grove,60047 5286,Lake,05,1,1,0,0,NA,NA
kilmer elem school,6700 N Greenview Ave,Chicago,60626 4208,Cook,09,1,1,0,0,NA,NA
kimball hill elem school,2905 Meadow Dr,Rolling Meadows,60008 1801,Cook,08,1,1,0,0,NA,NA
kimball middle school,451 N McLean Blvd,Elgin,60123 3239,Kane,08,1,NA,0,0,NA,NA
kimberly heights elementary school,6141 Kimberly Dr,Tinley Park,60477 1970,Cook,06,1,NA,0,0,NA,NA
kimes elem school,1207 Reading St,Streator,61364 2686,La Salle,16,1,NA,0,0,NA,NA
king academy of social justice,644 W 71st St,Chicago,60621 2357,Cook,01,1,1,3,1,2,0.666666666666667
king college prep high school,4445 S Drexel Blvd,Chicago,60653 3551,Cook,02,1,1,0,0,NA,NA
king middle grade school,1440 E Court St,Kankakee,60901 4344,Kankakee,02,1,NA,0,0,NA,NA
king school,1018 S Farnham St,Galesburg,61401 6324,Knox,17,1,1,1,1,1,1
kings elementary school,100 1st St,Kings,61068 4500,Ogle,16,1,NA,0,0,NA,NA
kingsley elem school,6509 Powell St,Downers Grove,60516 2721,Dupage,06,1,1,2,1,2,1
kingsley elementary school,2300 Green Bay Rd,Evanston,60201 2229,Cook,09,1,NA,0,0,NA,NA
kingsley elementary school,2403 Kingsley Dr,Naperville,60565 3212,Dupage,11,1,1,0,0,NA,NA
kingsley jr high school,303 Kingsley St,Normal,61761 2941,McLean,17,1,NA,0,0,NA,NA
kingston elementary school,100 School St,Kingston,60145 0037,Dekalb,11,1,NA,0,0,NA,NA
kinnikinnick school,5410 Pine Ln,Roscoe,61073 7313,Winnebago,16,1,NA,0,0,NA,NA
kinzie elem school,5625 S Mobile Ave,Chicago,60638 3459,Cook,06,1,1,4,1,1,0.25
kipling elem school,9351 S Lowe Ave,Chicago,60620 2324,Cook,01,1,1,0,0,NA,NA
kipling elem school,700 Kipling Pl,Deerfield,60015 4410,Lake,10,1,1,0,0,NA,NA
kipp academy chicago campus,4818 W Ohio St,Chicago,60644 1702,Cook,07,1,1,0,0,NA,NA
kipp chicago charter school kipp one academy,730 N Pulaski Rd,Chicago,60624 1063,Cook,07,1,1,0,0,NA,NA
kipp chicago charters ascend academy,1616 S Avers Ave,Chicago,60623 2401,Cook,07,1,1,0,0,NA,NA
kipp chicago charters bloom campus,5515 S Lowe Ave,Chicago,60621,Cook,07,1,1,0,0,NA,NA
kirk school,520 S Plum Grove Rd,Palatine,60067 6933,Cook,08,0,NA,0,0,NA,NA
kishwaukee educ consortium,21255 Malta Rd,Malta,60150 0263,Dekalb County,NA,0,NA,0,0,NA,NA
knox co mary davis detention home,1319 E 5th St,Galesburg,61401 6667,Knox,17,0,NA,0,0,NA,NA
knox warren sped multi needs program,311 E Main St Ste 632,Galesburg,61401 4884,Knox,17,0,NA,0,0,NA,NA
knoxville center for student success,2628 N Knoxville Ave,Peoria,61604 3650,Peoria,17,1,1,0,0,NA,NA
knoxville jr high school,701 E Mill St,Knoxville,61448 1521,Knox,17,1,1,0,0,NA,NA
knoxville safe school program,2628 N Knoxville Ave,Peoria,61604 3650,Peoria,17,0,1,0,0,NA,NA
knoxville sr high school,600 E Main St,Knoxville,61448 1318,Knox,17,1,1,0,0,NA,NA
kolmar avenue elem school,10425 S Kolmar Ave,Oak Lawn,60453 4847,Cook,06,1,1,0,0,NA,NA
kolmar elem school,4500 143rd St,Midlothian,60445 2612,Cook,01,1,NA,0,0,NA,NA
komarek elem school,8940 W 24th St,North Riverside,60546 1158,Cook,07,1,1,2,1,1,0.5
komensky elem school,2515 Cuyler Ave,Berwyn,60402 2619,Cook,04,1,1,0,0,NA,NA
kozminski elem community academy,936 E 54th St,Chicago,60615 5074,Cook,01,1,1,6,1,4,0.666666666666667
kreitner elem school,9000 College St,Collinsville,62234 1701,Madison,13,1,NA,0,0,NA,NA
l d brady elem school,600 Columbia St,Aurora,60505 2710,Kane,11,1,NA,0,0,NA,NA
l e starke elem school,1610 Holiday Dr,Pekin,61554 1923,Tazewell,16,1,NA,0,0,NA,NA
l j hauser jr high school,65 Woodside Rd,Riverside,60546 1974,Cook,04,1,1,12,1,12,1
l j stevens intermediate school,221 Ryan St,Wilmington,60481 1490,Will,01,1,1,0,0,NA,NA
landc elementary region iii,1800 Storey Ln,Cottage Hills,62018 1346,Madison,13,0,NA,0,0,NA,NA
landc middle school region iii,501 E Lorena Ave,Wood River,62095 2123,Madison,13,0,NA,0,0,NA,NA
la harpe elementary school,404 W Main St,La Harpe,61450 9280,Hancock,15,1,NA,0,0,NA,NA
la moille jr sr high school,801 S Main St,La Moille,61330 9499,Bureau,16,1,1,1,1,1,1
la salle peru area career ctr,200 9th St,Peru,61354 2000,La Salle,NA,0,NA,0,0,NA,NA
la salle peru twp high school,541 Chartres St,La Salle,61301 2012,La Salle,14,1,1,0,0,NA,NA
la salle marshall putnam roe,119 W Madison St Ste 102,Ottawa,61350 5015,N/A,NA,0,NA,0,0,NA,NA
lace elem school,7414 S Cass Ave,Darien,60561 3608,Dupage,06,1,NA,0,0,NA,NA
ladd comm cons sch,232 E Cleveland St,Ladd,61329 9741,Bureau,14,1,1,0,0,NA,NA
ladse north lrb acadaemy,1301 W Cossitt Ave,La Grange,60525 2145,Cook,NA,1,1,1,1,1,1
ladse west,1301 W Cossitt Ave,La Grange,60525 2145,Cook,NA,1,1,0,0,NA,NA
ladse dhh transition cntr,333 N LaGrange Road,LaGrange,60525,Cook,04,0,NA,0,0,NA,NA
ladse dhh hinsdale south hs,7401 Clarendon Hills Rd,Darien,60561 4288,Cook,06,0,NA,0,0,NA,NA
ladse ecse,1301 W Cossitt Ave,La Grange,60525 2145,Cook,04,0,NA,0,0,NA,NA
ladse emotional disabilities,1301 W Cossitt Ave,La Grange,60525 2145,Cook,04,0,NA,0,0,NA,NA
ladse multineeds,1301 W Cossitt Ave,La Grange,60525 2145,Cook,04,0,NA,0,0,NA,NA
ladse phonological program,1301 W Cossitt Ave,La Grange,60525 2145,Cook,04,0,NA,0,0,NA,NA
ladse project search,1301 W Cossitt Ave,La Grange,60525 2145,Cook,04,0,NA,0,0,NA,NA
lake bluff elem sch,350 W Washington Ave,Lake Bluff,60044 1818,Lake,10,1,1,0,0,NA,NA
lake bluff middle school,31 E Sheridan Pl,Lake Bluff,60044 2652,Lake,10,1,1,0,0,NA,NA
lake co collaborative alop,18160 W Gages Lake Rd,Grayslake,60030 1819,N/A,NA,0,NA,0,0,NA,NA
lake co high schools tech campus,19525 W Washington St,Grayslake,60030 1152,Lake,NA,0,NA,0,0,NA,NA
lake co hulse detention center 6 8,25467 N Milwaukee Ave,Vernon Hills,60061,Lake,10,0,NA,0,0,NA,NA
lake co hulse detention center 9 12,25467 N Milwaukee Ave,Vernon Hills,60061,Lake,10,0,NA,0,0,NA,NA
lake county area voc system,19525 W Washington St,Grayslake,60030 1152,Lake,NA,0,1,1,1,1,1
lake county cooperative alop,18160 W Gages Lake Rd,Gages Lake,60030 1819,N/A,NA,0,NA,0,0,NA,NA
lake crest elem school,310 Teeter St,Oakland,61943 5304,Coles,12,1,1,0,0,NA,NA
lake educational student support center,3201 E 23rd,Granite City,62040,NA,NA,1,NA,6,1,6,1
lake forest high school,1285 N McKinley Rd,Lake Forest,60045 1371,Lake,10,1,NA,0,0,NA,NA
lake in the hills elem school,519 Willow St,Lk In The Hls,60156 1449,Kane,09,1,NA,0,0,NA,NA
lake louise elem school,500 N Jonathan Dr,Palatine,60074 4114,Cook,08,1,NA,0,0,NA,NA
lake park elem school,330 W Lake Park Dr,Addison,60101 3744,Dupage,03,1,1,0,0,NA,NA
lake park high school,500 W Bryn Mawr Ave,Roselle,60172 2156,Dupage,08,1,NA,0,0,NA,NA
lake roe,300 Center Dr Ste 100,Vernon Hills,60061 1525,N/A,NA,0,NA,0,0,NA,NA
lake school,3201 E 23Rd St,Granite City,62040 5914,Madison,13,1,NA,0,0,NA,NA
lake view high school,4015 N Ashland Ave,Chicago,60613 2593,Cook,05,1,1,7,1,5,0.714285714285714
lake zurich cusd 95 young adult center,313 Surryse Rd,Lake Zurich,60047,Lake,05,0,1,0,0,NA,NA
lake zurich high school,300 Church St,Lake Zurich,60047 1553,Lake,05,1,1,0,0,NA,NA
lake zurich middle n campus,95 Hubbard Ln,Hawthorn Woods,60047 8923,Lake,09,1,1,1,1,1,1
lake zurich middle s campus,435 W Cuba Rd,Lake Zurich,60047 3346,Lake,05,1,1,0,0,NA,NA
lakes community high school,1600 Eagle Way,Lake Villa,60046 7477,Lake,10,1,NA,0,0,NA,NA
laketown elem school,1825 Lee St,Springfield,62703 4837,Sangamon,13,1,1,0,0,NA,NA
lakeview elem school,615 Lakeview Ln,Hoffman Estates,60169 3007,Cook,08,1,1,1,1,0,0
lakeview jr high school,701 Plainfield Rd,Downers Grove,60516 4940,Dupage,06,1,1,0,0,NA,NA
lakeview school,2200 Bethesda Blvd,Zion,60099 2352,Lake,10,1,1,0,0,NA,NA
lakewood creek elementary,2301 Lakewood Crk,Montgomery,60538 4140,Kendall,14,1,1,0,0,NA,NA
lakewood falls elem school,14050 S Budler Rd,Plainfield,60544 9147,Will,14,1,1,0,0,NA,NA
lakewood school,1651 Ravine Ln,Carpentersville,60110 2130,Kane,08,1,NA,0,0,NA,NA
lalumier elem school,6702 Bond Ave,Centreville,62207 2336,Saint Clair,13,1,1,0,0,NA,NA
landmark elem school,3614 Waukegan Rd,McHenry,60050 4343,McHenry,11,1,1,0,0,NA,NA
lane elem school,4600 W 123rd St,Alsip,60803 2522,Cook,06,1,1,0,0,NA,NA
lane technical high school,2501 W Addison St,Chicago,60618 5902,Cook,03,1,1,1,1,1,1
langford a elem school,6010 S Throop St,Chicago,60636 1816,Cook,07,1,1,0,0,NA,NA
lanphier high school,1300 N 11th St,Springfield,62702 4011,Sangamon,13,1,NA,0,0,NA,NA
lara elem academy,4619 S Wolcott Ave,Chicago,60609 3855,Cook,04,1,1,0,0,NA,NA
laraway school,1715 Rowell Ave,Joliet,60433 8551,Will,14,1,NA,0,0,NA,NA
laremont school,17934 W Gages Lake Rd,Gages Lake,60030 2836,Lake,10,0,1,0,0,NA,NA
larkin high school,1475 Larkin Ave,Elgin,60123 5173,Kane,08,1,NA,0,0,NA,NA
larsen middle school,665 Dundee Ave,Elgin,60120 3820,Kane,08,1,NA,0,0,NA,NA
lasalle co detention center 6 8,707 Etna Rd,Ottawa,61350,La Salle,14,0,NA,0,0,NA,NA
lasalle co detention center 9 12,707 Etna Rd,Ottawa,61350,La Salle,14,0,NA,0,0,NA,NA
lasalle elem language academy,1734 N Orleans St,Chicago,60614 5797,Cook,05,1,1,2,1,2,1
lasalle elem school,300 N Highland St,Creve Coeur,61610 3135,Tazewell,16,1,NA,0,0,NA,NA
lasalle ii lang acad elem sch,1148 N Honore St,Chicago,60622 3705,Cook,07,1,1,8,1,7,0.875
lasec academy,808 Adams St,Lockport,60441 3710,Will,01,0,NA,0,0,NA,NA
lasec cad program,808 Adams St,Lockport,60441 3710,Will,01,0,NA,0,0,NA,NA
lasec communication dev program,1919 Caton Farm Rd,Crest Hill,60403 1700,Will,14,0,NA,0,0,NA,NA
lasec ec,1919 Caton Farm Rd,Crest Hill,60403 1700,Will,14,0,NA,0,0,NA,NA
lasso rms dist 12,500 S Park,Roselle,60172,Dupage,08,0,NA,0,0,NA,NA
lasso erickson elem bloomingdale dist 13,277 Springfield Dr,Bloomingdale,60108 2216,Dupage,08,0,NA,0,0,NA,NA
lasso medinah primary sch medinah sd 11,22W300 Sunnyside Rd,Medinah,60157 9705,Dupage,08,0,NA,0,0,NA,NA
lasso spring hills sch roselle sd 12,560 Pinecroft Dr,Roselle,60172 2564,Dupage,08,0,NA,0,0,NA,NA
lasso tioga elem sch bensenville sd 2,212 W Memoria Rd,Bensenville,60106,Dupage,03,0,NA,0,0,NA,NA
laura b sprague school,2425 Riverwoods Rd,Lincolnshire,60069 3249,Lake,10,1,NA,0,0,NA,NA
laurel hill elem school,1750 Laurel Ave,Hanover Park,60133 3316,Kane,03,1,NA,0,0,NA,NA
laverna evans elem school,802 Dartmouth Dr,O Fallon,62269 2804,Saint Clair,12,1,1,0,0,NA,NA
lavizzo elem school,138 W 109th St,Chicago,60628 3433,Cook,01,1,1,1,1,1,1
lawn manor school,4300 W 108th Pl,Oak Lawn,60453 5354,Cook,06,1,1,0,0,NA,NA
lawndale elem community academy,3500 W Douglas Blvd,Chicago,60623 1634,Cook,07,1,1,0,0,NA,NA
lawrence education center,2501 Wabash Ave,Springfield,62704 4276,Sangamon,NA,0,NA,0,0,NA,NA
lawrenceville high school,2200 James St,Lawrenceville,62439 2028,Lawrence,12,1,1,3,1,3,1
leal elem school,312 W Oregon St,Urbana,61801 4126,Champaign,13,1,NA,0,0,NA,NA
learn 10 charter school,1811 Morrow Ave,North Chicago,60064 3223,Lake,10,1,1,0,0,NA,NA
learn charter 9 campus in waukegan,1200 W Glen Flora Ave,Waukegan,60085 1753,Lake,NA,1,NA,0,0,NA,NA
learn charter excel campus,3021 W Carroll Ave,Chicago,60612 1721,Cook,07,1,1,1,1,1,1
learn charter sch 6 north chicago campus,3131 Sheridan Rd,Great Lakes,60088 1600,Lake,10,1,1,0,0,NA,NA
learn chtr 7th campus,3021 W Carroll Ave,Chicago,60612 1721,Cook,07,1,1,0,0,NA,NA
learn chtr butler,1132 S Homan Ave,Chicago,60624 4344,Cook,07,1,1,0,0,NA,NA
learn chtr hunter perkins campus,1700 W 83rd St,Chicago,60620 4621,Cook,01,1,1,0,0,NA,NA
learn chtr middle school,3021 W Carroll Ave,Chicago,60612 1721,Cook,07,1,1,0,0,NA,NA
learn chtr south chicago campus,8914 S Buffalo Ave,Chicago,60617 3416,Cook,02,1,1,0,0,NA,NA
learn chtr campbell campus,212 S Francisco Ave,Chicago,60612 3618,Cook,07,1,1,0,0,NA,NA
learn john and kathy schreiber charter school,1200 W Glen Flora Ave,Waukegan,60085 1753,Lake,10,1,1,0,0,NA,NA
lebanon elem school,408 Mary Jane St,Lebanon,62254 1540,Saint Clair,12,1,NA,0,0,NA,NA
lebanon high school,200 W Schuetz St,Lebanon,62254 1570,Saint Clair,12,1,NA,0,0,NA,NA
leclaire elem school,801 Franklin Ave,Edwardsville,62025 2437,Madison,13,1,NA,0,0,NA,NA
ledgewood elem school,11685 S Gate Rd,Roscoe,61073 9646,Winnebago,16,1,1,0,0,NA,NA
lee cty sped ece,703 E Morgan St,Dixon,61021 2257,Lee,16,0,NA,0,0,NA,NA
lee cty sped life skills 2 5 grade,620 Division St,Dixon,61021 4103,Lee,16,0,NA,0,0,NA,NA
lee cty sped life skills 6 8 grades,620 Division St,Dixon,61021 4103,Lee,16,0,NA,0,0,NA,NA
lee cty sped life skills 9 12 grades,300 Lincoln Statue Dr,Dixon,61021 2030,Lee,16,0,NA,0,0,NA,NA
lee cty sped transitions,300 Lincoln Statue Dr,Dixon,61021 2030,Lee,16,0,NA,0,0,NA,NA
lee elem school,6448 S Tripp Ave,Chicago,60629 5121,Cook,04,1,1,0,0,NA,NA
lee r foster elem school,5931 School St,Oak Forest,60452 1957,Cook,06,1,1,0,0,NA,NA
lee ogle whiteside roe,2214 E 4Th St Ste B,Sterling,61081 3046,N/A,NA,0,NA,0,0,NA,NA
legacy acad of excellence charter sch,4029 Prairie Rd,Rockford,61102 4501,Winnebago,17,1,NA,0,0,NA,NA
legacy elem charter school,3318 W Ogden Ave,Chicago,60623 2651,Cook,07,1,1,0,0,NA,NA
legal prep academy charter hs,4319 W Washington Blvd,Chicago,60624 2232,Cook,07,1,1,1,1,1,1
leggee elementary school,13723 Harmony Rd,Huntley,60142 9792,McHenry,11,1,1,0,0,NA,NA
leland elem school,512 S Lavergne Ave,Chicago,60644 4948,Cook,07,1,1,0,0,NA,NA
leland elem school,370 N Main St,Leland,60531 9400,La Salle,14,1,NA,0,0,NA,NA
leland high school,370 N Main St,Leland,60531 9400,La Salle,14,1,NA,0,0,NA,NA
leman middle school,238 E Hazel St,West Chicago,60185 3512,Dupage,03,1,NA,0,0,NA,NA
lemont twp high school,800 Porter St,Lemont,60439 3777,Cook,11,1,NA,0,0,NA,NA
lena winslow elem school,401 Fremont St,Lena,61048 8610,Stephenson,16,1,NA,0,0,NA,NA
lena winslow high school,516 Fremont St,Lena,61048 8611,Stephenson,16,1,NA,0,0,NA,NA
lena winslow jr high school,517 Fremont St,Lena,61048 8610,Stephenson,16,1,NA,0,0,NA,NA
lenart elem regional gifted ctr,8101 S La Salle St,Chicago,60620 1223,Cook,01,1,1,1,1,1,1
lerna bridges,PO Box 129,Lerna,62440 0129,N/A,NA,1,NA,0,0,NA,NA
lerna taoep,PO Box 129,Lerna,62440 0129,N/A,NA,0,NA,0,0,NA,NA
leroy elementary school,805 N Barnett St,Le Roy,61752 1221,McLean,16,1,NA,0,0,NA,NA
leroy high school,505 E Center St,Le Roy,61752 1823,McLean,16,1,NA,0,0,NA,NA
leroy junior high school,505 E Center St,Le Roy,61752 1823,McLean,16,1,NA,0,0,NA,NA
lester crawl primary ctr,18300 Greenbay Ave,Lansing,60438 3009,Cook,02,1,1,0,0,NA,NA
lester elem school,236 Indianapolis Ave,Downers Grove,60515 3100,Dupage,06,1,1,0,0,NA,NA
lettie brown elementary school,2550 N Morton Ave,Morton,61550 1128,Tazewell,16,1,1,0,0,NA,NA
lewis and clark elem school,6800 Humbert Rd,Godfrey,62035 2250,Madison,15,1,NA,0,0,NA,NA
lewis elem school,1431 N Leamington Ave,Chicago,60651 1444,Cook,07,1,1,0,0,NA,NA
lewis lemon elementary,1993 Mulberry St,Rockford,61101 5670,Winnebago,17,1,NA,0,0,NA,NA
lewis school,801 S Lewis Ln,Carbondale,62901 3408,Jackson,12,1,1,0,0,NA,NA
lewis clark elem school,501 E Lorena Ave,Wood River,62095 2123,Madison,13,1,NA,0,0,NA,NA
lewis clark jr high school,501 E Lorena Ave,Wood River,62095 2123,Madison,13,1,NA,0,0,NA,NA
lewistown jr sr high school,15205 N State 100 Hwy,Lewistown,61542 8901,Fulton,15,1,1,0,0,NA,NA
lexington elem school,100 E Wall St,Lexington,61753 1462,McLean,16,1,NA,0,0,NA,NA
lexington high school,100 E Wall St,Lexington,61753 1462,McLean,16,1,NA,0,0,NA,NA
lexington jr high school,100 E Wall St,Lexington,61753 1462,McLean,16,1,NA,0,0,NA,NA
libby elem school,5300 S Loomis Blvd,Chicago,60609 5948,Cook,07,1,1,0,0,NA,NA
liberty elem school,4946 W 13th St,Cicero,60804 1416,Cook,04,1,NA,0,0,NA,NA
liberty elem school,8801 W 151st St,Orland Park,60462 3450,Cook,06,1,NA,0,0,NA,NA
liberty elem school,1375 W Bartlett Rd,Bartlett,60103 1545,Kane,03,1,NA,0,0,NA,NA
liberty elem school,20 E Liberty Ln,Danville,61832 1441,Vermilion,02,1,NA,0,0,NA,NA
liberty elementary school,505 N Park St,Liberty,62347 1107,Adams,15,1,1,0,0,NA,NA
liberty elementary school,6500 Miller Rd,Carpentersville,60110 3620,Kane,08,1,NA,0,0,NA,NA
liberty elementary school,1401 Essington Rd,Bolingbrook,60490 4934,Will,14,1,1,0,0,NA,NA
liberty high school,505 N Park St,Liberty,62347 1107,Adams,15,1,1,0,0,NA,NA
liberty intermediate school,1690 Career Center Rd,Bourbonnais,60914 4970,Kankakee,01,1,1,0,0,NA,NA
liberty junior high school,5900 W 81st St,Burbank,60459 1900,Cook,04,1,1,0,0,NA,NA
liberty junior high school,151 Lenox St,New Lenox,60451 1189,Will,01,1,1,2,1,2,1
liberty leadership,6327 Sheridan Road,Peoria,61614,Peoria,NA,1,1,0,0,NA,NA
liberty leadership middle school,6327 N Sheridan Rd,Peoria,61614 3033,Peoria,17,1,1,0,0,NA,NA
liberty middle school,1 District Dr,Edwardsville,62025 7708,Madison,15,1,NA,0,0,NA,NA
libertyville high school,708 W Park Ave,Libertyville,60048 2604,Lake,10,1,1,0,0,NA,NA
lick creek elem school,7355 Lick Creek Rd,Buncombe,62912 3016,Union,12,1,1,0,0,NA,NA
life learning in functional environments,936 W Michigan Ave,Jacksonville,62650 3113,Morgan,15,0,NA,0,0,NA,NA
life academy,2405 Champaign Ave,Mattoon,61938,Coles,15,0,1,0,0,NA,NA
lift leaders innovating for tomorrow,121 S 17Th St,Mattoon,61938 3915,Coles,15,1,1,0,0,NA,NA
lily lake grade school,5N720 IL Route 47,Maple Park,60151 8531,Kane,11,1,NA,0,0,NA,NA
limestone community high school,4201 Airport Rd,Peoria,61607 2113,Peoria,17,1,NA,0,0,NA,NA
limestone middle sch,963 N 5000W Rd,Kankakee,60901 8272,Kankakee,02,1,1,0,0,NA,NA
limestone walters elem school,8223 W Smithville Rd,Peoria,61607 9428,Peoria,17,1,NA,0,0,NA,NA
lincoln academy,320 Lincoln St,Roselle,60172 1127,Dupage,08,1,1,0,0,NA,NA
lincoln academy,320 Lincoln St,Roselle,60172 1127,Dupage,08,0,NA,0,0,NA,NA
lincoln attendance center,113 10th St,Carmi,62821 1484,White,12,1,1,0,0,NA,NA
lincoln cltrl ctr montessori elem,240 Warren Ave,Kankakee,60901 4319,Kankakee,02,1,NA,0,0,NA,NA
lincoln comm high school,1000 Railer Way,Lincoln,62656 3180,Logan,15,1,NA,0,0,NA,NA
lincoln early childhood school,325 S 11th St,Monmouth,61462 2473,Warren,17,1,NA,0,0,NA,NA
lincoln elem school,1011 Bonus Ave,Belvidere,61008 2343,Boone,11,1,1,0,0,NA,NA
lincoln elem school,501 S Euclid Ave,Princeton,61356 2140,Bureau,16,1,1,0,0,NA,NA
lincoln elem school,614 E 2nd St,Pana,62557 0377,Christian,NA,1,1,0,0,NA,NA
lincoln elem school,1520 Center Ave,Chicago Heights,60411 3634,Cook,02,1,NA,0,0,NA,NA
lincoln elem school,511 Park Ave,River Forest,60305 1712,Cook,07,1,1,1,1,1,1
lincoln elem school,4300 Grove Ave,Brookfield,60513 2580,Cook,04,1,1,0,0,NA,NA
lincoln elem school,2140 Broadway St,Blue Island,60406 3051,Cook,02,1,NA,0,0,NA,NA
lincoln elem school,912 Burnham Ave,Calumet City,60409,Cook,02,1,NA,0,0,NA,NA
lincoln elem school,615 W Kemper Pl,Chicago,60614 3319,Cook,05,1,1,6,1,3,0.5
lincoln elem school,407 S Jackson St,Clinton,61727 2212,Dewitt,15,1,1,0,0,NA,NA
lincoln elem school,720 N Lincoln Ave,Addison,60101 2573,Dupage,03,1,1,0,0,NA,NA
lincoln elem school,630 Dawes Ave,Wheaton,60189 6521,Dupage,06,1,1,0,0,NA,NA
lincoln elem school,565 S Fairfield Ave,Elmhurst,60126 3816,Dupage,06,1,1,1,1,0,0
lincoln elem school,211 S 6th Ave,Saint Charles,60174 2901,Kane,NA,1,NA,0,0,NA,NA
lincoln elem school,755 Bennett Ave,Oglesby,61348 1067,La Salle,14,1,1,0,0,NA,NA
lincoln elem school,805 4th Ave,Mendota,61342 1705,La Salle,14,1,1,0,0,NA,NA
lincoln elem school,200 W Maple Ave,Mundelein,60060 1785,Lake,10,1,1,0,0,NA,NA
lincoln elem school,315 N Bonham St,Macomb,61455 1808,McDonough,17,1,1,0,0,NA,NA
lincoln elem school,320 W Independence Ave,Jacksonville,62650 1350,Morgan,15,1,1,0,0,NA,NA
lincoln elem school,1450 20th St,Rochelle,61068 1076,Ogle,16,1,1,0,0,NA,NA
lincoln elem school,801 Springfield Rd,East Peoria,61611 3366,Tazewell,16,1,NA,0,0,NA,NA
lincoln elem school,100 S Nebraska Ave,Morton,61550 2784,Tazewell,16,1,1,0,0,NA,NA
lincoln elem school,108 Warren St,Anna,62906 1642,Union,12,1,1,0,0,NA,NA
lincoln elem school,1501 E 6th St,Sterling,61081 2771,Whiteside,17,1,NA,0,0,NA,NA
lincoln elem school,20163 Corinth Rd,Pittsburg,62974 1449,Williamson,12,1,1,0,0,NA,NA
lincoln elem school,400 Morningside Dr,Marion,62959 5323,Williamson,12,1,NA,0,0,NA,NA
lincoln elem school,910 Forest Ave,Evanston,60202 1474,Cook,09,1,NA,0,0,NA,NA
lincoln elem school,811 Chicago Ave,Maywood,60153 1172,Cook,04,1,1,0,0,NA,NA
lincoln elem school,14100 Honore Ave,Dixmoor,60426 1115,Cook,01,1,NA,0,0,NA,NA
lincoln elem school,1110 W Main St,Ottawa,61350 2603,La Salle,14,1,NA,0,0,NA,NA
lincoln elementary,14740 Meadow Ln,Plainfield,60544 2513,Will,14,1,1,0,0,NA,NA
lincoln elementary school,3420 Jackson St,Bellwood,60104 2419,Cook,07,1,1,0,0,NA,NA
lincoln elementary school,1021 N Ridgewood Ln,Palatine,60067 3448,Cook,05,1,1,0,0,NA,NA
lincoln elementary school,301 E Poplar St,Robinson,62454 2943,Crawford,12,1,NA,0,0,NA,NA
lincoln elementary school,220 E Sunset Pl,DeKalb,60115 4426,Dekalb,14,1,1,0,0,NA,NA
lincoln elementary school,20 Lincoln Rd,Canton,61520 1037,Fulton,17,1,NA,0,0,NA,NA
lincoln elementary school,1650 Maureen Dr,Hoffman Estates,60192 4602,Kane,08,1,NA,0,0,NA,NA
lincoln elementary school,514 S Main St,Pontiac,61764 2477,Livingston,02,1,1,0,0,NA,NA
lincoln elementary school,14151 Lincoln Ave,Dolton,60419 1023,Cook,02,1,NA,0,0,NA,NA
lincoln grade school,303 Jackson St,Washington,61571 1473,Tazewell,16,1,1,1,1,1,1
lincoln hall middle school,6855 N Crawford Ave,Lincolnwood,60712 4601,Cook,09,1,NA,0,0,NA,NA
lincoln jr high school,7839 Lincoln Ave,Skokie,60077 3640,Cook,09,1,1,0,0,NA,NA
lincoln jr high school,1320 Olympus Dr,Naperville,60565 1258,Dupage,11,1,1,0,0,NA,NA
lincoln jr high school,1165 Saint Vincents Ave,La Salle,61301 1628,La Salle,14,1,1,0,0,NA,NA
lincoln jr high school,208 Broadway St,Lincoln,62656 2015,Logan,15,1,1,0,0,NA,NA
lincoln junior high school,14151 Lincoln Ave,Dolton,60419 1023,Cook,02,1,NA,0,0,NA,NA
lincoln magnet school,300 S 11th St,Springfield,62703 1204,Sangamon,13,1,NA,0,0,NA,NA
lincoln middle school,700 W Lincoln St,Mount Prospect,60056 3010,Cook,05,1,1,0,0,NA,NA
lincoln middle school,200 S Lincoln Ave,Park Ridge,60068 3812,Cook,05,1,NA,1,1,0,0
lincoln middle school,9750 Soreng Ave,Schiller Park,60176 2105,Cook,03,1,1,0,0,NA,NA
lincoln middle school,6432 16th St,Berwyn,60402 1358,Cook,04,1,NA,0,0,NA,NA
lincoln middle school,145 West St,Edwardsville,62025 1467,Madison,13,1,NA,0,0,NA,NA
lincoln park high school,2001 N Orchard St,Chicago,60614 4404,Cook,05,1,1,4,1,4,1
lincoln prairie elem school,500 Harvest Gate,Lake In The Hills,60156 4802,Kane,09,1,NA,0,0,NA,NA
lincoln prairie school,500 Hillcrest Blvd,Hoffman Estates,60169 4122,Cook,08,1,1,3,1,3,1
lincoln school,200 W Maple Ave,Mundelein,60060 1785,Lake,10,1,1,0,0,NA,NA
lincoln school,700 Mary St,Peoria,61603 3432,Peoria,17,1,1,3,1,3,1
lincoln school alop,960 Royce Ave,Joliet,60432 1277,N/A,NA,0,NA,0,0,NA,NA
lincoln school rssp,960 Royce Ave,Joliet,60432 1277,N/A,NA,0,NA,0,0,NA,NA
lincoln school taoep,960 Royce Ave,Joliet,60432 1277,N/A,NA,0,NA,0,0,NA,NA
lincoln trail elem school,102 E State St,Mahomet,61853,Champaign,15,1,1,7,1,5,0.714285714285714
lincoln way west,21701 S Gougar Rd,New Lenox,60451 1576,Will,01,1,1,0,0,NA,NA
lincoln douglas elementary school,3211 Payson Rd,Quincy,62305 6441,Adams,15,1,1,2,1,0,0
lincoln douglas elementary school,1700 W Laurel St,Freeport,61032 3511,Stephenson,17,1,1,0,0,NA,NA
lincoln irving elem school,1015 16th Ave,Moline,61265 3811,Rock Island,17,1,NA,0,0,NA,NA
lincoln way central high school,1801 E Lincoln Hwy,New Lenox,60451 3801,Will,01,1,1,0,0,NA,NA
lincoln way east high school,201 Colorado Ave,Frankfort,60423 1333,Will,01,1,1,0,0,NA,NA
lincolnland reg del system,1000 Railer Way,Lincoln,62656 3180,Logan,NA,0,NA,0,0,NA,NA
lincolnland technical ed ctr,1000 Railer Way,Lincoln,62656,Logan,NA,0,NA,0,0,NA,NA
lincolnwood elem school,2600 Colfax St,Evanston,60201 2107,Cook,09,1,NA,0,0,NA,NA
lincolnwood high school,507 N Prairie St,Raymond,62560 4906,Montgomery,15,1,NA,0,0,NA,NA
lincolnwood jr high school,507 N Prairie St,Raymond,62560 4906,Montgomery,15,1,NA,0,0,NA,NA
lindblom math and science acad hs,6130 S Wolcott Ave,Chicago,60636 2100,Cook,07,1,1,2,1,1,0.5
lindop elem school,2400 S 18th Ave,Broadview,60155 3930,Cook,07,1,1,36,1,35,0.972222222222222
lindsay school,3600 Fielding Dr,Springfield,62711 6288,Sangamon,15,1,NA,0,0,NA,NA
linne elem school,3221 N Sacramento Ave,Chicago,60618 5825,Cook,03,1,1,1,1,1,1
lions park elem school,300 E Council Trl,Mt Prospect,60056 3930,Cook,05,1,NA,0,0,NA,NA
lisbon ccsd 90,127 S Canal St,Newark,60541 9776,Kendall,14,0,NA,0,0,NA,NA
lisbon grade school,127 S Canal St,Newark,60541 9776,Kendall,14,1,NA,0,0,NA,NA
lisle elementary school,5801 Westview Ln,Lisle,60532 2774,Dupage,06,1,1,7,1,5,0.714285714285714
lisle high school,1800 Short St,Lisle,60532 2163,Dupage,06,1,1,0,0,NA,NA
lisle jr high school,5207 Center Ave,Lisle,60532 2306,Dupage,06,1,1,0,0,NA,NA
litchfield elementary,127 W St John,Litchfield,62056,NA,NA,NA,1,0,0,NA,NA
litchfield elementary school,127 W. St. John,Litchfield,62056,Montgomery,15,1,NA,0,0,NA,NA
litchfield middle school,1701 N State St,Litchfield,62056 1113,Montgomery,15,1,1,0,0,NA,NA
litchfield prekindergarten,601 S State St,Litchfield,62056 2234,Montgomery,NA,1,1,0,0,NA,NA
litchfield senior high school,1705 N State St,Litchfield,62056 1113,Montgomery,15,1,1,0,0,NA,NA
little black pearl arts acad hs,1060 E 47th St,Chicago,60653 3600,Cook,NA,1,NA,0,0,NA,NA
little fort elem school,1775 Blanchard Rd,Waukegan,60087 3014,Lake,10,1,1,3,1,1,0.333333333333333
little village elem school,2620 S Lawndale Ave,Chicago,60623 4519,Cook,04,1,1,1,1,1,1
littlejohn elem school,1121 School St,DeKalb,60115 2574,Dekalb,14,1,1,0,0,NA,NA
livingston area career cntr,1100 E Indiana Ave,Pontiac,61764 1204,Livingston,NA,0,NA,0,0,NA,NA
livingston area educ for employ,1100 E Indiana Ave,Pontiac,61764 1204,Livingston,NA,0,NA,0,0,NA,NA
livingston co crossroads academy,205 N Adams St,Flanagan,61740 9036,Livingston,16,0,NA,0,0,NA,NA
livingston county academy,205 N Adams St,Flanagan,61740 9036,Livingston,16,0,NA,0,0,NA,NA
lloyd elem school,2103 N Lamon Ave,Chicago,60639 3238,Cook,03,1,1,0,0,NA,NA
lmp regional office of education,119 W Madison St Ste 102,Ottawa,61350 5015,N/A,NA,0,NA,0,0,NA,NA
lmp roe,2233 6th St,Peru,61354 2516,N/A,NA,0,NA,0,0,NA,NA
lmp roe alop,2233 6Th St Ste 2,Peru,61354 2532,N/A,NA,0,NA,0,0,NA,NA
lmp roe taoep,2233 6Th St Ste 2,Peru,61354 2516,N/A,NA,0,NA,0,0,NA,NA
locke a elem charter academy,3141 W Jackson Blvd,Chicago,60612 2729,Cook,07,1,1,0,0,NA,NA
locke j elem school,2828 N Oak Park Ave,Chicago,60634 4866,Cook,03,1,1,0,0,NA,NA
lockport township high sch east,1333 E 7th St,Lockport,60441 3823,Will,01,1,NA,0,0,NA,NA
locust elem school,539 Locust St,Marengo,60152 3413,McHenry,11,1,1,4,1,0,0
logan elem school,1602 25th St,Moline,61265 4150,Rock Island,17,1,NA,0,0,NA,NA
logan jr high school,302 W Central Ave,Princeton,61356 1604,Bureau,16,1,1,0,0,NA,NA
lombard middle school,1220 E Knox St,Galesburg,61401 5253,Knox,17,1,1,0,0,NA,NA
long beach elem school,67 Longbeach Rd,Montgomery,60538 2437,Kendall,14,1,1,0,0,NA,NA
longfellow elem school,715 Highland Ave,Oak Park,60304 1526,Cook,07,1,1,3,1,3,1
longfellow elem school,311 W Seminary Ave,Wheaton,60187 5001,Dupage,03,1,1,0,0,NA,NA
longfellow elem school,4198 7th Ave,Rock Island,61201 2250,Rock Island,17,1,NA,0,0,NA,NA
longfellow elem school,1400 W Hendrickson St,Marion,62959 1509,Williamson,12,1,NA,0,0,NA,NA
longwood elem school,441 N Longwood Dr,Glenwood,60425 1211,Cook,02,1,NA,0,0,NA,NA
longwood elem school,30W240 Bruce Ln,Naperville,60563 9081,Dupage,11,1,1,2,1,1,0.5
lords park elem school,323 Waverly Dr,Elgin,60120 4626,Kane,03,1,NA,0,0,NA,NA
lorenzo r smith elem school,4120 S. Wheeler Rd,Pembroke Township,60958 0552,Kankakee,02,1,1,0,0,NA,NA
lostant elem school,315 W 3rd St,Lostant,61334 0320,La Salle,16,1,1,0,0,NA,NA
lotus school,29067 W Grass Lake Rd,Spring Grove,60081 9494,Lake,10,1,NA,0,0,NA,NA
louise white elem school,800 N Prairie St,Batavia,60510 2071,Kane,11,1,1,0,0,NA,NA
lovejoy elem school,1043 Tremont St,Alton,62002 6749,Madison,13,1,NA,0,0,NA,NA
lovejoy elementary school,800 Madison St,Lovejoy,62059 0250,Saint Clair,13,1,NA,0,0,NA,NA
lovejoy middle school,800 Madison St,Lovejoy,62059 0250,Saint Clair,13,1,NA,0,0,NA,NA
lovejoy technology academy,800 Madison St,Lovejoy,62059 0250,Saint Clair,13,1,NA,0,0,NA,NA
loves park elem school,344 Grand Ave,Loves Park,61111 4511,Winnebago,16,1,NA,0,0,NA,NA
lovett elem school,6333 W Bloomingdale Ave,Chicago,60639 3817,Cook,07,1,1,0,0,NA,NA
lovington grade school,330 S High St,Lovington,61937 9360,Douglas,15,1,NA,0,0,NA,NA
lowell elem school,3320 W Hirsch St,Chicago,60651 2361,Cook,03,1,1,2,1,1,0.5
lowell elem school,312 S President St,Wheaton,60187 5738,Dupage,06,1,1,0,0,NA,NA
lowpoint washburn elem school,508 E Walnut St,Washburn,61570 0580,Woodford,16,1,1,0,0,NA,NA
lowpoint washburn jr sr high sch,508 E Walnut St,Washburn,61570 0580,Woodford,16,1,1,0,0,NA,NA
lowrie elem school,264 Oak St,Elgin,60123 7628,Kane,08,1,NA,0,0,NA,NA
lozano elem bilingual and intl ctr,1501 N Greenview Ave,Chicago,60642 2355,Cook,05,1,1,0,0,NA,NA
ludlow elementary school,245 S Orange St,Ludlow,60949 0130,Champaign,02,1,NA,0,0,NA,NA
ludwig elem school,710 N State St,Lockport,60441 2227,Will,01,1,1,0,0,NA,NA
luka grade school,405 S Main St,Iuka,62849 1011,Marion,NA,1,1,1,1,1,1
lundahl middle school,560 Nash Rd,Crystal Lake,60014 7138,McHenry,09,1,1,4,1,4,1
luther burbank elem school,8235 Linder Ave,Burbank,60459 2066,Cook,04,1,1,0,0,NA,NA
luther j schilling school,16025 S Cedar Rd,Homer Glen,60491 8287,Will,01,1,1,0,0,NA,NA
lwase self k 8,601 Willow St,Frankfort,60423 1140,Will,01,0,NA,0,0,NA,NA
lyle school,920 N Burr St,Kewanee,61443 1340,Henry,17,1,1,0,0,NA,NA
lynn g haskin elementary school,720 S Wells St,Sandwich,60548 2449,Dekalb,14,1,NA,2,1,2,1
lynne thigpen elem school,207 S Midland Ave,Joliet,60436 1305,Will,14,1,NA,0,0,NA,NA
lyon elem school,2941 N McVicker Ave,Chicago,60634 5146,Cook,03,1,1,3,1,3,1
lyon elem school,1335 Waukegan Rd,Glenview,60025 3064,Cook,09,1,1,0,0,NA,NA
lyon magnet elementary school,800 S Elmwood Ave,Waukegan,60085 7242,Lake,10,1,1,0,0,NA,NA
lyons twp high sch,100 S Brainard Ave,La Grange,60525 2101,Cook,04,1,1,0,0,NA,NA
m j cunningham elem sch,500 Moran St,Joliet,60435 4532,Will,14,1,NA,0,0,NA,NA
m l king jr elem school,1108 Fairview Ave,Urbana,61801 1508,Champaign,13,1,NA,0,0,NA,NA
mabel o donnell elem school,1640 Reckinger Rd,Aurora,60505 1628,Kane,11,1,NA,0,0,NA,NA
mable woolsey elem school,106 Pleasant Ave,Knoxville,61448 1440,Knox,17,1,1,0,0,NA,NA
macarthur early childhood center,235 W Grant St,Macomb,61455 2862,McDonough,15,1,1,0,0,NA,NA
macarthur high school,1499 W Grand Ave,Decatur,62522 1410,Macon,13,1,1,21,1,20,0.952380952380952
macarthur international spanish academy,1800 Chippendale Rd,Hoffman Estates,60169 6947,Cook,08,1,1,0,0,NA,NA
macarthur middle school,700 N Schoenbeck Rd,Prospect Heights,60070 1231,Cook,09,1,1,2,1,1,0.5
macarthur middle school,1310 N Wolf Rd,Berkeley,60163 1220,Cook,04,1,1,0,0,NA,NA
macarthur ms d hh ms program,700 N Schoenbeck Rd,Prospect Heights,60070 1231,Cook,09,0,NA,0,0,NA,NA
macarthur school,640 E 168th Pl,South Holland,60473,NA,NA,1,NA,0,0,NA,NA
macarthur echo elem,640 E 168Th Pl,South Holland,60473 3018,Cook,02,1,NA,0,0,NA,NA
machesney elem school,8615 N 2nd St,Machesney Park,61115 2003,Winnebago,16,1,NA,0,0,NA,NA
mackeben elementary school,800 Dr John Burkey Dr,Algonquin,60102 4421,McHenry,11,1,NA,0,0,NA,NA
macomb junior high school,1525 S Johnson St,Macomb,61455 3261,McDonough,NA,1,1,0,0,NA,NA
macomb middle school,1531 S Johnson St,Macomb,61455,McDonough,15,1,NA,0,0,NA,NA
macomb senior high school,1525 S Johnson St,Macomb,61455 3261,McDonough,15,1,1,0,0,NA,NA
macon piatt roe,3433 Rupp Pkwy,Decatur,62526 2124,N/A,NA,0,NA,0,0,NA,NA
maddock elementary school,8258 Sayre Ave,Burbank,60459 1631,Cook,04,1,1,0,0,NA,NA
madero middle school,3202 W 28th St,Chicago,60623 4708,Cook,04,1,1,0,0,NA,NA
mades johnstone school,1304 Ronzheimer Ave,St. Charles,60174,NA,NA,NA,1,0,0,NA,NA
mades johnstone center,1304 Ronzheimer Ave,St Charles,60174 4450,Kane,11,1,NA,0,0,NA,NA
mades johnstone rssp,1304 Ronzheimer Ave,St Charles,60174 4450,N/A,NA,0,NA,0,0,NA,NA
madison co career and tech ed sys,6161 Center Grove Rd,Edwardsville,62025 3307,Madison,NA,0,NA,0,0,NA,NA
madison co detention center,100 5th Ave,Edwardsville,62025 2575,Madison,13,0,NA,0,0,NA,NA
madison elem school,7433 S Dorchester Ave,Chicago,60619 2194,Cook,01,1,1,4,1,2,0.5
madison elem school,1620 Mayo Ave,Wheaton,60189 6134,Dupage,03,1,1,0,0,NA,NA
madison elem school,5100 Madison St,Skokie,60077 2554,Cook,09,1,1,0,0,NA,NA
madison elem school,611 S Madison St,Hinsdale,60521 3982,Dupage,04,1,NA,0,0,NA,NA
madison elementary school,150 W Madison St,Lombard,60148 3317,Dupage,06,1,1,1,1,1,1
madison jr high school,1000 River Oak Dr,Naperville,60565 2717,Dupage,11,1,1,0,0,NA,NA
madison jr high school,600 Farrish St,Madison,62060 1567,Madison,13,1,NA,0,0,NA,NA
madison park elem school,800 N Chestnut St,Litchfield,62056 1648,Montgomery,NA,1,1,0,0,NA,NA
madison roe,157 N Main St Ste 438,Edwardsville,62025 1960,N/A,NA,0,NA,0,0,NA,NA
madison school,15700 Orchid Dr,South Holland,60473 1300,Cook,02,1,NA,0,0,NA,NA
madison school,618 Division St,Dixon,61021,Lee,16,1,1,0,0,NA,NA
madison senior high school,600 Farrish St,Madison,62060 1567,Madison,13,1,NA,0,0,NA,NA
madison student support center,1634 7th St,Madison,62060 1426,Madison,13,0,NA,0,0,NA,NA
mae jemison school,3450 W 177th St,Hazel Crest,60429 2002,Cook,02,1,1,1,1,0,0
maercker elem school,5827 S Cass Ave,Westmont,60559 2368,Dupage,06,1,1,0,0,NA,NA
magee middle school,500 N Cedar Lake Rd,Round Lake,60073 2804,Lake,10,1,1,0,0,NA,NA
mahomet seymour high school,302 W State St,Mahomet,61853,Champaign,15,1,1,0,0,NA,NA
mahomet seymour jr high school,201 W State St,Mahomet,61853,Champaign,15,1,1,2,1,2,1
main street elementary school,225 W Main St,Shelbyville,62565 1525,Shelby,15,1,NA,0,0,NA,NA
maine east high school,2601 Dempster St,Park Ridge,60068 1155,Cook,09,1,1,2,1,2,1
maine south high school,1111 S Dee Rd,Park Ridge,60068 4379,Cook,05,1,1,0,0,NA,NA
maine west high school,1755 S Wolf Rd,Des Plaines,60018 1923,Cook,03,1,NA,0,0,NA,NA
malden grade school,350 East St,Malden,61337 0216,Bureau,14,1,NA,0,0,NA,NA
malta elementary school,5068 IL Route 38,Malta,60150 8332,Dekalb,14,1,1,0,0,NA,NA
manchester elem school,3501 Blaine Rd,Poplar Grove,61065 9467,Boone,16,1,1,0,0,NA,NA
manhattan jr high school,15414 W Smith Rd,Manhattan,60442 8413,Will,01,1,1,0,0,NA,NA
manierre elem school,1420 N Hudson Ave,Chicago,60610 1124,Cook,07,1,1,15,1,13,0.866666666666667
manley career academy high school,2935 W Polk St,Chicago,60612 3904,Cook,07,1,1,0,0,NA,NA
mann elem school,8050 S Chappel Ave,Chicago,60617 1091,Cook,01,1,1,0,0,NA,NA
mannheim early childhood center,101 W Diversey,NorthLake,60164,Cook,04,1,1,0,0,NA,NA
mannheim middle school,2600 Hyde Park Ave,Melrose Park,60164 1536,Cook,04,1,1,0,0,NA,NA
manor hill elem school,1464 S Main St,Lombard,60148 4545,Dupage,06,1,1,0,0,NA,NA
manteno elem school,555 W Cook St,Manteno,60950 3720,Kankakee,01,1,NA,0,0,NA,NA
manteno high school,443 N Maple St,Manteno,60950 1003,Kankakee,01,1,NA,0,0,NA,NA
manteno middle school,250 N Poplar St,Manteno,60950 1098,Kankakee,01,1,NA,0,0,NA,NA
manual high school,811 S Griswold St,Peoria,61605 1458,Peoria,17,1,1,0,0,NA,NA
maple elem school,500 S 4th St,Hoopeston,60942 1600,Vermilion,02,1,NA,0,0,NA,NA
maple elem school,1405 Maple Ave,Loves Park,61111 3006,Winnebago,16,1,NA,0,0,NA,NA
maple grove elem school,911 Joppa North Ave,Joppa,62953,Massac,12,1,1,3,1,3,1
maple school,2370 Shermer Rd,Northbrook,60062 6729,Cook,09,1,NA,0,0,NA,NA
maplebrook elem school,1630 Warbler Dr,Naperville,60565 2312,Dupage,11,1,1,0,0,NA,NA
maplewood elem school,600 Jerome Ln,Cahokia,62206 2051,Saint Clair,13,1,1,0,0,NA,NA
marengo comm middle school,816 E Grant Hwy,Marengo,60152 3400,McHenry,11,1,1,0,0,NA,NA
marengo high school,110 Franks Rd,Marengo,60152 3425,McHenry,11,1,1,0,0,NA,NA
margaret mead jhs,1765 Biesterfield Rd,Elk Grove Village,60007 7072,Cook,08,1,1,2,1,2,1
marie murphy school,2921 Illinois Rd,Wilmette,60091 1103,Cook,10,1,1,0,0,NA,NA
marie schaefer elem school,505 S Cherry St,O Fallon,62269 2043,Saint Clair,13,1,1,4,1,3,0.75
marine elem school,725 W Division St,Marine,62061 1761,Madison,15,1,1,0,0,NA,NA
marine leadership academy ames,1920 N Hamlin Ave,Chicago,60647 3411,Cook,03,1,1,0,0,NA,NA
marion high school,1501 S Carbon St,Marion,62959 1435,Williamson,12,1,NA,0,0,NA,NA
marion jordan elem school,100 N Harrison Ave,Palatine,60067 0913,Cook,05,1,NA,0,0,NA,NA
marion jr high school,1609 W Main St,Marion,62959 1145,Williamson,12,1,NA,0,0,NA,NA
marion clinton wash co ctes,1475 W Whittaker St,Salem,62881 2015,NA,NA,0,NA,0,0,NA,NA
marissa elem school,206 E Fulton St,Marissa,62257 1564,Saint Clair,12,1,1,2,1,2,1
marissa jr and sr high school,300 School View Dr,Marissa,62257 2600,Saint Clair,12,1,1,5,1,3,0.6
mark delay school,6801 Wilmette Ave,Darien,60561 3817,Dupage,06,1,NA,0,0,NA,NA
mark denman elementary school,930 Colfax Dr,Danville,61832 3325,Vermilion,02,1,NA,0,0,NA,NA
mark twain,907 Milton Rd,Alton,62002 3165,Madison,13,1,NA,0,0,NA,NA
mark twain elem school,1021 13th St,Charleston,61920 2906,Coles,15,1,NA,0,0,NA,NA
mark twain elem school,515 E Merle Ln,Wheeling,60090 4749,Cook,10,1,1,1,1,1,1
mark twain elem school,9401 N Hamlin Ave,Niles,60714 5869,Cook,05,1,1,2,1,1,0.5
mark twain primary school,2250 E Court St,Kankakee,60901 2800,Kankakee,02,1,NA,0,0,NA,NA
mark w bills middle school,6001 N Frostwood Pkwy,Peoria,61615 2837,Peoria,17,1,1,0,0,NA,NA
markham park elem school,16239 Lawndale Ave,Markham,60428 4440,Cook,01,1,1,0,0,NA,NA
marlowe middle school,9625 Haligus Rd,Lake in the Hills,60156 5897,McHenry,11,1,NA,0,0,NA,NA
maroa forsyth grade school,641 E Shafer St,Forsyth,62535 9401,Macon,13,1,NA,0,0,NA,NA
maroa forsyth middle school,101 S Cedar St,Maroa,61756 9298,Macon,15,1,NA,0,0,NA,NA
maroa forsyth senior high sch,610 W Washington St,Maroa,61756 9334,Macon,15,1,NA,0,0,NA,NA
marquardt middle school,1912 Glen Ellyn Rd,Glendale Heights,60139 2203,Dupage,08,1,1,2,1,2,1
marquette elem school,6550 S Richmond St,Chicago,60629 2821,Cook,07,1,1,3,1,3,1
marquette elem school,100 Joliet Rd,Marquette Heights,61554 1300,Tazewell,16,1,NA,0,0,NA,NA
marquette elem school,8500 Victory Ln,Machesney Park,61115 2381,Winnebago,16,1,NA,0,0,NA,NA
marseilles elementary school,201 Chicago St,Marseilles,61341 2058,La Salle,14,1,1,1,1,0,0
marsh elem school,9822 S Exchange Ave,Chicago,60617 5446,Cook,02,1,1,0,0,NA,NA
marshall high school,806 N 6th St,Marshall,62441 1226,Clark,12,1,1,0,0,NA,NA
marshall jr high school,806 N 6th St,Marshall,62441 1226,Clark,12,1,1,0,0,NA,NA
marshall metropolitan high school,3250 W Adams St,Chicago,60624 2901,Cook,07,1,1,0,0,NA,NA
martin elementary school,10920 Reed Rd,Lake in the Hills,60156 1093,McHenry,11,1,NA,0,0,NA,NA
martin l king elem school,14600 Seeley Ave,Dixmoor,60426 1052,Cook,01,1,NA,0,0,NA,NA
martin p mckay education center,516 S Cedar Rd,New Lenox,60451 1754,Will,01,0,NA,0,0,NA,NA
martinsville elem school,410 E Kendall St,Martinsville,62442 0396,Clark,12,1,NA,0,0,NA,NA
martinsville jr sr high school,300 W Cumberland,Martinsville,62442 0166,Clark,12,1,NA,0,0,NA,NA
mary endres elementary school,2181 N Seminary Ave,Woodstock,60098 2641,McHenry,11,1,NA,0,0,NA,NA
mary kay mcneill early learning center,817 Main St,Antioch,60002 1527,Lake,10,1,1,0,0,NA,NA
mary lou cowlishaw elementary,1212 Sanctuary Ln,Naperville,60540 1902,Dupage,11,1,1,2,1,1,0.5
mary miller junior high school,414 W West St,Georgetown,61846 1846,Vermilion,15,1,1,0,0,NA,NA
mary morgan elem sch,420 N Colfax St,Byron,61010 1438,Ogle,16,1,1,0,0,NA,NA
marya yates elementary school,6131 Allemong Dr,Matteson,60443 1061,Cook,02,1,1,0,0,NA,NA
marycrest early childhood center,303 Purdue Ct,Joliet,60436 1126,Will,14,1,NA,0,0,NA,NA
maryville elem school,6900 W Main St,Maryville,62062 6634,Madison,13,1,NA,0,0,NA,NA
maryville elem school,4651 Maryville Rd,Granite City,62040 2516,Madison,13,1,NA,3,1,2,0.666666666666667
mascoutah elem school,533 N 6th St,Mascoutah,62258 1169,Saint Clair,12,1,NA,0,0,NA,NA
mascoutah high school,1313 W Main St,Mascoutah,62258 1065,Saint Clair,12,1,NA,0,0,NA,NA
mascoutah middle school,846 N 6th St,Mascoutah,62258 1153,Saint Clair,12,1,NA,0,0,NA,NA
mason elem school,4217 W 18th St,Chicago,60623 2325,Cook,07,1,1,0,0,NA,NA
mason clark middle sch,5510 State St,East Saint Louis,62203 1345,Saint Clair,13,1,1,0,0,NA,NA
mason tazewell woodford roe,2400 N Main St Ste C,East Peoria,61611 1735,N/A,NA,0,NA,0,0,NA,NA
massac county high school,2841 Old Marion Rd,Metropolis,62960 2943,Massac,12,1,1,0,0,NA,NA
massac jr high school,3028 Old Marion Rd,Metropolis,62960 2942,Massac,12,1,1,0,0,NA,NA
matheny withrow elem sch,1200 S Pope Ave,Springfield,62703 2731,Sangamon,13,1,NA,0,0,NA,NA
mather high school,5835 N Lincoln Ave,Chicago,60659 4610,Cook,05,1,1,1,1,1,1
matherville intermediate school,1376 252nd St,Matherville,61263 0639,Rock Island,17,1,NA,0,0,NA,NA
matteson elem school,21245 Main St,Matteson,60443 2561,Cook,02,1,1,0,0,NA,NA
matthews middle school,3500 Darrell Rd.,Island Lake,60042 0920,Lake,11,1,1,0,0,NA,NA
mattoon high school,2521 Walnut Ave,Mattoon,61938 5060,Coles,15,1,1,0,0,NA,NA
mattoon middle school,1200 S 9th St,Mattoon,61938 6002,Coles,15,1,1,3,1,3,1
mattoon regional innovation center,121 S 17Th St,Mattoon,61938 3915,NA,NA,0,NA,0,0,NA,NA
maud e johnson elem school,3805 Rural St,Rockford,61107 3555,Winnebago,17,1,1,0,0,NA,NA
may watts elementary school,800 S Whispering Hills Dr,Naperville,60540 1317,Dupage,11,1,1,4,1,3,0.75
may whitney elem school,200 Church St,Lake Zurich,60047 1527,Lake,05,1,1,0,0,NA,NA
maya angelou elem sch,15748 Page Ave,Harvey,60426 4222,Cook,02,1,1,0,0,NA,NA
mayer elem school,2250 N Clifton Ave,Chicago,60614 3523,Cook,05,1,1,1,1,1,1
mayo middle school,300 E Wood St,Paris,61944 1848,Edgar,15,1,1,0,0,NA,NA
mays elem academy,6656 S Normal Blvd,Chicago,60621 2558,Cook,01,1,1,0,0,NA,NA
mazon verona kinsman elem school,1013 North St,Mazon,60444 6236,Grundy,16,1,NA,0,0,NA,NA
mazon verona kinsman middle sch,1013 North St,Mazon,60444 6236,Grundy,16,1,NA,0,0,NA,NA
mcauliffe elem school,1841 N Springfield Ave,Chicago,60647 4600,Cook,03,1,1,5,1,3,0.6
mccarty elementary school,3000 Village Green Dr,Aurora,60504 7276,Dupage,11,1,1,5,1,4,0.8
mcclean co detention center,903 N Main St,Normal,61761 1501,McLean,17,0,NA,0,0,NA,NA
mccleery elem school,1002 W Illinois Ave,Aurora,60506 2736,Kane,11,1,1,1,1,0,0
mcclellan elem school,1326 West 14th Place 2nd floor,Chicago,60680,Cook,NA,1,1,0,0,NA,NA
mcclellan elementary school,9475 N IL Highway 148,Mount Vernon,62864 6379,Jefferson,12,1,NA,0,0,NA,NA
mcclernand elem school,801 N 6th St,Springfield,62702 6303,Sangamon,13,1,1,0,0,NA,NA
mcclure jr high school,4225 Wolf Rd,Western Springs,60558 1453,Cook,06,1,1,1,1,1,1
mccormick elem school,2712 S Sawyer Ave,Chicago,60623 4738,Cook,04,1,1,3,1,2,0.666666666666667
mccutcheon elem school,4865 N Sheridan Rd,Chicago,60640 3717,Cook,09,1,1,0,0,NA,NA
mcdade elem classical school,8801 S Indiana Ave,Chicago,60619 6692,Cook,01,1,1,0,0,NA,NA
mcdowell elem school,1419 E 89th St,Chicago,60619 7196,Cook,01,1,1,0,0,NA,NA
mcelvain school,593 Ava Rd,Murphysboro,62966 4267,Jackson,12,1,NA,0,0,NA,NA
mcgaughey elem school,1320 W Main St,Mount Zion,62549 1348,Macon,15,1,1,0,0,NA,NA
mchenry co coop for employ educ,408 S Il Route 31,Mchenry,60050 5419,NA,NA,0,NA,0,0,NA,NA
mchenry community high school,1012 N Green St,Mchenry,60050 5721,McHenry,11,1,NA,0,0,NA,NA
mchenry middle school,2120 W Lincoln Rd,McHenry,60051 3634,McHenry,10,1,1,0,0,NA,NA
mchenry roe,408 S Il Route 31,Mchenry,60050 5419,N/A,NA,0,NA,0,0,NA,NA
mcintosh elementary,525 N Pierpont Ave,Rockford,61101 5036,Winnebago,17,1,NA,0,0,NA,NA
mckay elem school,6901 S Fairfield Ave,Chicago,60629 1912,Cook,07,1,1,0,0,NA,NA
mckenzie elem school,649 Prairie Ave,Wilmette,60091 2531,Cook,09,1,1,0,0,NA,NA
mckinley elem school,3317 Butterfield Rd,Bellwood,60104 1450,Cook,07,1,1,0,0,NA,NA
mckinley elem school,850 E 170th St,South Holland,60473 3413,Cook,02,1,1,1,1,1,1
mckinley elem school,258 Lovell St,Elgin,60120 3722,Kane,08,1,NA,0,0,NA,NA
mckinley elem school,1320 State St,Ottawa,61350 4413,La Salle,14,1,NA,0,0,NA,NA
mckinley jr high school,16949 Cottage Grove Ave,South Holland,60473 3089,Cook,02,1,1,0,0,NA,NA
mclean dewitt reg voc system,1202 East Locust Street,Bloomington,61701 3363,McLean County,NA,0,NA,0,0,NA,NA
mcnair elem school,4820 W Walton St,Chicago,60651 3209,Cook,07,1,1,1,1,1,1
mcpherson elem school,4728 N Wolcott Ave,Chicago,60640 4364,Cook,05,1,1,1,1,1,1
meade park elem school,200 S Kansas Ave,Danville,61834 9345,Vermilion,02,1,NA,0,0,NA,NA
meadow glens elementary school,1150 Muirhead Ave,Naperville,60565 1690,Dupage,11,1,1,0,0,NA,NA
meadow lane school,11800 S Meadow Lane Dr,Merrionette Park,60803 5824,Cook,06,1,1,0,0,NA,NA
meadow ridge school,10959 W 159th St,Orland Park,60467 4548,Cook,06,1,1,2,1,2,1
meadow view elementary school,2501 Mirage Ave,Plainfield,60586 2145,Will,14,1,1,1,1,0,0
meadowbrook elem school,1600 Walters Ave,Northbrook,60062 4604,Cook,10,1,NA,0,0,NA,NA
meadowbrook intermediate sch,111 W Roosevelt Dr,Moro,62067 1545,Madison,13,1,1,0,0,NA,NA
meadowdale elem school,14 Ash St,Carpentersville,60110 1663,Kane,08,1,1,0,0,NA,NA
meadowview elem school,2525 Mitchell Dr,Woodridge,60517 1623,Dupage,11,1,NA,0,0,NA,NA
meadowview school,4701 179th St,Country Club Hills,60478 4700,Cook,02,1,NA,0,0,NA,NA
meadowview school,291 Lexington Ln,Grayslake,60030 3744,Lake,10,1,NA,0,0,NA,NA
mechanics grove elem school,1200 N Midlothian Rd,Mundelein,60060 1146,Lake,10,1,1,0,0,NA,NA
medgar evers primary academic center,1101 E 10th St,Ford Heights,60411 2230,Cook,02,1,1,0,0,NA,NA
medical support needs program,2900 Ogden Ave,Lisle,60532 1631,Dupage,11,0,NA,0,0,NA,NA
medinah intermediate school,7N330 Medinah Rd,Medinah,60157 9622,Dupage,08,1,1,6,1,5,0.833333333333333
medinah middle school,700 E Granville Ave,Roselle,60172 1406,Dupage,08,1,1,6,1,5,0.833333333333333
medinah primary school,22W300 Sunnyside Rd,Medinah,60157 9705,Dupage,08,1,1,1,1,1,1
medora intermediate school,124 N Elm St,Medora,62063 0178,Macoupin,13,1,NA,0,0,NA,NA
meehan elementary school,1401 E 6th St,Belvidere,61008 6503,Boone,11,1,1,0,0,NA,NA
melody elem school,3937 W Wilcox St,Chicago,60624 2833,Cook,07,1,1,0,0,NA,NA
melrose park elem school,1715 W Lake St,Melrose Park,60160 3818,Cook,04,1,1,0,0,NA,NA
melzer school,9400 Oriole Ave,Morton Grove,60053 1008,Cook,09,1,1,0,0,NA,NA
memorial elem school,101 E Adams St,Taylorville,62568 2201,Christian,15,1,1,7,1,7,1
memorial elem school,6701 179th St,Tinley Park,60477 4116,Cook,06,1,NA,0,0,NA,NA
memorial elementary school,509 E Newton St,Paris,61944 2421,Edgar,15,1,1,0,0,NA,NA
memorial jr high school,2721 Ridge Rd,Lansing,60438 2933,Cook,02,1,1,0,0,NA,NA
menard sangamon roe,2201 S Dirksen Pkwy,Springfield,62703 4564,N/A,NA,0,NA,0,0,NA,NA
mendota twp high school,2300 W Main St,Mendota,61342 1061,La Salle,14,1,1,0,0,NA,NA
mercer county early learning center,203 N Washington St,Joy,61260 7788,Mercer,15,1,NA,0,0,NA,NA
mercer county high school,1500 S College Ave,Aledo,61231 2513,Mercer,15,1,1,1,1,1,1
mercer county jr high school,1002 Sw 6Th St,Aledo,61231 2100,Mercer,15,1,1,1,1,1,1
meredosia chambersburg elem sch,830 Main Street,Meredosia,62665 0440,Morgan,15,1,NA,0,0,NA,NA
meredosia chambersburg high sch,830 Main St,Meredosia,62665 0440,Morgan,15,1,NA,0,0,NA,NA
meredosia chambersburg jr high,830 Main St,Meredosia,62665 0440,Morgan,15,1,NA,0,0,NA,NA
meridian elem school,509 S Lewis St,Blue Mound,62513 0350,Macon,15,1,NA,0,0,NA,NA
meridian elementary school,1401 Mounds Rd,Mounds,62964 2325,Pulaski,12,1,NA,0,0,NA,NA
meridian high school,728 S Wall St,Macon,62544 0380,Macon,15,1,1,3,1,2,0.666666666666667
meridian high school,1401 Mounds Rd,Mounds,62964 2325,Pulaski,12,1,NA,0,0,NA,NA
meridian jr high school,207 W Main St,Stillman Valley,61084 9037,Ogle,16,1,1,0,0,NA,NA
meridian middle school,728 S Wall St,Macon,62544 4380,Macon,15,1,1,1,1,0,0
meridian school,2195 Brandywyn Ln,Buffalo Grove,60089 6694,Lake,10,1,1,0,0,NA,NA
merrill elem school,600 4th Ave,Rock Falls,61071 1229,Whiteside,17,1,1,0,0,NA,NA
metamora grade school,815 E Chatham St,Metamora,61548 8745,Woodford,16,1,1,4,1,4,1
metamora high school,101 W Madison St,Metamora,61548 0109,Woodford,16,1,NA,0,0,NA,NA
metcalfe elem community academy,12339 S Normal Ave,Chicago,60628 6413,Cook,01,1,1,0,0,NA,NA
metea valley high school,1801 N Eola Rd,Aurora,60502 7065,Dupage,11,1,1,0,0,NA,NA
metropolis elem school,1015 Filmore St,Metropolis,62960 1762,Massac,12,1,NA,0,0,NA,NA
michael collins elem school,407 Summit Dr,Schaumburg,60193 3050,Cook,08,1,1,1,1,1,1
michael e baum elem school,801 S Lake Ridge Ave,Decatur,62521 4348,Macon,15,1,1,0,0,NA,NA
michelle obama sch of technology and the arts,530 Lakewood Blvd,Park Forest,60466 1505,Cook,02,1,NA,0,0,NA,NA
mid valley satellite classes,1304 Ronzheimer Ave,St Charles,60174 4450,Kane,11,1,NA,0,0,NA,NA
mid valley transition program,1304 Ronzheimer Ave,St Charles,60174 4450,Kane,11,0,NA,0,0,NA,NA
middle fork school,15009 Catlin Tilton Rd,Danville,61834 5176,Vermilion,02,0,NA,0,0,NA,NA
middlefork primary school,405 Wagner Rd,Northfield,60093 2921,Cook,09,1,1,1,1,1,1
middlefork school rssp,15009 Catlin Tilton Rd,Danville,61834 5176,N/A,NA,0,1,0,0,NA,NA
middlefork school taoep,15009 Catlin Tilton Rd,Danville,61834 5176,N/A,NA,0,1,0,0,NA,NA
middletown prairie elementary,1301 S Bulldog Dr,Mahomet,61853,Champaign,15,1,1,0,0,NA,NA
midland elementary school,625 6th Street,Lacon,61540 1325,Marshall,16,1,1,0,0,NA,NA
midland high school,1830 State Route 17,Varna,61375 9300,Marshall,16,1,1,0,0,NA,NA
midland middle school,901 Hilltop Dr,Sparland,61565 9792,Marshall,16,1,1,0,0,NA,NA
midway school,6321 Midway Dr,Moro,62067 1415,Madison,13,1,NA,0,0,NA,NA
midwest central high school,910 S Washington St,Manito,61546 8901,Mason,15,1,NA,0,0,NA,NA
midwest central middle school,121 N Church St,Green Valley,61534 8109,Mason,17,1,NA,0,0,NA,NA
midwest central primary school,450 E Southmoor St,Manito,61546 9106,Mason,15,1,NA,0,0,NA,NA
miguel juarez middle school,201 N Butrick St,Waukegan,60085 3724,Lake,10,1,1,0,0,NA,NA
milford grade school east campus,150 S Randolph St,Sheldon,60966 8213,Iroquois,02,0,1,0,0,NA,NA
milford grade school west campus,100 S Chicago St,Milford,60953 1289,Iroquois,02,1,1,0,0,NA,NA
milford high school campus,200 S Chicago St,Milford,60953,Iroquois,02,1,1,0,0,NA,NA
mill creek school,N900 Brundige Dr,Geneva,60134 6009,Kane,11,1,1,0,0,NA,NA
mill street elem school,1300 N Mill St,Naperville,60563 6301,Dupage,11,1,1,0,0,NA,NA
millbrook junior high school,8411 Fox River Dr,Newark,60541 9255,Kendall,14,1,1,1,1,1,1
millburn elem school,18550 W Millburn Rd,Old Mill Creek,60083 9248,Lake,10,1,NA,0,0,NA,NA
millburn middle school,640 Freedom Way,Lindenhurst,60046 7884,Lake,10,1,1,0,0,NA,NA
millennium elem school,17830 84th Ave,Tinley Park,60487 2373,Cook,06,1,1,0,0,NA,NA
milligan academy rssp,3900 N Neely Ave,Decatur,62526 1915,N/A,NA,0,NA,0,0,NA,NA
millikin elem school,920 S Congress St,Geneseo,61254 1808,Henry,16,1,NA,0,0,NA,NA
millstadt consolidated school,211 W Mill St,Millstadt,62260 1147,Saint Clair,12,1,1,4,1,4,1
millstadt primary center,105 W Parkview Dr,Millstadt,62260 1127,Saint Clair,12,1,1,0,0,NA,NA
milne grove elem school,565 E 7th St,Lockport,60441 3660,Will,14,1,1,0,0,NA,NA
milton pope elem school,3197 E 28th Rd,Marseilles,61341 9567,La Salle,14,1,NA,0,0,NA,NA
miner school,1101 E Miner St,Arlington Heights,60004 6337,Cook,05,0,NA,0,0,NA,NA
minnie minoso academy,3527 S Wallace St,Chicago,60609 1737,Cook,07,1,1,0,0,NA,NA
minooka academy,101 W Wapella St,Minooka,60447,N/A,NA,1,NA,0,0,NA,NA
minooka community high school,301 S Wabena Ave,Minooka,60447 9466,Grundy,16,1,1,0,0,NA,NA
minooka elem school,400 W Coady Dr,Minooka,60447 9118,Grundy,16,1,1,0,0,NA,NA
minooka intermediate school,321 W McEvilly Rd,Minooka,60447 8786,Grundy,16,1,1,2,1,2,1
minooka jr high school,333 W McEvilly Rd,Minooka,60447 8786,Grundy,16,1,1,1,1,1,1
minooka primary center,305 W Church St,Minooka,60447 9585,Grundy,16,1,1,0,0,NA,NA
mireles elem academy,9000 S Exchange Ave,Chicago,60617 4296,Cook,02,1,1,1,1,0,0
mitchell elem school,2233 W Ohio St,Chicago,60612 1519,Cook,07,1,1,0,0,NA,NA
mitchell elementary school,316 E Chain of Rocks Rd,Granite City,62040 2721,Madison,13,1,1,0,0,NA,NA
mohawk primary center,301 Mohawk St,Park Forest,60466 1907,Cook,02,1,NA,0,0,NA,NA
mokena elem school,11244 Willow Crest Ln,Mokena,60448 1334,Will,01,1,1,0,0,NA,NA
mokena intermediate school,11331 195th St,Mokena,60448 1311,Will,01,1,1,0,0,NA,NA
mokena jr high school,19815 Kirkstone Way,Mokena,60448 8016,Will,01,1,1,0,0,NA,NA
moline high sch at coolidge campus,3600 Avenue Of The Cities,Moline,61265 4421,Rock Island,NA,0,NA,0,0,NA,NA
moline sr high school,3600 Avenue of The Cities,Moline,61265 4421,Rock Island,17,1,NA,0,0,NA,NA
mollison elem school,4415 S Dr Martin L King Jr Dr,Chicago,60653 3310,Cook,01,1,1,0,0,NA,NA
molloy education center,8701 Menard Ave,Morton Grove,60053,NA,NA,1,1,4,1,4,1
momence high school,101 N Franklin St,Momence,60954 1453,Kankakee,02,1,1,1,1,1,1
momence jr high school,801 W 2nd St,Momence,60954 1436,Kankakee,02,1,1,0,0,NA,NA
monarcas academy,5815 S Homan Ave,Chicago,60629 3636,Cook,04,1,1,2,1,0,0
monee education center,5154 W Main St,Monee,60449 9281,Will,NA,1,NA,0,0,NA,NA
monee elementary school,25425 S Will Center Rd,Monee,60449 9814,Will,02,1,1,0,0,NA,NA
monmouth roseville high sch,200 S B St,Monmouth,61462 2137,Warren,17,1,NA,0,0,NA,NA
monmouth roseville jr high sch,200 E Gossett St,Roseville,61473 9131,Warren,15,1,NA,0,0,NA,NA
monroe center grade school,17500 Hwy 72,Monroe Center,61052 0360,Ogle,16,1,1,0,0,NA,NA
monroe elem school,301 E Monroe Ave,Casey,62420 1768,Clark,12,1,NA,0,0,NA,NA
monroe elem school,3651 W Schubert Ave,Chicago,60647 1157,Cook,NA,1,1,0,0,NA,NA
monroe elem school,210 N Madison St,Hinsdale,60521 3241,Dupage,04,1,1,1,1,1,1
monroe elem school,5137 W Cisna Rd,Bartonville,61607 1434,Peoria,17,1,NA,0,0,NA,NA
monroe middle school,1855 Manchester Rd,Wheaton,60187 4612,Dupage,03,1,1,0,0,NA,NA
monroe randolph red brick sch,134 N Main St,Red Bud,62278 1072,N/A,NA,1,NA,0,0,NA,NA
monroe randolph roe,134 N Main St,Red Bud,62278 1072,N/A,NA,0,NA,0,0,NA,NA
montessori academy for peace,4735 E Cantrell St,Decatur,62521 8720,Macon,15,1,1,0,0,NA,NA
montessori elementary school,2021 Hawthorne Dr,Rockford,61107 1342,Winnebago,17,1,NA,0,0,NA,NA
montessori of englewood chtr es,6936 S Hermitage Ave,Chicago,60636 3333,Cook,07,1,1,0,0,NA,NA
monticello high school,1 Sage Dr,Monticello,61856 1813,Piatt,13,1,1,0,0,NA,NA
monticello middle school,2015 E Washington St,Monticello,61856 2148,Piatt,13,1,1,0,0,NA,NA
montmorency ccsd 145,9415 Hoover Rd,Rock Falls,61071 9350,Whiteside,17,1,1,0,0,NA,NA
moos elem school,1711 N California Ave,Chicago,60647 5103,Cook,03,1,1,1,1,1,1
moraine area career system,4625 W 107th St,Oak Lawn,60453 5865,Cook,NA,0,NA,0,0,NA,NA
morgan park high school,1744 W Pryor Ave,Chicago,60643 3497,Cook,01,1,1,2,1,2,1
morrill elem math and sci school,6011 S Rockwell St,Chicago,60629 1133,Cook,07,1,1,3,1,0,0
morris community high school,1000 Union St,Morris,60450 1234,Grundy,16,1,1,1,1,0,0
morrison alt learning program,300 Academic Dr,Morrison,61270 2952,N/A,NA,1,NA,0,0,NA,NA
morrison high school,643 Genesee Ave,Morrison,61270 2907,Whiteside,17,1,1,0,0,NA,NA
morrison jr high school,300 Academic Dr,Morrison,61270 2952,Whiteside,17,1,1,0,0,NA,NA
morrisonville elem school,313 School St,Morrisonville,62546 0013,Christian,15,1,NA,0,0,NA,NA
morrisonville high school,204 N Perrine St,Morrisonville,62546 0013,Christian,15,1,NA,0,0,NA,NA
morrisonville jr high school,204 N Perrine St,Morrisonville,62546 0013,Christian,15,1,NA,0,0,NA,NA
morton academy,260 E Queenwood Rd,Morton,61550 9726,Tazewell,16,1,NA,0,0,NA,NA
morton alternative schools,415 Lexington St,Maywood,60153 3271,N/A,NA,1,NA,0,0,NA,NA
morton elem career academy,431 N Troy St,Chicago,60612 1713,Cook,07,1,1,0,0,NA,NA
morton high school,350 N Illinois Ave,Morton,61550 2206,Tazewell,16,1,1,0,0,NA,NA
morton jr high school,225 E Jackson St,Morton,61550 1625,Tazewell,16,1,1,0,0,NA,NA
morton regional del sys,2400 Home Ave,Berwyn,60402 2110,Cook,NA,0,NA,0,0,NA,NA
mosaic school of fine arts,6710 N Washtenaw Ave,Chicago,60645 4511,Cook,09,1,1,2,1,2,1
mossville elementary school,12207 Old Galena Rd,Mossville,61552 0178,Peoria,16,1,NA,0,0,NA,NA
mossville jr high,12207 Old Galena Rd,Mossville,61552 0178,Peoria,16,1,NA,0,0,NA,NA
moulton elementary school,1101 W North 6th St,Shelbyville,62565 1293,Shelby,15,1,NA,0,0,NA,NA
mount carmel high school,201 N Pear St,Mount Carmel,62863 2101,Wabash,12,1,1,0,0,NA,NA
mount erie elem school,300 School Dr,Mount Erie,62446 1117,Wayne,12,1,NA,0,0,NA,NA
mount greenwood elem school,10841 S Homan Ave,Chicago,60655 2611,Cook,06,1,1,1,1,0,0
mount pulaski elem school,119 N Garden St,Mount Pulaski,62548 1285,Logan,15,1,1,0,0,NA,NA
mount pulaski high school,206 S Spring St,Mount Pulaski,62548 1145,Logan,15,1,1,0,0,NA,NA
mount vernon elem school,10540 S Morgan St,Chicago,60643 3098,Cook,01,1,1,2,1,2,1
mount vernon high school,11101 N Wells Bypass Rd,Mount Vernon,62864 6588,Jefferson,12,1,1,0,0,NA,NA
moving everest charter school,416 N Laramie Ave,Chicago,60644 1906,Cook,07,1,1,0,0,NA,NA
mozart elem school,2200 N Hamlin Ave,Chicago,60647 2222,Cook,03,1,1,2,1,2,1
mt carmel elementary school,1300 N Walnut St,Mount Carmel,62863 1257,Wabash,12,1,1,0,0,NA,NA
mt carmel grade school,1520 Poplar St,Mount Carmel,62863 1260,Wabash,12,1,1,0,0,NA,NA
mt carmel junior high school,201 N Pear St,Mount Carmel,62863 2101,Wabash,12,1,1,0,0,NA,NA
mt olive elementary school,804 W Main St,Mount Olive,62069 1549,Macoupin,13,1,1,0,0,NA,NA
mt olive high school,804 W Main St,Mount Olive,62069 1549,Macoupin,13,1,1,0,0,NA,NA
mt vernon alternative school,2300 Benton Rd,Mount Vernon,62864 6132,N/A,NA,1,NA,0,0,NA,NA
mt vernon area career center,11101 N Wells Bypass Rd,Mount Vernon,62864 6588,NA,NA,0,NA,0,0,NA,NA
mt zion elem school,725 W Main St,Mount Zion,62549 1335,Macon,15,1,1,0,0,NA,NA
mt zion high school,305 S Henderson St,Mount Zion,62549 1323,Macon,15,1,NA,0,0,NA,NA
mt zion intermediate school,310 S Henderson St,Mount Zion,62549 1384,Macon,15,1,NA,0,0,NA,NA
mt zion jr high school,315 S Henderson St,Mount Zion,62549 1323,Macon,15,1,NA,0,0,NA,NA
muffley elem school,88 S Country Club Rd,Decatur,62521 4473,Macon,15,1,1,0,0,NA,NA
mulberry grove elem school,801 W Wall St,Mulberry Grove,62262 1049,Bond,15,1,1,0,0,NA,NA
mulberry grove jr high school,801 W Wall St,Mulberry Grove,62262 1049,Bond,15,1,1,0,0,NA,NA
mulberry grove sr high school,801 W Wall St,Mulberry Grove,62262 1049,Bond,15,1,1,0,0,NA,NA
multicultural arts high school,3120 S Kostner Ave,Chicago,60623 4842,Cook,04,1,1,0,0,NA,NA
mundelein cons high school,1350 W Hawley St,Mundelein,60060 1504,Lake,10,1,1,0,0,NA,NA
munhall elem school,1400 S 13th Ave,Saint Charles,60174 4405,Kane,11,1,1,0,0,NA,NA
murphy elem school,3539 W Grace St,Chicago,60618 4237,Cook,03,1,1,4,1,4,1
murphy junior high school,26923 W Grande Park Blvd,Plainfield,60585 2995,Kendall,14,1,1,0,0,NA,NA
murphysboro high school,50 Blackwood Dr,Murphysboro,62966 2937,Jackson,12,1,1,0,0,NA,NA
murphysboro middle school,2125 Spruce St,Murphysboro,62966 2342,Jackson,12,1,1,0,0,NA,NA
murray elem language academy,5335 S Kenwood Ave,Chicago,60615 5393,Cook,01,1,1,1,1,1,1
murrayville woodson elem school,307 Masters St,Murrayville,62668 0170,Morgan,15,1,1,0,0,NA,NA
n b galloway elem school,24805 W Roberts Rd,Channahon,60410 8618,Will,01,1,1,0,0,NA,NA
n o nelson elem school,1225 W High St,Edwardsville,62025 1058,Madison,13,1,NA,0,0,NA,NA
namaste elem charter school,3737 S Paulina St,Chicago,60609 2047,Cook,04,1,1,0,0,NA,NA
nancy young elementary school,800 Asbury Dr,Aurora,60502 9086,Dupage,11,1,1,2,1,2,1
naper elem school,39 S Eagle St,Naperville,60540 4421,Dupage,11,1,1,0,0,NA,NA
naperville central high school,440 Aurora Ave,Naperville,60540 6266,Dupage,11,1,1,0,0,NA,NA
naperville north high school,899 N Mill St,Naperville,60563 2909,Dupage,11,1,1,0,0,NA,NA
nash elem school,4837 W Erie St,Chicago,60644 1720,Cook,07,1,1,2,1,2,1
nashville comm high school,1300 S Mill St,Nashville,62263 2083,Washington,12,1,NA,0,0,NA,NA
nashville grade school,750 E Gorman St,Nashville,62263 2007,Washington,12,1,NA,0,0,NA,NA
nathan hale elem school,1300 W Wise Rd,Schaumburg,60193 3627,Cook,08,1,1,5,1,4,0.8
nathan hale elem school,19055 Burnham Ave,Lansing,60438 3605,Cook,02,1,1,1,1,1,1
nathan hale intermediate,5312 135th St,Crestwood,60445 1504,Cook,06,1,NA,0,0,NA,NA
nathan hale middle school,5220 135th St,Crestwood,60445 1502,Cook,06,1,NA,0,0,NA,NA
nathan hale primary school,5324 135th St,Crestwood,60445 1504,Cook,06,1,NA,0,0,NA,NA
nathaniel hawthorne early childhood sch,200 Glendale St,Wheeling,60090 2948,Cook,10,1,1,0,0,NA,NA
national teachers elem academy,55 W Cermak Rd,Chicago,60616 2001,Cook,07,1,1,2,1,2,1
nature ridge elem school,1899 Westridge Blvd,Bartlett,60103 1382,Kane,03,1,NA,0,0,NA,NA
nauvoo elem school,2461 N State Highway 96,Nauvoo,62354 2200,Hancock,15,1,1,1,1,1,1
navajo heights elem school,12401 S Oak Park Ave,Palos Heights,60463 1673,Cook,06,1,NA,0,0,NA,NA
ncisc alop,1001 E Touhy Ave Ste 200,Des Plaines,60018 5800,N/A,NA,0,NA,0,0,NA,NA
neal math science academy,1905 Argonne Dr,North Chicago,60064 2500,Lake,10,1,1,0,0,NA,NA
neil armstrong elem school,1320 Kingsdale Rd,Hoffman Estates,60169 1217,Cook,08,1,1,4,1,4,1
neil armstrong elem school,5030 Imperial Dr,Richton Park,60471 1604,Cook,02,1,1,0,0,NA,NA
neil elem school,8555 S Michigan Ave,Chicago,60619 5687,Cook,01,1,1,0,0,NA,NA
nelson prairie school,2366 Nelson Rd,New Lenox,60451 8585,Will,01,1,1,0,0,NA,NA
nelson ridge school,2470 Nelson Rd,New Lenox,60451 8586,Will,01,1,1,0,0,NA,NA
neoga early childhood center,850 E 7th St,Neoga,62447 0580,Cumberland,NA,0,NA,0,0,NA,NA
neoga elementary school,850 E 7th St,Neoga,62447 0580,Cumberland,12,1,1,0,0,NA,NA
neoga jr sr high school,790 E 7Th St,Neoga,62447,Cumberland,12,1,1,0,0,NA,NA
neponset grade school,201 W Main St,Neponset,61345 9360,Henry,16,1,1,0,0,NA,NA
nettelhorst elem school,3252 N Broadway St,Chicago,60657 3521,Cook,05,1,1,0,0,NA,NA
nettle creek elem school,8820 Scott School Rd,Morris,60450 8425,Grundy,16,1,NA,0,0,NA,NA
neuqua valley high school,2360 95th St,Naperville,60564 8934,Dupage,14,1,1,0,0,NA,NA
new approach alternative high sch,1500 W Jefferson St,Vandalia,62471 1510,N/A,NA,1,1,0,0,NA,NA
new athens elem,501 Hanft St,New Athens,62264 1507,Saint Clair,12,1,NA,0,0,NA,NA
new athens high school,501 Hanft St,New Athens,62264 1507,Saint Clair,12,1,NA,0,0,NA,NA
new athens jr high,501 Hanft St,New Athens,62264 1507,Saint Clair,12,1,NA,0,0,NA,NA
new baden elementary school,700 Marilyn Dr,New Baden,62265 1132,Clinton,12,1,1,0,0,NA,NA
new beginnings learning academy,15703 Clyde Ave,South Holland,60473 1920,Cook,02,1,1,0,0,NA,NA
new beginnings regional safe schools program,46 S Gifford St,Elgin,60120 6522,N/A,NA,0,NA,0,0,NA,NA
new berlin elementary school,600 N Cedar St,New Berlin,62670 4608,Sangamon,15,1,NA,0,0,NA,NA
new berlin high school,300 W Ellis St,New Berlin,62670 0230,Sangamon,15,1,NA,0,0,NA,NA
new berlin jr high school,300 W Ellis St,New Berlin,62670 0230,Sangamon,15,1,NA,0,0,NA,NA
new boston elem school,301 Jefferson St,New Boston,61272 8636,Mercer,15,1,1,0,0,NA,NA
new central elem school,215 N Pearl St,Havana,62644 1229,Mason,15,1,1,0,0,NA,NA
new directions geneva,416 McKinley Ave,Geneva,60134 1200,N/A,NA,1,NA,0,0,NA,NA
new directions program,1304 Ronzheimer Ave,St Charles,60174 4450,N/A,NA,0,NA,0,0,NA,NA
new field elem school,1707 W Morse Ave,Chicago,60626 3203,Cook,09,1,1,4,1,3,0.75
new holland middletown elem sch,75 1250th St,Middletown,62666 9734,Logan,15,1,NA,0,0,NA,NA
new hope elem school,1804 County Road 445 N,Fairfield,62837 2973,Wayne,12,1,1,0,0,NA,NA
new horizons,315 S Illinois St,Lewistown,61542 1554,McDonough,15,0,NA,0,0,NA,NA
new simpson hill dist 32,95 Tunnel Hill Rd,Tunnel Hill,62972 3200,Johnson,12,1,NA,0,0,NA,NA
new tech high zion benton east,1634 23rd St,Zion,60099 2345,Lake,NA,1,NA,0,0,NA,NA
new trier township h s northfield,7 Happ Rd,Northfield,60093 3411,Cook,10,1,1,0,0,NA,NA
new trier township h s winnetka,385 Winnetka Ave,Winnetka,60093 4238,Cook,10,1,1,8,1,5,0.625
newark ccsd 66,503 Chicago Rd,Newark,60541 9501,Kendall,14,0,NA,0,0,NA,NA
newark chsd 18,413 Chicago Rd,Newark,60541 8900,Kendall,14,0,NA,0,0,NA,NA
newark comm high school,413 Chicago Rd,Newark,60541 8900,Kendall,14,1,1,0,0,NA,NA
newark elem school,503 Chicago Rd,Newark,60541 9501,Kendall,14,1,1,0,0,NA,NA
newberry elem math and science acad,700 W Willow St,Chicago,60614 5108,Cook,05,1,1,8,1,7,0.875
newcomer center,2121 S Goebbert Rd,Arlington Heights,60005 4205,Cook,08,1,NA,0,0,NA,NA
newport elem school,15872 W 21st St,Wadsworth,60083 8918,Lake,10,1,NA,0,0,NA,NA
newton comm high school,201 Westend Ave,Newton,62448 1100,Jasper,12,1,1,2,1,2,1
newton elem school,101 Maxwell St,Newton,62448 1661,Jasper,12,1,1,0,0,NA,NA
next step day school,213 S Cumberland St,Willow Hill,62480,Crawford,12,0,NA,0,0,NA,NA
nia d hh hs prgrm,1600 Big Timber Rd,Hampshire,60140 8374,Dekalb,11,0,NA,0,0,NA,NA
nia d hh ms prgrm,2100 Sleepy Hollow Rd,Algonquin,60102 6049,Dekalb,08,0,NA,0,0,NA,NA
nia d hh pk elem prgrm,2100 Sleepy Hollow Rd,Algonquin,60102 6049,Dekalb,08,0,NA,0,0,NA,NA
nicholas a hermes elem school,1000 Jungles Ave,Aurora,60505 1914,Kane,11,1,NA,0,0,NA,NA
nichols middle school,800 Greenleaf St,Evanston,60202 1334,Cook,09,1,NA,0,0,NA,NA
nicholson elem school,649 N Main St,Montgomery,60538 1225,Kane,14,1,1,2,1,2,1
nicholson technology acad elem sch,6006 S Peoria St,Chicago,60621 2114,Cook,07,1,1,1,1,1,1
nightingale elem school,5250 S Rockwell St,Chicago,60632 1540,Cook,04,1,1,2,1,2,1
niles central,7700 Gross Point Rd,Skokie,60077 2614,Cook,09,1,1,0,0,NA,NA
niles north high school,9800 Lawler Ave,Skokie,60077 1215,Cook,09,1,1,0,0,NA,NA
niles west high school,5701 Oakton St,Skokie,60077 2630,Cook,09,1,1,4,1,3,0.75
ninos heroes elem academic ctr,8344 S Commercial Ave,Chicago,60617 2145,Cook,02,1,1,0,0,NA,NA
nippersink middle school,10006 N Main St,Richmond,60071 9436,McHenry,10,1,1,0,0,NA,NA
nixon elem school,2121 N Keeler Ave,Chicago,60639 3603,Cook,03,1,1,3,1,3,1
nob hill elem school,3701 168th St,Country Club Hills,60478 2123,Cook,02,1,1,0,0,NA,NA
nobel elem school,4127 W Hirsch St,Chicago,60651 1806,Cook,03,1,1,0,0,NA,NA
noble st chtr mansueto,2911 W 47Th St,Chicago,60632 1949,Cook,04,1,1,0,0,NA,NA
noble st chtr rauner college prep,1337 W Ohio St,Chicago,60642 6430,Cook,07,1,1,0,0,NA,NA
noble st chtr baker campus,2710 E 89th St,Chicago,60617,Cook,01,1,1,0,0,NA,NA
noble st chtr butler college prep crimson,821 E 103rd St,Chicago,60628 3003,Cook,02,1,1,0,0,NA,NA
noble st chtr chicago bulls prep,2040 W Adams St,Chicago,60612 3052,Cook,07,1,1,0,0,NA,NA
noble st chtr comer college prep,7131 S South Chicago Ave,Chicago,60619,Cook,01,1,1,0,0,NA,NA
noble st chtr drw trading college prep,931 S Homan Ave,Chicago,60624 4108,Cook,07,1,1,0,0,NA,NA
noble st chtr golder college prep,1454 W Superior St,Chicago,60642 5255,Cook,07,1,1,0,0,NA,NA
noble st chtr hansberry college prep silver,8748 S Aberdeen St,Chicago,60620 3438,Cook,01,1,1,0,0,NA,NA
noble st chtr itw speer acad,5321 W Grand Ave,Chicago,60639 3009,Cook,03,1,1,0,0,NA,NA
noble st chtr johnson college prep,6350 S Stewart Ave,Chicago,60621 3138,Cook,01,1,1,0,0,NA,NA
noble st chtr muchin college prep,1 N State St,Chicago,60602,Cook,07,1,1,0,0,NA,NA
noble st chtr noble campus,1010 N Noble St,Chicago,60642 4011,Cook,07,1,1,0,0,NA,NA
noble st chtr pritzker college prep,4131 W Cortland St,Chicago,60639 4923,Cook,03,1,1,0,0,NA,NA
noble st chtr rowe clark ms acad,3645 W Chicago Ave,Chicago,60651 3934,Cook,07,1,1,0,0,NA,NA
noble st chtr the noble academy,1443 N Ogden Ave,Chicago,60610 1007,Cook,07,1,1,0,0,NA,NA
noble st chtr uic college prep,1231 S Damen Ave,Chicago,60608 1145,Cook,07,1,1,0,0,NA,NA
noel levasseur elem school,601 W Bethel Dr,Bourbonnais,60914 1114,Kankakee,01,1,1,0,0,NA,NA
nokomis jr sr high sch,511 Oberle St,Nokomis,62075 1015,Montgomery,15,1,1,0,0,NA,NA
normal community high school,3900 E Raab Rd,Normal,61761 9487,McLean,16,1,NA,0,0,NA,NA
normal community west high school,501 N Parkside Rd,Normal,61761 2780,McLean,16,1,NA,0,0,NA,NA
norris city annex,800 S Division St,Norris City,62869 0246,White,12,NA,1,0,0,NA,NA
norris city annex,800 S Division St,Norris City,62869 0246,White,12,0,NA,0,0,NA,NA
norris city omaha elem school,580 US HWY 45 South,Norris City,62869 0399,White,12,1,1,0,0,NA,NA
norris city omaha enfield h s,205 E Eubanks St,Norris City,62869 0399,White,12,1,1,0,0,NA,NA
north barrington elem school,24175 N Grandview Dr,North Barrington,60010,Lake,09,1,1,0,0,NA,NA
north boone high school,17823 Poplar Grove Rd,Poplar Grove,61065 9014,Boone,16,1,NA,0,0,NA,NA
north boone middle school,17641 Poplar Grove Rd,Poplar Grove,61065 9014,Boone,16,1,1,0,0,NA,NA
north boone upper elem sch,6200 N Boone School Rd,Poplar Grove,61065 8548,Boone,16,1,NA,0,0,NA,NA
north campus,335 E Illinois Ave,Palatine,60067 7132,Cook,08,1,1,0,0,NA,NA
north chicago community high sch,1717 17th St,North Chicago,60064 2052,Lake,10,1,1,0,0,NA,NA
north clay community high school,500 Rte 45 N,Louisville,62858 0220,Clay,12,1,NA,0,0,NA,NA
north clay elem jr high sch,550 Route 45 N,Louisville,62858 0279,Clay,12,1,NA,0,0,NA,NA
north cook student advocacy alop,1001 E Touhy Ave Ste 200,Des Plaines,60018 5800,N/A,NA,0,NA,0,0,NA,NA
north cook young adult academy,1001 E Touhy Ave Ste 200,Des Plaines,60018 5800,N/A,NA,1,NA,0,0,NA,NA
north elem school,805 N Cherokee St,Taylorville,62568 1450,Christian,15,1,1,0,0,NA,NA
north elem school,1001 N 6th St,Marshall,62441 1955,Clark,12,1,NA,0,0,NA,NA
north elem school,9500 Gage Ave,Franklin Park,60131 2133,Cook,03,1,1,0,0,NA,NA
north elem school,150 W Sunset Ave,Villa Park,60181 1540,Dupage,06,1,1,3,1,2,0.666666666666667
north elem school,410 Franklin St,Waukegan,60085 4035,Lake,10,1,1,0,0,NA,NA
north elem school,500 W Woodstock St,Crystal Lake,60014 3425,McHenry,11,1,1,0,0,NA,NA
north elem school,110 W Hamilton St,Nokomis,62075 1266,Montgomery,15,1,1,1,1,1,1
north elementary school,1789 Rand Rd,Des Plaines,60016 3509,Cook,05,1,1,0,0,NA,NA
north elementary school,1680 Brickville Rd,Sycamore,60178 1004,Dekalb,14,1,1,0,0,NA,NA
north elementary school,5600 Godfrey Rd,Godfrey,62035 2422,Madison,15,1,1,0,0,NA,NA
north greene elem,403 W North St,Roodhouse,62082 1065,Greene,15,1,NA,0,0,NA,NA
north greene jr sr high sch,546 N Main St,White Hall,62092 1151,Greene,15,1,1,0,0,NA,NA
north grove elementary school,850 Republic Ave,Sycamore,60178 8880,Dekalb,14,1,1,0,0,NA,NA
north jacksonville school,1626 State Highway 78 N,Jacksonville,62650 6228,Morgan,15,1,1,0,0,NA,NA
north lawndale prep chtr christiana,1615 S Christiana Ave,Chicago,60623 2640,Cook,07,1,1,0,0,NA,NA
north lawndale prep chtr collins,1313 S Sacramento Dr,Chicago,60623 2218,Cook,07,1,1,0,0,NA,NA
north mac elementary,231 W Fortune St,Virden,62690 1228,Macoupin,13,1,NA,0,0,NA,NA
north mac high school,231 W Fortune St,Virden,62690 1228,Macoupin,13,1,NA,0,0,NA,NA
north mac intermediate,525 N 3rd St,Girard,62640 1157,Macoupin,13,1,1,0,0,NA,NA
north mac middle school,525 N 3rd St,Girard,62640 1157,Macoupin,13,1,1,1,1,1,1
north prairie jr high,500 North Ave,Winthrop Harbor,60096 1186,Lake,10,1,NA,0,0,NA,NA
north ridge middle school,1619 N Jackson St,Danville,61832 1879,Vermilion,02,1,NA,0,0,NA,NA
north river elem school,3729 W Leland Ave,Chicago,60625 5706,Cook,03,1,1,1,1,1,1
north shore academy,754 Red Oak Ln,Highland Park,60035 3816,Lake,10,1,1,0,0,NA,NA
north shore academy,754 Red Oak Ln,Highland Park,60035 3816,Lake,10,1,NA,0,0,NA,NA
north shore academy elem,776 Red Oak Ln,Highland Park,60035 3816,Lake,10,1,NA,0,0,NA,NA
north shore elementary,255 Revere Drive,Northbrook,60062,Cook County,NA,1,1,0,0,NA,NA
north side elem school,806 N 1st St,Fairfield,62837 2458,Wayne,12,1,NA,0,0,NA,NA
north side primary center,601 N 17th St,Herrin,62948 1201,Williamson,12,1,NA,0,0,NA,NA
north suburban educ reg for voc,2601 Dempster St,Park Ridge,60068 1155,Cook,NA,0,NA,0,0,NA,NA
north wamac grade school,1500 Case St,Centralia,62801 5050,Clinton,12,1,NA,0,0,NA,NA
north ward elementary school,1201 N Prairie St,Tuscola,61953 9255,Douglas,15,1,1,0,0,NA,NA
north grand high school,4338 W Wabansia Ave,Chicago,60639 4837,Cook,03,1,1,2,1,2,1
northbrook junior high school,1475 Maple Ave,Northbrook,60062 5418,Cook,10,1,NA,0,0,NA,NA
northbrook school,1804 Guiles Ave,Mendota,61342 1204,La Salle,14,1,1,0,0,NA,NA
northeast academy east,201 S 7th St,St Charles,60174 2664,N/A,NA,1,NA,0,0,NA,NA
northeast academy north,201 S 7th St,St Charles,60174 2664,N/A,NA,1,NA,0,0,NA,NA
northeast elem magnet school,1330 E English St,Danville,61832 3408,Vermilion,02,1,NA,0,0,NA,NA
northeast elem school,9058 S California Ave,Evergreen Park,60805 1300,Cook,01,1,NA,0,0,NA,NA
northeast jr high school,4280 4th Ave,East Moline,61244 1924,Rock Island,17,1,NA,0,0,NA,NA
northern kane co reg voc system,275 South Street,Burlington,60109,Kane County,NA,0,NA,0,0,NA,NA
northfield community nursery school,400 Wagner Rd,Northfield,60093 2922,Cook,NA,1,NA,0,0,NA,NA
northlake middle school,202 S Lakewood Ave,Northlake,60164 2581,Cook,04,1,1,1,1,1,1
northlawn jr high school,202 E 1st St,Streator,61364 1591,La Salle,16,1,NA,0,0,NA,NA
northmoor primary school,1819 W Northmoor Rd,Peoria,61614 3332,Peoria,17,1,1,0,0,NA,NA
northpoint elementary school,2602 E College Ave,Bloomington,61704 2445,McLean,16,1,NA,0,0,NA,NA
northside college preparatory hs,5501 N Kedzie Ave,Chicago,60625 3923,Cook,05,1,1,3,1,2,0.666666666666667
northside elem school,415 N Russell Ave,Geneseo,61254 2044,Henry,16,1,NA,0,0,NA,NA
northside learning center,3730 W Bryn Mawr Ave,Chicago,60659 3134,Cook,05,1,1,2,1,2,1
northside school,520 N Genesee St,Morrison,61270 2615,Whiteside,17,1,1,0,0,NA,NA
northview elem school,400 N Sheldon St,Rantoul,61866 1830,Champaign,02,1,NA,0,0,NA,NA
northview elem school,2100 Plum Street,Peru,61354 1863,La Salle,14,1,1,8,1,7,0.875
northwest academy,310 N West St,Elizabeth,61028 8017,Jo Daviess,16,0,NA,0,0,NA,NA
northwest educational council for student success,2121 S Goebbert Rd,Arlington Heights,60005 4205,Cook,NA,0,NA,0,0,NA,NA
northwest elem school,1735 Malcolm Ave,La Salle,61301 1299,La Salle,14,1,1,0,0,NA,NA
northwest elem school,506 11th St,Lincoln,62656 1902,Logan,15,1,1,0,0,NA,NA
northwest middle school,5252 W Palmer St,Chicago,60639 3047,Cook,03,1,1,12,1,11,0.916666666666667
northwest school,3630 W 92nd St,Evergreen Park,60805 1401,Cook,06,1,NA,0,0,NA,NA
northwestern elem school,30953 Route 111,Palmyra,62674 6304,Macoupin,13,1,NA,0,0,NA,NA
northwestern high school,30889 Route 111,Palmyra,62674 6303,Macoupin,13,1,NA,0,0,NA,NA
northwestern jr high school,30889 Route 111,Palmyra,62674 6303,Macoupin,13,1,NA,0,0,NA,NA
northwood middle school,945 North Ave,Highland Park,60035 1129,Lake,10,1,1,0,0,NA,NA
northwood middle school,2121 N Seminary Ave,Woodstock,60098 2641,McHenry,11,1,NA,0,0,NA,NA
norton creek elementary school,2033 Smith Rd,West Chicago,60185 1039,Kane,03,1,NA,0,0,NA,NA
norwood elem school,6521 W Farmington Rd,Peoria,61604 4419,Peoria,16,1,1,0,0,NA,NA
norwood park elem school,5900 N Nina Ave,Chicago,60631 2408,Cook,05,1,1,1,1,1,1
norwood primary school,200 S Main St,Peoria,61604 5771,Peoria,17,1,1,0,0,NA,NA
novak academy,815 N Randolph St,Champaign,61820 2936,Champaign,13,1,NA,0,0,NA,NA
ntdse sat program,8701 Menard Ave,Morton Grove,60053 3052,Cook,09,0,NA,0,0,NA,NA
nuttall middle school,400 W Rustic St,Robinson,62454 1756,Crawford,12,1,1,0,0,NA,NA
o fallon high school,600 S Smiley St,O Fallon,62269 2316,Saint Clair,12,1,1,21,1,17,0.80952380952381
o neill middle school,635 59th St,Downers Grove,60516 1436,Dupage,06,1,1,0,0,NA,NA
o w huth middle school,3718 213th Pl,Matteson,60443 2575,Cook,02,1,1,0,0,NA,NA
oak brook park district,1450 Forest Gate Rd,Oak Brook,60523 2159,Dupage,04,0,NA,0,0,NA,NA
oak crest school,38550 N Lewis Ave,Beach Park,60099 3308,Lake,10,1,NA,0,0,NA,NA
oak elem school,950 S Oak St,Hinsdale,60521 4579,Dupage,04,1,1,0,0,NA,NA
oak forest high school,15201 Central Ave,Oak Forest,60452 2101,Cook,01,1,1,1,1,0,0
oak glen elem school,2101 182nd St,Lansing,60438 1734,Cook,02,1,1,0,0,NA,NA
oak grove elem school,1700 Oplaine Rd,Libertyville,60048 1541,Lake,10,1,1,0,0,NA,NA
oak grove school,6018 W Lancaster Rd,Bartonville,61607 2117,Peoria,17,1,NA,0,0,NA,NA
oak knoll early childhood center,409 1St St,Cary,60013 2756,McHenry,09,1,1,0,0,NA,NA
oak lawn comm high school,9400 Southwest Hwy,Oak Lawn,60453 2372,Cook,06,1,NA,0,0,NA,NA
oak lawn hometown middle sch,5345 W 99th St,Oak Lawn,60453 3815,Cook,06,1,NA,0,0,NA,NA
oak park and river forest high sch,201 N Scoville Ave,Oak Park,60302 2264,Cook,07,1,1,1,1,1,1
oak park elem school,1200 Front St,Aurora,60505 3017,Kane,11,1,NA,0,0,NA,NA
oak prairie jr high school,15161 S Gougar Rd,Homer Glen,60491 6750,Will,01,1,1,2,1,2,1
oak ridge elem school,8791 W 103rd St,Palos Hills,60465 1633,Cook,06,1,1,0,0,NA,NA
oak ridge rssp,300 Cleveland Ave,Carpentersville,60110 1977,N/A,NA,0,NA,0,0,NA,NA
oak ridge school,300 Cleveland Ave,Carpentersville,60110 1977,Kane,08,1,NA,0,0,NA,NA
oak terrace elem school,240 Prairie Ave,Highwood,60040 1610,Lake,10,1,1,0,0,NA,NA
oak view elem school,150 N Schmidt Rd,Bolingbrook,60440 2689,Will,11,1,NA,0,0,NA,NA
oakbrook elem school,170 S Wood Dale Rd,Wood Dale,60191 2271,Dupage,08,1,1,0,0,NA,NA
oakdale elem school,2230 N McAree Rd,Waukegan,60087 3645,Lake,10,1,1,1,1,0,0
oakdale elem school,601 S Adelaide St,Normal,61761 2927,McLean,17,1,NA,0,0,NA,NA
oakdale grade school,280 E Main St,Oakdale,62268 3116,Washington,12,1,NA,0,0,NA,NA
oakhill elem school,502 S Oltendorf Rd,Streamwood,60107 1575,Kane,08,1,NA,0,0,NA,NA
oakland education center,720 Casey Ave,Mount Vernon,62864 4140,Jefferson,12,0,NA,0,0,NA,NA
oakland elementary school,818 E Grass Lake Rd,Lake Villa,60046 7470,Lake,10,1,1,0,0,NA,NA
oakland elementary school,1605 E Oakland Ave,Bloomington,61701 5617,McLean,17,1,1,6,1,4,0.666666666666667
oakland high school,310 Teeter St,Oakland,61943 5304,Coles,12,1,1,0,0,NA,NA
oakton elem school,436 Ridge Ave,Evanston,60202 2861,Cook,09,1,NA,0,0,NA,NA
oakwood grade school,408 S Scott St,Oakwood,61858 0219,Vermilion,02,1,1,8,1,7,0.875
oakwood high school,5870 US Route 150,Fithian,61844 5195,Vermilion,02,1,1,3,1,0,0
oakwood school,1130 Kim Pl,Lemont,60439 4317,Cook,11,1,NA,0,0,NA,NA
oblong elem school,600 W Main St,Oblong,62449 1161,Crawford,12,1,NA,0,0,NA,NA
oblong high school,700 S Range St,Oblong,62449 1605,Crawford,12,1,NA,0,0,NA,NA
ocec life skills,417 N Colfax St,Byron,61010 1438,Ogle,16,0,NA,0,0,NA,NA
odell grade school,203 N East St,Odell,60460 9602,Livingston,02,1,NA,0,0,NA,NA
odin attendance center 9 12,102 S Merritt St,Odin,62870 1112,Marion,12,1,1,0,0,NA,NA
odin attendance center k 8,102 S Merritt St,Odin,62870 1112,Marion,12,1,1,0,0,NA,NA
ogden ave elem school,501 W Ogden Ave,La Grange,60525 1850,Cook,04,1,NA,0,0,NA,NA
ogden elem school,24 W Walton St,Chicago,60610 3304,Cook,05,1,1,1,1,1,1
ogden int high school,1250 W Erie St,Chicago,60642 5714,Cook,07,1,1,0,0,NA,NA
oglesby elem school,7646 S Green St,Chicago,60620 2854,Cook,01,1,1,0,0,NA,NA
ohio and wabash valley reg voc sys,800 S Division St,Norris City,62869 1634,NA,NA,0,NA,0,0,NA,NA
ohio com cons grade school,103 Memorial Street,Ohio,61349 0478,Bureau,16,1,NA,0,0,NA,NA
ohio community high school,103 Memorial Street,Ohio,61349 0478,Bureau,16,1,NA,0,0,NA,NA
okaw area vocational center,1109 N 8th St,Vandalia,62471 1240,Fayette,NA,0,NA,0,0,NA,NA
okaw regional voc system,1 Taylor St Rm 101,Chester,62233 1970,NA,NA,0,NA,0,0,NA,NA
okaw valley elementary school,319 N Washington St,Bethany,61914 0098,Moultrie,15,1,NA,0,0,NA,NA
okaw valley high school,709 S St John,Bethany,61914 0249,Moultrie,15,1,NA,0,0,NA,NA
okaw valley middle school,501 W Division St,Findlay,62534 9679,Moultrie,15,1,1,0,0,NA,NA
okawville grade school,400 S Hanover St,Okawville,62271 2204,Washington,12,1,1,0,0,NA,NA
okawville jr sr high school,400 S Hanover St,Okawville,62271 2204,Washington,12,1,1,0,0,NA,NA
okeeffe elem school,6940 S Merrill Ave,Chicago,60649 1721,Cook,02,1,1,0,0,NA,NA
old orchard jr high school,9310 Kenton Ave,Skokie,60076 1336,Cook,09,1,NA,0,0,NA,NA
old post elementary school,100 Old Post Rd,Oswego,60543 7341,Kendall,14,1,1,0,0,NA,NA
old quarry middle sch,16100 W 127th St,Lemont,60439 7462,Cook,01,1,1,0,0,NA,NA
olive c martin school,24750 W Dering Ln,Lake Villa,60046 9739,Lake,10,1,NA,0,0,NA,NA
olive mary stitt school,303 E Olive St,Arlington Heights,60004 4754,Cook,05,1,1,0,0,NA,NA
oliver julian kendall elem school,2408 Meadow Lake Dr,Naperville,60564 4362,Dupage,14,1,1,0,0,NA,NA
oliver mccracken middle school,8000 E Prairie Rd,Skokie,60076 3402,Cook,09,1,1,0,0,NA,NA
oliver w holmes elem school,508 N Kenilworth Ave,Oak Park,60302 1612,Cook,07,1,1,4,1,4,1
oliver w holmes middle school,221 S Wolf Rd,Wheeling,60090 4843,Cook,10,1,1,0,0,NA,NA
olney c allen elem school,700 S Farnsworth Ave,Aurora,60505 5432,Kane,14,1,NA,0,0,NA,NA
olson elementary school,720 W Judd St,Woodstock,60098 3137,McHenry,11,1,NA,0,0,NA,NA
olson park elem school,1414 Minahan Dr,Machesney Park,61115 1835,Winnebago,16,1,NA,0,0,NA,NA
olympia high school,7832 N 100 East Rd,Stanford,61774 9494,McLean,17,1,1,1,1,0,0
olympia middle school,911 E 800 North Rd,Stanford,61774 9612,McLean,17,1,1,1,1,1,1
olympia north elem sch,205 N State St,Danvers,61732 9087,McLean,16,1,1,0,0,NA,NA
olympia south elem sch,103 NE 5th St,Atlanta,61723 8919,McLean,15,1,1,0,0,NA,NA
olympia west elem sch,302 N School St,Minier,61759 7519,McLean,16,1,1,1,1,1,1
ombudsman chicago roseland hs,10928 S Halsted St,Chicago,60628 3128,Cook,01,1,1,0,0,NA,NA
ombudsman chicago northwest,7500 N Harlem Ave,Chicago,60631 4400,Cook,09,1,1,0,0,NA,NA
ombudsman chicago south,6057 S Western Ave,Chicago,60636 2019,Cook,07,1,1,0,0,NA,NA
ombudsman chicago west,3210 W Roosevelt Rd,Chicago,60624 4332,Cook,07,1,1,0,0,NA,NA
onahan elem school,6634 W Raven St,Chicago,60631 2503,Cook,05,1,1,0,0,NA,NA
online learning academy,3202 N Wisconsin Ave,Peoria,61603 1260,Peoria,17,0,1,0,0,NA,NA
ontarioville elem school,2100 Elm Ave,Hanover Park,60133 3808,Kane,03,1,NA,0,0,NA,NA
ontracc,121 S 17Th St,Mattoon,61938 3915,Coles,15,0,NA,0,0,NA,NA
opdyke belle rive grade sch,19830 E Fourth St,Opdyke,62872 0189,Jefferson,12,1,NA,0,0,NA,NA
orangeville elem school,201 S Orange St,Orangeville,61060,Stephenson,16,1,NA,0,0,NA,NA
orangeville high school,201 S Orange St,Orangeville,61060 9720,Stephenson,16,1,NA,0,0,NA,NA
orangeville jr high school,201 S Orange St,Orangeville,61060 9720,Stephenson,16,1,NA,0,0,NA,NA
orchard place elem school,2727 Maple St,Des Plaines,60018 3843,Cook,08,1,1,5,1,5,1
oregon elem sch,1150 Jefferson St,Oregon,61061 1533,Ogle,16,1,1,3,1,3,1
oregon high school,1150 Jefferson St,Oregon,61061 1533,Ogle,NA,1,1,4,1,4,1
oregon jr sr high school,210 S 10th St,Oregon,61061 1711,Ogle,16,1,1,3,1,3,1
orenic intermediate school,5820 Theodore Dr,Plainfield,60586 5269,Will,14,1,NA,0,0,NA,NA
oriole park elem school,5424 N Oketo Ave,Chicago,60656 1747,Cook,05,1,1,0,0,NA,NA
orion high school,1100 13th St,Orion,61273 0039,Henry,16,1,1,0,0,NA,NA
orion middle school,800 12th Ave,Orion,61273 0129,Henry,16,1,1,2,1,2,1
orland center school,9407 W 151st St,Orland Park,60462 3205,Cook,06,1,NA,0,0,NA,NA
orland jr high school,14855 West Ave,Orland Park,60462 3144,Cook,06,1,1,0,0,NA,NA
orland park elem school,9960 W 143rd St,Orland Park,60462 2008,Cook,06,1,NA,0,0,NA,NA
orozco elem fine arts and sciences,1940 W 18th St,Chicago,60608 1903,Cook,04,1,1,0,0,NA,NA
orr academy high school,730 N Pulaski Rd,Chicago,60624 1063,Cook,07,1,1,0,0,NA,NA
orrington elem school,2636 Orrington Ave,Evanston,60201 1761,Cook,09,1,NA,0,0,NA,NA
ortiz de dominguez elem school,3000 S Lawndale Ave,Chicago,60623 4524,Cook,04,1,1,1,1,0,0
oster oakview school,809 N Cedar Rd,New Lenox,60451 1413,Will,01,1,1,0,0,NA,NA
oswego east high school,1525 Harvey Rd,Oswego,60543 8290,Kendall,14,1,1,0,0,NA,NA
oswego goal,4209 State Route 71,Oswego,60543 8342,N/A,NA,1,NA,0,0,NA,NA
oswego high school,4250 State Route 71,Oswego,60543 8341,Kendall,14,1,1,2,1,1,0.5
oths milburn,650 Milburn School Road,O'Fallon,62269,Saint Clair,NA,1,1,0,0,NA,NA
oths south annex,706 East Highway 50,O'Fallon,62269,Saint Clair,NA,1,1,0,0,NA,NA
oths transition house,703 South Smiley Street,O'Fallon,62269,Saint Clair,NA,1,1,0,0,NA,NA
otis elem school,525 N Armour St,Chicago,60642 6105,Cook,07,1,1,2,1,2,1
otis p graves elem school,6021 S 74th Ave,Summit,60501 1500,Cook,04,1,1,0,0,NA,NA
otoole elem school,6550 S Seeley Ave,Chicago,60636 2500,Cook,07,1,1,0,0,NA,NA
ottawa township high school,211 E Main St,Ottawa,61350 3111,La Salle,14,1,1,0,0,NA,NA
otter creek elem school,2701 Hopps Rd,Elgin,60124 8532,Kane,08,1,NA,0,0,NA,NA
outlook academy,465 E 170th St,South Holland,60473 3400,Cook,02,1,NA,0,0,NA,NA
owen elem scholastic academy,8247 S Christiana Ave,Chicago,60652 3300,Cook,01,1,1,0,0,NA,NA
owen elementary school,1560 Westglen Dr,Naperville,60565 1369,Dupage,11,1,1,0,0,NA,NA
owen marsh elem school,1100 Avon Dr,Springfield,62704 2133,Sangamon,13,1,NA,0,0,NA,NA
owens community academy es,12302 S State St,Chicago,60628 6811,Cook,01,1,1,5,1,5,1
p h miller elem school,904 N Lew St,Plano,60545 1026,Kendall,14,1,NA,0,0,NA,NA
p l bolin elem school,428 Arnold Rd,East Peoria,61611 2272,Tazewell,16,1,NA,0,0,NA,NA
pace alternative school,201 E Higbee St,Pittsfield,62363 1946,N/A,NA,1,NA,0,0,NA,NA
pace elem,300 W 154Th St,South Holland,60473,Cook,02,1,NA,0,0,NA,NA
pace elementary,300 West 154th Street,South Holland,60473,Cook County,NA,1,NA,0,0,NA,NA
paec academy,1640 Newcastle Ave,Westchester,60154 4447,Cook,07,NA,1,0,0,NA,NA
paec alternative elementary,1636 S 10th Ave,Maywood,60153 1978,Cook,07,0,NA,0,0,NA,NA
paec alternative high school,1636 S 10th Ave,Maywood,60153 1978,Cook,07,0,NA,0,0,NA,NA
paec center,1000 Van Buren St,Maywood,60153,NA,NA,NA,1,0,0,NA,NA
paec early childhood,1636 S 10th Ave,Maywood,60153,NA,NA,NA,1,0,0,NA,NA
paec education center ec,1636 S 10th Ave,Maywood,60153 1978,Cook,07,0,NA,0,0,NA,NA
paec elementary,1636 S 10th Ave,Maywood,60153,NA,NA,NA,1,0,0,NA,NA
paec high school,1636 S 10th Ave,Maywood,60153,NA,NA,NA,1,0,0,NA,NA
palatine high school,1111 N Rohlwing Rd,Palatine,60074 3777,Cook,05,1,1,0,0,NA,NA
palestine grade school,205 S Washington St,Palestine,62451 1060,Crawford,12,1,NA,0,0,NA,NA
palestine high school,102 N Main St,Palestine,62451 1218,Crawford,12,1,NA,0,0,NA,NA
palmer elem school,5051 N Kenneth Ave,Chicago,60630 2620,Cook,05,1,1,1,1,1,1
palos east elementary school,7700 W 127th St,Palos Heights,60463 1257,Cook,06,1,1,1,1,1,1
palos south middle school,13100 S 82nd Ave,Palos Park,60464 2191,Cook,06,1,1,0,0,NA,NA
palos west elementary school,12700 S 104th Ave,Palos Park,60464 1510,Cook,06,1,NA,0,0,NA,NA
pals progression and advancement of life skills,205 W B St,Belleville,62220 1331,Saint Clair,13,0,NA,0,0,NA,NA
pana jr high school,203 W 8th St,Pana,62557 0377,Christian,15,1,1,7,1,6,0.857142857142857
pana sr high school,201 W 8th St,Pana,62557 0377,Christian,15,1,1,0,0,NA,NA
panther academy,430 S High St,Paxton,60957 0050,Ford,02,1,NA,0,0,NA,NA
panther alternative teaching haven path,709 W County Rd,Jerseyville,62052,NA,NA,0,NA,0,0,NA,NA
paris bridges,210 E Court St,Paris,61944 2292,N/A,NA,1,NA,0,0,NA,NA
paris cooperative high school,14040 E 1200th Rd,Paris,61944 8401,Edgar,15,1,1,0,0,NA,NA
paris cooperative high school 4,14040 E 1200th Rd,Paris,61944 8401,Edgar,15,1,NA,0,0,NA,NA
paris cooperative high school 95,14040 E 1200th Rd,Paris,61944 8401,Edgar,15,1,NA,0,0,NA,NA
paris taoep,210 E Court St,Paris,61944 2292,N/A,NA,0,NA,0,0,NA,NA
park east school,400 W Townline Rd,Round Lake,60073 4323,Lake,10,1,1,0,0,NA,NA
park elementary school,14200 S Wentworth Ave,Riverdale,60827 2520,Cook,02,1,1,0,0,NA,NA
park junior high school,325 N Park Rd,La Grange Park,60526 1802,Cook,04,1,NA,0,0,NA,NA
park manor elem school,7037 S Rhodes Ave,Chicago,60637 4617,Cook,01,1,1,0,0,NA,NA
park school,828 Main St,Evanston,60202 1706,Cook,09,0,NA,0,0,NA,NA
park view elem school,6200 Lake St,Morton Grove,60053 2416,Cook,09,1,1,5,1,4,0.8
park view elem school,341 N Elizabeth St,Lombard,60148 1505,Dupage,06,1,NA,0,0,NA,NA
park view elem school,250 S Park Blvd,Glen Ellyn,60137 6361,Dupage,06,1,1,0,0,NA,NA
park west school,400 W Townline Rd,Round Lake,60073 4323,Lake,10,1,1,0,0,NA,NA
parker elem community academy,6800 S Stewart Ave,Chicago,60621 2441,Cook,01,1,1,0,0,NA,NA
parker junior high school,2810 School St,Flossmoor,60422 1125,Cook,02,1,1,0,0,NA,NA
parkland school,1802 N Ringwood Rd,McHenry,60050 1340,McHenry,11,1,1,3,1,2,0.666666666666667
parkside elem community academy,6938 S East End Ave,Chicago,60649 1422,Cook,02,1,1,1,1,1,1
parkside elementary school,1900 Cedar St,Lawrenceville,62439 2156,Lawrence,12,1,1,0,0,NA,NA
parkside elementary school,1900 W College Ave,Normal,61761 2368,McLean,16,1,NA,0,0,NA,NA
parkside jr high school,101 N Parkside Rd,Normal,61761 2344,McLean,16,1,NA,0,0,NA,NA
parkside middle school,1800 Church St,Peru,61354 1615,La Salle,14,1,1,6,1,4,0.666666666666667
parkside primary school,600 E Central St,Bethalto,62010 1365,Madison,13,1,1,1,1,0,0
parkview elementary school,122 Carpenter Blvd,Carpentersville,60110 1918,Kane,08,1,NA,0,0,NA,NA
parkview elementary school,1 Veterans Pkwy,Columbia,62236 1147,Monroe,12,1,1,0,0,NA,NA
parkview jr high school,1802 Cedar St,Lawrenceville,62439 2157,Lawrence,12,1,1,0,0,NA,NA
parkview jr high school,800 Groveland St,Creve Coeur,61610 4255,Tazewell,16,1,NA,0,0,NA,NA
parkwood elem school,2150 Laurel Ave,Hanover Park,60133 3251,Kane,03,1,NA,0,0,NA,NA
parrish elem school,121 N Parrish Ln,Carbondale,62901 2024,Jackson,12,1,1,0,0,NA,NA
parsons elementary school,3591 N MacArthur Rd,Decatur,62526 1452,Macon,15,1,1,0,0,NA,NA
partners for success old mill sch,848 N Mill Rd,Addison,60101 1257,N/A,NA,1,NA,0,0,NA,NA
passow elementary school,2838 Calwagner St,Franklin Park,60131 2649,Cook,04,1,1,1,1,1,1
pasteur elem school,5825 S Kostner Ave,Chicago,60629 5238,Cook,04,1,1,1,1,0,0
pathways academy,110 Collins St,Joliet,60432 2942,Will,14,1,NA,0,0,NA,NA
pathways in education humboldt park hs,2421 W Division St,Chicago,60622 2941,Cook,03,1,1,0,0,NA,NA
pathways in education ashburn,3284 W 87Th St,Chicago,60652 3768,Cook,01,1,1,0,0,NA,NA
pathways in education avondale,3100 W Belmont Ave,Chicago,60618 5706,Cook,03,1,1,0,0,NA,NA
pathways in education brighton park,3124 W 47Th St,Chicago,60632 2902,Cook,04,1,1,0,0,NA,NA
pathways program,6S331 Cornwall Rd,Naperville,60540 3635,Dupage,11,0,NA,0,0,NA,NA
pathways school,2401 Pathways Xing,Belleville,62221,Saint Clair,13,0,NA,0,0,NA,NA
patoka elem school,1220 Kinoka Rd,Patoka,62875 1300,Marion,12,1,1,0,0,NA,NA
patoka jr high school,1220 Kinoka Rd,Patoka,62875 1300,Marion,12,1,1,0,0,NA,NA
patoka sr high school,1220 Kinoka Rd,Patoka,62875 1300,Marion,12,1,1,0,0,NA,NA
patterson elementary school,3731 Lawrence Dr,Naperville,60564 4176,Dupage,14,1,1,0,0,NA,NA
patton elem school,1616 N Patton Ave,Arlington Heights,60004 3637,Cook,05,1,1,0,0,NA,NA
paul revere intermediate school,12331 Gregory St,Blue Island,60406 1630,Cook,01,1,NA,0,0,NA,NA
paul revere primary school,2300 123rd Pl,Blue Island,60406 1672,Cook,01,1,NA,0,0,NA,NA
paw paw elementary school,511 Chapman St,Paw Paw,61353 0037,Lee,16,1,1,0,0,NA,NA
paw paw junior high school,511 Chapman St,Paw Paw,61353 0037,Lee,16,1,1,1,1,1,1
pawnee grade school,810 4th St,Pawnee,62558 9680,Sangamon,13,1,1,0,0,NA,NA
pawnee jr sr high sch,810 4th St,Pawnee,62558 9680,Sangamon,13,1,1,0,0,NA,NA
paws,1201 Main St,Batavia,60510 1607,N/A,NA,0,NA,0,0,NA,NA
paws academy,1501 S Raddant Rd,Batavia,60510 8366,N/A,NA,1,NA,0,0,NA,NA
paxton buckley loda high school,700 Panther Way,Paxton,60957 0050,Ford,02,1,NA,0,0,NA,NA
paxton buckley loda jr high sch,700 Panther Way,Paxton,60957 0050,Ford,02,1,NA,0,0,NA,NA
payton college preparatory hs,1034 N Wells St,Chicago,60610 2513,Cook,07,1,1,0,0,NA,NA
peace and education coalition hs,4946 S Paulina St,Chicago,60609 4833,Cook,04,1,1,1,1,0,0
peace center,306 E 144th St,Dolton,60419 1119,Cook,02,1,NA,0,0,NA,NA
pearl city elementary school,100 S Summit St,Pearl City,61062,Stephenson,17,1,1,0,0,NA,NA
pearl city high school,100 S Summit St,Pearl City,61062,Stephenson,17,1,1,0,0,NA,NA
pearl city jr high school,100 S Summit St,Pearl City,61062,Stephenson,17,1,1,0,0,NA,NA
pecatonica comm middle school,1200 Main St,Pecatonica,61063 0419,Winnebago,16,1,NA,0,0,NA,NA
pecatonica elem school,721 Reed St,Pecatonica,61063 0419,Winnebago,16,1,NA,0,0,NA,NA
pecatonica high school,1300 Main St,Pecatonica,61063 0419,Winnebago,16,1,NA,0,0,NA,NA
peck elem school,3826 W 58th St,Chicago,60629 3849,Cook,04,1,1,0,0,NA,NA
peirce elem intl studies school,1423 W Bryn Mawr Ave,Chicago,60660 4224,Cook,09,1,1,0,0,NA,NA
pekin community high school,1903 Court St,Pekin,61554 5212,Tazewell,16,1,1,0,0,NA,NA
pekin preschool family ed center,1000 Koch St,Pekin,61554 5885,Tazewell,16,1,NA,0,0,NA,NA
penn elem school,1616 S Avers Ave,Chicago,60623 2401,Cook,07,1,1,0,0,NA,NA
penniman elem school,1820 Jerome Ln,Cahokia,62206 2331,Saint Clair,13,1,1,0,0,NA,NA
pennoyer elem school,5200 N Cumberland Ave,Norridge,60706 1499,Cook,08,1,1,0,0,NA,NA
peoria co detention center 6 8,223 N Maxwell Rd,Peoria,61604 5278,Peoria,17,0,NA,0,0,NA,NA
peoria cty jvnl det ctr 9 12,4201 Airport Rd,Peoria,61607 2113,Peoria,17,0,NA,0,0,NA,NA
peoria educ reg for empl traing,2000 W Pioneer Pkwy,Peoria,61615 1835,Peoria,NA,0,NA,0,0,NA,NA
peoria heights grade school,500 E Glen Ave,Peoria Heights,61616 5106,Peoria,17,1,1,0,0,NA,NA
peoria heights high school,508 E Glen Ave,Peoria Heights,61616 5110,Peoria,17,1,1,0,0,NA,NA
peoria high school,1615 N North St,Peoria,61604 4131,Peoria,17,1,1,0,0,NA,NA
peoria regional learning center,908 N Sterling Ave,West Peoria,61604 5000,N/A,NA,1,NA,0,0,NA,NA
peoria roe,324 Main St Rm 401,Peoria,61602 2302,N/A,NA,0,NA,0,0,NA,NA
peotone elem school,426 N Conrad St,Peotone,60468 9245,Will,02,1,1,1,1,1,1
peotone high school,605 W North St,Peotone,60468 9182,Will,02,1,1,1,1,1,1
peotone intermediate center,9526 W Manhattan Monee Rd,Frankfort,60423 8012,Will,01,1,1,8,1,7,0.875
peotone jr high school,1 Blue Devil Dr,Peotone,60468 9270,Will,02,1,1,0,0,NA,NA
pepper ridge elementary school,2602 Danbury Dr,Bloomington,61705 6506,McLean,16,1,NA,0,0,NA,NA
perandoe educational program,500 W South 4Th St,Red Bud,62278 2201,Randolph,12,0,NA,0,0,NA,NA
percy julian middle school,416 S Ridgeland Ave,Oak Park,60302 4010,Cook,07,1,1,0,0,NA,NA
perez elem school,1241 W 19th St,Chicago,60608 3200,Cook,04,1,1,0,0,NA,NA
perry elem school,633 W Perry St,Belvidere,61008 3153,Boone,11,1,1,0,0,NA,NA
perry elementary school,251 Amarillo Dr,Carpentersville,60110 1147,Kane,08,1,NA,0,0,NA,NA
pershing early learning center,2912 N University Ave,Decatur,62526 1557,Macon,13,1,1,0,0,NA,NA
pershing elem humanities magnet,3200 S Calumet Ave,Chicago,60616 4866,Cook,NA,1,1,0,0,NA,NA
pershing elem school,6537 37th St,Berwyn,60402 4080,Cook,04,1,1,0,0,NA,NA
pershing elem school,251 N Midland Ave,Joliet,60435 6837,Will,14,1,NA,0,0,NA,NA
perspectives chtr high school of technology,8522 S Lafayette Ave,Chicago,60620 1308,Cook,01,1,1,0,0,NA,NA
perspectives chtr iit campus,3663 S Wabash Ave,Chicago,60653 1032,Cook,01,0,NA,0,0,NA,NA
perspectives chtr joslin campus,1930 S Archer Ave,Chicago,60616 6505,Cook,07,1,1,0,0,NA,NA
perspectives chtr leadership acad,8522 S Lafayette Ave,Chicago,60620 1308,Cook,01,1,1,0,0,NA,NA
peter j palombi school,133 McKinley Ave,Lake Villa,60046 8986,Lake,10,1,NA,0,0,NA,NA
peter m gombert elementary sch,2707 Ridge Rd,Aurora,60504 6033,Dupage,11,1,1,0,0,NA,NA
petersburg elem school,514 W Monroe St,Petersburg,62675 1455,Menard,15,1,NA,0,0,NA,NA
peterson elem school,5510 N Christiana Ave,Chicago,60625 4606,Cook,05,1,1,1,1,0,0
philip j rock center and school,818 Du Page Blvd,Glen Ellyn,60137 5810,NA,NA,0,NA,0,0,NA,NA
phillips academy high school,244 E Pershing Rd,Chicago,60653 2222,Cook,01,1,1,0,0,NA,NA
phoenix,46 S Gifford St,Elgin,60120 5643,Kane,NA,1,NA,0,0,NA,NA
phoenix academy,10035 Grand Ave,Franklin Park,60131 2500,Cook,04,0,NA,0,0,NA,NA
phoenix military academy hs,145 S Campbell Ave,Chicago,60612 2923,Cook,07,1,1,0,0,NA,NA
phoenix program,4670 11th St,Carbon Cliff,61239 0100,Rock Island,17,1,1,0,0,NA,NA
phoenix safe schools program,1100 N Old Route 66,Litchfield,62056 1092,N/A,NA,0,NA,0,0,NA,NA
piccolo elem specialty school,1040 N Keeler Ave,Chicago,60651 3514,Cook,03,1,1,0,0,NA,NA
pickard elem school,2301 W 21st Pl,Chicago,60608 3809,Cook,04,1,1,0,0,NA,NA
pierce downer elem school,1436 Grant St,Downers Grove,60515 2714,Dupage,06,1,1,0,0,NA,NA
pikeland community school,601 Piper Ln,Pittsfield,62363 1982,Pike,15,1,1,0,0,NA,NA
pilsen elem community academy,1420 W 17th St,Chicago,60608 2121,Cook,04,1,1,0,0,NA,NA
pinckneyville comm high school,600 E Water St,Pinckneyville,62274 1472,Perry,12,1,NA,0,0,NA,NA
pinckneyville elem school,301 W Mulberry St,Pinckneyville,62274 1370,Perry,12,1,1,0,0,NA,NA
pinckneyville middle school,700 E Water St,Pinckneyville,62274 1471,Perry,12,1,1,0,0,NA,NA
pine crest elementary school,505 S Kennedy Dr,Georgetown,61846 2005,Vermilion,15,1,1,0,0,NA,NA
pioneer elem school,615 Kenwood Ave,West Chicago,60185 3227,Dupage,03,1,NA,0,0,NA,NA
pioneer elementary school,1470 Raven Dr,Bolingbrook,60490 4510,Will,11,1,NA,0,0,NA,NA
pioneer grove educational center,601 Willow St,Frankfort,60423 1140,Will,01,0,NA,0,0,NA,NA
pioneer path,24920 S Sage St,Channahon,60410 8617,Will,01,1,NA,0,0,NA,NA
piper school,2435 Kenilworth Ave,Berwyn,60402 2546,Cook,04,1,1,3,1,3,1
pirie elem fine arts and academic c,650 E 85th St,Chicago,60619 6112,Cook,01,1,1,1,1,0,0
pittsfield high school,201 E Higbee St,Pittsfield,62363 1946,Pike,15,1,1,0,0,NA,NA
pittsfield south elem school,655 Clarksville Rd,Pittsfield,62363 1801,Pike,15,1,1,5,1,5,1
plainfield academy,23930 W Lockport St,Plainfield,60544 2290,Will,14,1,1,19,1,17,0.894736842105263
plainfield east high school,12001 Naperville Rd,Plainfield,60585 8901,Will,14,1,1,24,1,10,0.416666666666667
plainfield elem school,1850 Plainfield Dr,Des Plaines,60018 2053,Cook,03,1,1,0,0,NA,NA
plainfield high school,24120 W Fort Beggs Dr,Plainfield,60544 1833,Will,14,1,1,10,1,7,0.7
plainfield north high school,12005 S 248th Ave,Plainfield,60585 7800,Will,14,1,1,4,1,4,1
plainfield south high school,7800 Caton Farm Rd,Plainfield,60586 1687,Will,14,1,1,0,0,NA,NA
plamondon elem school,2642 W 15th Pl,Chicago,60608 1703,Cook,07,1,1,2,1,2,1
plank junior high,510 Secretariat Ln,Oswego,60543 5206,Kendall,14,1,1,0,0,NA,NA
plano cusd 88,800 S Hale St,Plano,60545 2000,Kendall,14,0,NA,0,0,NA,NA
plano high school,704 W Abe St,Plano,60545 1180,Kendall,14,1,NA,0,0,NA,NA
plano middle school,804 S Hale St,Plano,60545 2034,Kendall,14,1,NA,0,0,NA,NA
plato learning acad elem school,5545 W Harrison St,Chicago,60644 5367,Cook,07,1,1,1,1,0,0
pleasant acres elem school,1625 Short St,Rantoul,61866 3335,Champaign,02,1,NA,0,0,NA,NA
pleasant hill elem school,434 W Illinois Ave,Palatine,60067 6745,Cook,05,1,NA,0,0,NA,NA
pleasant hill elem school,1N220 Pleasant Hill Rd,Winfield,60190 2387,Dupage,03,1,1,1,1,0,0
pleasant hill elem school,3717 W Malone St,Peoria,61605 1263,Peoria,17,1,1,0,0,NA,NA
pleasant hill elem school,501 E Quincy St,Pleasant Hill,62366 0277,Pike,15,1,NA,0,0,NA,NA
pleasant hill high school,501 E Quincy St,Pleasant Hill,62366 0277,Pike,15,1,NA,0,0,NA,NA
pleasant lane elem school,401 N Main St,Lombard,60148 1630,Dupage,06,1,1,0,0,NA,NA
pleasant plains high school,500 N Cartwright St,Pleasant Plains,62677 0320,Sangamon,15,1,1,0,0,NA,NA
pleasant plains middle school,2455 N Farmingdale Rd,Pleasant Plains,62677 4012,Sangamon,15,1,1,0,0,NA,NA
pleasant ridge elem school,1730 Sunset Ridge Rd,Glenview,60025 2210,Cook,09,1,1,0,0,NA,NA
pleasant valley intermediate school,3314 W Richwoods Blvd,Peoria,61604 1027,Peoria,17,1,1,1,1,1,1
pleasant valley primary school,4623 W Red Bud Dr,Peoria,61604 4676,Peoria,16,1,1,0,0,NA,NA
pleasantdale elementary school,8100 School St,La Grange,60525 5225,Cook,06,1,1,0,0,NA,NA
pleasantdale middle sch,7450 Wolf Rd,Burr Ridge,60527 7714,Cook,06,1,NA,0,0,NA,NA
pleviak elem school,304 E Grand Ave,Lake Villa,60046 7860,Lake,NA,1,1,0,0,NA,NA
plt middle school,38 Ferry St,Prophetstown,61277 1035,Whiteside,17,1,1,0,0,NA,NA
plum grove jr high school,2600 Plum Grove Rd,Rolling Meadows,60008 2042,Cook,NA,1,NA,0,0,NA,NA
pocahontas center,4 E State St,Pocahontas,62275 3038,Bond,15,1,1,0,0,NA,NA
poe elem classical school,10538 S Langley Ave,Chicago,60628 3092,Cook,02,1,1,0,0,NA,NA
polaris elem charter academy,620 N Sawyer Ave,Chicago,60624 1528,Cook,07,1,1,0,0,NA,NA
polo comm high school,100 S Union Ave,Polo,61064 1724,Ogle,16,1,1,0,0,NA,NA
pontiac high school,1100 E Indiana Ave,Pontiac,61764 1204,Livingston,02,1,1,0,0,NA,NA
pontiac jr high school,600 N Morrow St,Pontiac,61764 1451,Livingston,02,1,1,0,0,NA,NA
pontiac jr high school,400 Ashland Ave,Fairview Heights,62208 2802,Saint Clair,13,1,NA,0,0,NA,NA
pope co high school,125 State Highway 146 W,Golconda,62938 4203,Pope,12,1,NA,0,0,NA,NA
pope county elementary school,125 State Highway 146 W,Golconda,62938 4203,Pope,12,1,NA,0,0,NA,NA
poplar grove elem school,208 N State St,Poplar Grove,61065 9702,Boone,16,1,NA,0,0,NA,NA
porta central,1500 Owen Ave,Petersburg,62675 1076,Menard,15,1,1,0,0,NA,NA
porta high school,17651 Bluejay Rd,Petersburg,62675 0202,Menard,15,1,1,0,0,NA,NA
portage park elem school,5330 W Berteau Ave,Chicago,60641 1398,Cook,03,1,1,2,1,2,1
posen elem school,14545 S California Ave,Posen,60469 1201,Cook,01,1,1,0,0,NA,NA
potomac elem school,7915 US Route 136,Potomac,61865 3158,Vermilion,02,1,NA,0,0,NA,NA
powell elem paideia comm academy,7511 S South Shore Dr,Chicago,60649 4305,Cook,02,1,1,0,0,NA,NA
prairie central elem school,600 S 1st St,Fairbury,61739 1558,Livingston,02,1,NA,0,0,NA,NA
prairie central high school,411 N 7th St,Fairbury,61739 1340,Livingston,02,1,NA,0,0,NA,NA
prairie central jr high school,800 N Wood St,Forrest,61741,Livingston,02,1,NA,0,0,NA,NA
prairie central primary east,407 S 4th St,Chatsworth,60921 0816,Livingston,02,1,NA,0,0,NA,NA
prairie central primary west,700 S Division St,Chenoa,61726 1368,Livingston,16,1,NA,0,0,NA,NA
prairie central upper elementary,312 N Center St,Forrest,61741 0496,Livingston,02,1,NA,0,0,NA,NA
prairie children preschool,780 Shoreline Dr,Aurora,60504 6192,Dupage,11,1,1,0,0,NA,NA
prairie crossing charter school,1531 Jones Point Rd,Grayslake,60030 3536,Lake,10,1,1,1,1,1,1
prairie du rocher elem school,714 Middle St,Prairie Du Rocher,62277 2136,Randolph,12,1,NA,0,0,NA,NA
prairie elem school,14200 S 82nd Ave,Orland Park,60462 2306,Cook,06,1,NA,0,0,NA,NA
prairie elem school,500 S Charles Ave,Naperville,60540 6802,Dupage,11,1,1,0,0,NA,NA
prairie elementary school,1530 Brandywyn Ln,Buffalo Grove,60089 1003,Lake,09,1,1,0,0,NA,NA
prairie grove elem school,3223 IL Route 176,Crystal Lake,60014 2145,McHenry,11,1,1,5,1,4,0.8
prairie grove junior high school,3225 IL Route 176,Crystal Lake,60014 2145,McHenry,11,1,1,0,0,NA,NA
prairie hill elem school,14714 Willowbrook Rd,South Beloit,61080 9554,Winnebago,16,1,1,1,1,1,1
prairie jr high school,11910 S Kostner Ave,Alsip,60803 2307,Cook,06,1,1,0,0,NA,NA
prairie knolls middle sch,225 Nesler Rd,Elgin,60124 4371,Kane,08,1,NA,0,0,NA,NA
prairie oak school,1427 Oak Park Ave,Berwyn,60402 1229,Cook,04,1,1,3,1,3,1
prairie point elem school,3650 Grove Rd,Oswego,60543 9898,Kendall,14,1,1,0,0,NA,NA
prairie ridge high school,6000 Dvorak Dr,Crystal Lake,60012 3514,McHenry,11,1,1,1,1,1,1
prairie trail school,13600 W Wadsworth Rd,Wadsworth,60083 8606,Lake,10,1,1,0,0,NA,NA
prairie trails school,805 N Burning Bush Ln,Mt Prospect,60056 1913,Cook,09,1,NA,0,0,NA,NA
prairie view elem school,1201 Castle St,Sandwich,60548 1068,Dekalb,14,1,NA,2,1,1,0.5
prairie view grade school,10N630 Nesler Rd,Elgin,60124 8406,Kane,11,1,1,0,0,NA,NA
prairie view middle school,8500 175th St,Tinley Park,60487 2272,Cook,06,1,1,0,0,NA,NA
prairie hills junior high school,16315 Richmond,Markham,60428,Cook,02,1,1,0,0,NA,NA
prairie hills steam academy,3055 W 163Rd St,Markham,60428 5626,Cook,02,1,1,0,0,NA,NA
prairieland elementary school,1300 E Raab Rd,Normal,61761 9744,McLean,16,1,NA,0,0,NA,NA
prairieview elementary school,699 Plainfield Rd,Downers Grove,60516 5057,Dupage,06,1,1,0,0,NA,NA
prairieview elementary school,285 Mayflower Ln,Bartlett,60103 2033,Kane,08,1,NA,0,0,NA,NA
prairieview school,103 E Belvidere Rd,Hainesville,60030 1004,Lake,10,1,NA,0,0,NA,NA
prairieview ogden jr high sch,2499 County Road 2100 E,Thomasboro,61878 9650,Champaign,15,1,NA,0,0,NA,NA
prairieview ogden north elem,106 N Vine St,Royal,61871 0027,Champaign,15,1,NA,0,0,NA,NA
prairieview ogden south elem,304 N Market St,Ogden,61859 9788,Champaign,15,1,NA,0,0,NA,NA
prairiewood elem sch,3215 Hercules Rd,Woodstock,60098 6700,McHenry,11,1,NA,0,0,NA,NA
prather elementary school,2450 W 25Th St,Granite City,62040,Madison,13,1,1,0,0,NA,NA
prekindergarten facility,205 W Main St,Carmi,62821 1485,White,12,1,NA,0,0,NA,NA
premier academy morris,7700 Ashley Rd,Morris,60450 9303,N/A,NA,1,NA,0,0,NA,NA
premier academy morris taoep,7700 Ashley Rd,Morris,60450 9303,N/A,NA,0,NA,0,0,NA,NA
prescott elem school,1632 W Wrightwood Ave,Chicago,60614 2268,Cook,05,1,1,1,1,1,1
prieto math science elem sch,2231 N Central Ave,Chicago,60639 2956,Cook,03,1,1,0,0,NA,NA
primary learning center,3215 W 162Nd St,Markham,60428 5401,Cook,02,1,1,0,0,NA,NA
princeton high school,103 S Euclid Ave,Princeton,61356 1843,Bureau,16,1,NA,0,0,NA,NA
princeville elem school,602 N Town Ave,Princeville,61559 9772,Peoria,16,1,NA,0,0,NA,NA
princeville high school,302 Cordis Ave,Princeville,61559 9017,Peoria,16,1,NA,0,0,NA,NA
pritzker elem school,2009 W Schiller St,Chicago,60622 1915,Cook,07,1,1,0,0,NA,NA
proegler school,710 N Chicago Ave,Kankakee,60901 2129,Kankakee,02,1,NA,0,0,NA,NA
project challenge,6020 151st St,Oak Forest,60452 1841,Cook,06,0,NA,0,0,NA,NA
project echo,PO Box 238,Johnston City,62951 0238,N/A,NA,0,NA,0,0,NA,NA
project impact,2201 S Dirksen Pkwy,Springfield,62703 4564,N/A,NA,0,NA,0,0,NA,NA
project insight,330 N McArthur St,Macomb,61455 1427,McDonough,17,0,NA,0,0,NA,NA
project soar alternative optional ed program,1725B Shomaker Dr,Murphysboro,62966 2507,N/A,NA,0,NA,0,0,NA,NA
prophetstown elem school,301 W 3rd St,Prophetstown,61277 1022,Whiteside,17,1,1,0,0,NA,NA
prophetstown high school,310 W Riverside Dr,Prophetstown,61277 1013,Whiteside,17,1,1,0,0,NA,NA
prospect elem school,130 N Prospect Ave,Clarendon Hills,60514 1230,Dupage,06,1,1,1,1,1,1
prospect high school,801 W Kensington Rd,Mt Prospect,60056 1112,Cook,05,1,1,1,1,1,1
prosser career academy hs,2148 N Long Ave,Chicago,60639 2914,Cook,03,1,1,0,0,NA,NA
providence englewood elem charter,6515 S Ashland Ave,Chicago,60636 3003,Cook,07,1,1,0,0,NA,NA
proviso area except child center,1000 Van Buren St,Maywood,60153 1970,Cook,07,0,1,0,0,NA,NA
proviso east high school,807 S 1st Ave,Maywood,60153 2307,Cook,07,1,1,0,0,NA,NA
proviso math and science academy,8601 Roosevelt Rd,Forest Park,60130 2532,Cook,07,1,1,0,0,NA,NA
proviso thsd 209 dream school,415 Lexington St,Maywood,60153 3271,N/A,NA,1,1,0,0,NA,NA
proviso west high school,4701 Harrison St,Hillside,60162 1616,Cook,07,1,1,0,0,NA,NA
prussing elem school,4650 N Menard Ave,Chicago,60630 3348,Cook,05,1,1,0,0,NA,NA
pulaski intl sch of chicago,2230 W McLean Ave,Chicago,60647 4410,Cook,05,1,1,11,1,10,0.909090909090909
pullman elem school,11311 S Forrestville Ave,Chicago,60628 5107,Cook,02,1,1,0,0,NA,NA
putnam co primary sch,400 E Silverspoon Ave,Granville,61326 9697,Putnam,14,1,1,0,0,NA,NA
putnam county elem school,326 S 5th St,Hennepin,61327 5168,Putnam,14,1,1,0,0,NA,NA
putnam county high school,402 E Silverspoon Ave,Granville,61326 9697,Putnam,14,1,1,0,0,NA,NA
putnam county jr high school,13183 N 350th Ave,Mc Nabb,61335 5005,Putnam,16,1,1,0,0,NA,NA
quad city career and tech ed cons,1275 Avenue of The Cities,East Moline,61244 4145,Rock Island,NA,0,NA,0,0,NA,NA
queen bee school,1525 Bloomingdale Rd,Glendale Heights,60139,Dupage,03,1,NA,0,0,NA,NA
quest charter school academy,2503 N University St,Peoria,61604 2601,Peoria,NA,1,1,0,0,NA,NA
quincy area voc ctr,219 Baldwin Dr,Quincy,62301 4430,Adams,NA,0,NA,0,0,NA,NA
quincy jr high school,100 S 14th St,Quincy,62301 4209,Adams,15,1,1,1,1,1,1
quincy sr high school,3322 Maine St,Quincy,62301 4439,Adams,15,1,1,0,0,NA,NA
r e a d y program,45 E University Ave,Champaign,61820 4076,N/A,NA,0,NA,0,0,NA,NA
r k welsh elem school,2100 Huffman Blvd,Rockford,61103 3946,Winnebago,17,1,NA,0,0,NA,NA
r o w v a elem school,333 W Holmes St,Oneida,61467 0069,Knox,17,1,NA,0,0,NA,NA
r o w v a jr and sr high school,335 N Joy St,Oneida,61467 0069,Knox,17,1,NA,0,0,NA,NA
raby high school,3545 W Fulton Blvd,Chicago,60624 1928,Cook,07,1,1,0,0,NA,NA
raccoon cons elem school,3601 State Route 161,Centralia,62801 9621,Marion,12,1,1,0,0,NA,NA
raes east alt ed,932 Harrison St,Galesburg,61401 4018,N/A,NA,1,NA,0,0,NA,NA
raes night school,932 Harrison St,Galesburg,61401 4018,N/A,NA,1,NA,0,0,NA,NA
raes rssp,932 Harrison St,Galesburg,61401 4018,N/A,NA,0,NA,0,0,NA,NA
raes west,932 Harrison St,Galesburg,61401 4018,N/A,NA,1,NA,0,0,NA,NA
raes west alt ed,932 Harrison St,Galesburg,61401 4018,N/A,NA,1,NA,0,0,NA,NA
ralph j frost academy,1177 S Dee Rd,Park Ridge,60068 4379,Cook,05,1,NA,0,0,NA,NA
ralston elem school,710 Ralston Rd,Machesney Park,61115 1569,Winnebago,16,1,NA,0,0,NA,NA
ramsey elem school,516 W 6th St,Ramsey,62080 0030,Fayette,15,1,NA,0,0,NA,NA
ramsey high school,702 W 6th St,Ramsey,62080 0010,Fayette,15,1,NA,0,0,NA,NA
ranch view elementary school,1651 Ranchview Dr,Naperville,60565 1749,Dupage,11,1,1,0,0,NA,NA
randolph elem school,7316 S Hoyne Ave,Chicago,60636 3755,Cook,07,1,1,0,0,NA,NA
rankin elem school,13716 5th St,Pekin,61554 9650,Tazewell,16,1,NA,0,0,NA,NA
ransom grade school,400 S Lane St,Ransom,60470 8087,La Salle,16,1,NA,0,0,NA,NA
rantoul twp high school,200 S Sheldon St,Rantoul,61866 2431,Champaign,02,1,1,0,0,NA,NA
rap elizabeth,950 US Highway 20 W,Elizabeth,61028 9333,N/A,NA,0,NA,0,0,NA,NA
rap freeport,27 S State Ave,Freeport,61032 4210,N/A,NA,0,NA,0,0,NA,NA
ravenswood elem school,4332 N Paulina St,Chicago,60613 1220,Cook,05,1,1,0,0,NA,NA
ravinia elem school,1936 Green Bay Rd,Highland Park,60035 3112,Lake,10,1,1,0,0,NA,NA
ray elem school,5631 S Kimbark Ave,Chicago,60637 1605,Cook,01,1,1,5,1,5,1
raymond benson primary school,301 E Washington St,Itasca,60143 2131,Dupage,08,1,NA,0,0,NA,NA
raymond ellis elem school,720 Central Park Dr,Round Lake Beach,60073 2400,Lake,10,1,1,1,1,1,1
raymond grade school,505 N Prairie St,Raymond,62560 4906,Montgomery,15,1,NA,0,0,NA,NA
re start program,45 E University Ave,Champaign,61820 4076,N/A,NA,0,NA,0,0,NA,NA
ready,45 E University Avenue| 3rd Floor,Champaign,61820,Champaign,NA,1,NA,0,0,NA,NA
ready program,45 East University Avenue,Champaign,61820,Champaign County,NA,1,1,0,0,NA,NA
reagan middle school,620 Division St,Dixon,61021 4103,Lee,16,1,1,0,0,NA,NA
reavis elem math and sci spec schl,834 E 50th St,Chicago,60615 2620,Cook,01,1,1,0,0,NA,NA
reavis elem school,17121 Roy St,Lansing,60438 1377,Cook,02,1,1,0,0,NA,NA
reavis high school,6034 W 77th St,Burbank,60459 3112,Cook,04,1,1,0,0,NA,NA
reba o steck elementary school,460 Inverness Dr,Aurora,60504 5270,Dupage,11,1,1,3,1,2,0.666666666666667
red bud elem school,200 W Field Dr,Red Bud,62278 1304,Randolph,12,1,1,0,0,NA,NA
red bud high school,815 Locust St,Red Bud,62278 1210,Randolph,12,1,1,0,0,NA,NA
red hill jr sr high school,908 Church St,Bridgeport,62417 1816,Lawrence,12,1,NA,0,0,NA,NA
red oak elem school,530 Red Oak Ln,Highland Park,60035 4241,Lake,10,1,1,0,0,NA,NA
reed elem school,14939 W 143rd St,Homer Glen,60491 7866,Will,01,1,1,0,0,NA,NA
reed custer elementary school,162 S School St,Braidwood,60408 1948,Will,01,1,1,0,0,NA,NA
reed custer high school,249 Comet Dr,Braidwood,60408 2029,Will,01,1,1,0,0,NA,NA
reed custer middle school,407 Comet Dr,Braidwood,60408 2216,Will,01,1,1,0,0,NA,NA
reg l safe school program roe 28,107 S State St,Atkinson,61235 9788,N/A,NA,0,NA,0,0,NA,NA
region 05 north cook isc 1,1001 E Touhy Ave Ste 200,Des Plaines,60018 5800,N/A,NA,0,NA,0,0,NA,NA
region 06 west cook isc 2,4413 Roosevelt Rd Ste 104,Hillside,60162 2057,N/A,NA,0,NA,0,0,NA,NA
region 07 south cook isc 4,253 W Joe Orr Rd,Chicago Heights,60411 1744,N/A,NA,0,NA,0,0,NA,NA
region iii 9 12 clip program,777 N Wood River Ave,Wood River,62095 1227,Madison,13,0,NA,0,0,NA,NA
regional alop school,408 W Washington St,Bloomington,61701 3808,N/A,NA,1,NA,0,0,NA,NA
regional center for change,500 E 5Th St,Rock Falls,61071 1804,N/A,NA,1,NA,0,0,NA,NA
regional center for change alop program,500 E 5Th St,Rock Falls,61071 1804,N/A,NA,0,NA,0,0,NA,NA
regional institute for scholastic excellence,405 Ashland Avenue,Chicago Heights,60411,Cook,NA,1,NA,0,0,NA,NA
regional office of car tech educ,2201 Toronto Rd,Springfield,62712 3802,Sangamon,NA,0,NA,0,0,NA,NA
regl inst scholastic excellence,11218 South Ridgeland Avenue,Worth,60482,Cook County,NA,0,NA,0,0,NA,NA
reilly elem school,3650 W School St,Chicago,60618 5358,Cook,03,1,1,3,1,3,1
reinberg elem school,3425 N Major Ave,Chicago,60634 4334,Cook,03,1,1,0,0,NA,NA
rend lake area reg del system,1710 Broadway St,Mount Vernon,62864 2930,NA,NA,0,NA,0,0,NA,NA
reservoir gifted school,3706 N Grand Blvd,Peoria,61614 7840,Peoria,17,1,1,0,0,NA,NA
reskin elem school,1555 Ardmore Ave,Glendale Heights,60139 2505,Dupage,03,1,1,0,0,NA,NA
revere elem school,1010 E 72nd St,Chicago,60619 1398,Cook,01,1,1,0,0,NA,NA
revive alternative high school,1100 N Old Route 66,Litchfield,62056 1092,N/A,NA,1,NA,0,0,NA,NA
rhodes elem school,8931 Fullerton Ave,River Grove,60171 1810,Cook,04,1,1,0,0,NA,NA
rice childrens center,1101 Washington St,Evanston,60202 1619,Cook,09,1,NA,0,0,NA,NA
rich township high school,3600 W 203rd St,Olympia Fields,60461 1025,Cook,02,1,1,0,0,NA,NA
rich township star academy,5000 Sauk Trl,Richton Park,60471 1000,Cook,02,1,1,0,0,NA,NA
richard byrd elementary school,8259 Lavergne Ave,Burbank,60459 2794,Cook,04,1,1,0,0,NA,NA
richard f bernotas middle sch,170 N Oak St,Crystal Lake,60014 4246,McHenry,11,1,1,5,1,5,1
richard ira jones middle school,15320 W Wallin Dr,Plainfield,60544 2504,Will,14,1,1,4,1,4,1
richards career academy hs,5009 S Laflin St,Chicago,60609 4940,Cook,07,1,1,1,1,0,0
richardson middle school,6018 S Karlov Ave,Chicago,60629 4900,Cook,04,1,1,2,1,1,0.5
richland county early childhood ctr,2107 E Hall St,Olney,62450,Richland,12,1,1,0,0,NA,NA
richland county elementary school,1001 N Holly Rd,Olney,62450 4463,Richland,12,1,NA,0,0,NA,NA
richland county high school,1200 E Laurel St,Olney,62450 2545,Richland,12,1,1,2,1,2,1
richland county middle school,1099 N Van St,Olney,62450 3016,Richland,12,1,1,1,1,1,1
richland elem school,1919 Caton Farm Rd,Crest Hill,60403 1700,Will,14,1,NA,0,0,NA,NA
richmond grade school,5815 Broadway St,Richmond,60071 7701,McHenry,10,1,1,0,0,NA,NA
richmond intermediate sch,300 S 12th St,Saint Charles,60174 2660,Kane,NA,1,NA,0,0,NA,NA
richmond burton high school,8311 IL Route 31,Richmond,60071 9733,McHenry,10,1,1,0,0,NA,NA
richton square school,22700 Richton Square Rd,Richton Park,60471 2504,Cook,02,1,1,0,0,NA,NA
richwoods high school,6301 N University St,Peoria,61614 3453,Peoria,17,1,1,0,0,NA,NA
rickover jr high school,22151 Torrence Ave,Sauk Village,60411 5141,Cook,02,1,NA,0,0,NA,NA
rickover naval academy high schl,5700 W Berteau Ave,Chicago,60634 1717,Cook,03,1,1,6,1,4,0.666666666666667
ricms,2101 16th Ave,Rock Island,61201 3657,Rock Island,17,1,NA,0,0,NA,NA
riddle elementary school,4201 Western Ave,Mattoon,61938 2049,Coles,15,1,1,0,0,NA,NA
ridge central elem school,10800 Lyman Ave,Chicago Ridge,60415 2250,Cook,06,1,NA,0,0,NA,NA
ridge circle elem school,420 Ridge Cir,Streamwood,60107 1710,Kane,08,1,NA,0,0,NA,NA
ridge early childhood center,5151 149th St,Oak Forest,60452 1417,Cook,01,1,NA,0,0,NA,NA
ridge elementary school,1900 Caton Ridge Dr,Plainfield,60586 5501,Will,14,1,1,0,0,NA,NA
ridge family center for learning,650 Ridge Ave,Elk Grove Village,60007 4229,Cook,08,1,1,0,0,NA,NA
ridge lawn elementary school,5757 105th St,Chicago Ridge,60415 2087,Cook,06,1,NA,0,0,NA,NA
ridgely elem school,2040 N 8th St,Springfield,62702 1718,Sangamon,13,1,1,0,0,NA,NA
ridgeview elementary school,300 S Harrison St,Colfax,61728 9216,McLean,16,1,1,1,1,1,1
ridgeview elementary school,3903 W Ridgeview Dr,Peoria,61615 8706,Peoria,16,1,1,0,0,NA,NA
ridgeview high school,202 E Wood St,Colfax,61728 9224,McLean,16,1,1,0,0,NA,NA
ridgeview jr high school,202 E Wood St,Colfax,61728 9224,McLean,16,1,1,0,0,NA,NA
ridgewood comm high school,7500 W Montrose Ave,Norridge,60706 1153,Cook,05,1,1,0,0,NA,NA
ridgewood elem school,814 30th Ave,East Moline,61244 3263,Rock Island,17,1,NA,0,0,NA,NA
ridgewood elem school,9607 14th St W,Rock Island,61201 7844,Rock Island,17,1,NA,0,0,NA,NA
riley comm cons school,9406 Riley Rd,Marengo,60152 9013,McHenry,11,1,1,0,0,NA,NA
riley early childhood center,16001 Lincoln Ave,Harvey,60426 4916,Cook,02,1,NA,0,0,NA,NA
riley school dhh elem prgrm,1209 E Burr Oak Dr,Arlington Heights,60004 1660,Cook,09,0,NA,0,0,NA,NA
ringwood school primary ctr,4700 School Rd,Ringwood,60072 9606,McHenry,10,1,NA,0,0,NA,NA
rise academy at jw eater,1 Aviation Ctr,Rantoul,61866 3481,Champaign,02,1,NA,0,0,NA,NA
river bend middle school,415 12th St,Fulton,61252 1042,Whiteside,17,1,1,4,1,4,1
river grove elem school,2650 Thatcher Ave,River Grove,60171 1650,Cook,03,1,NA,0,0,NA,NA
river ridge elementary school,4141 IL Route 84 S,Hanover,61041 9631,Jo Daviess,16,1,1,0,0,NA,NA
river ridge high school,4141 IL Route 84 S,Hanover,61041 9631,Jo Daviess,16,1,1,0,0,NA,NA
river ridge middle school,4141 IL Route 84 S,Hanover,61041 9631,Jo Daviess,16,1,1,0,0,NA,NA
river to river education center,751 Ullin Ave,Ullin,62992 1014,Pulaski,12,0,NA,0,0,NA,NA
river trail school,333 N Oplaine Rd,Gurnee,60031 2636,Lake,10,1,1,0,0,NA,NA
river trails middle school,1000 N Wolf Rd,Mount Prospect,60056 1551,Cook,09,1,1,0,0,NA,NA
river valley school,15425 E 127th St,Lemont,60439 4494,Cook,11,1,1,0,0,NA,NA
river view elementary school,2097 S Bronk Rd,Plainfield,60586 8122,Will,14,1,1,1,1,1,1
river woods elementary school,2607 River Woods Dr,Naperville,60565 6317,Dupage,11,1,1,0,0,NA,NA
riverdahl elem school,3520 Kishwaukee St,Rockford,61109 2005,Winnebago,17,1,1,0,0,NA,NA
riverdale elem school,9424 256th St N,Port Byron,61275 9727,Rock Island,17,1,1,0,0,NA,NA
riverdale middle school,9822 256th St N,Port Byron,61275 9055,Rock Island,17,1,1,0,0,NA,NA
riverdale preschool center,3505 Prophet Rd,Rock Falls,61071 2445,Whiteside,17,1,1,0,0,NA,NA
riverdale school,325 W 142nd St,Riverdale,60827 2344,Cook,02,1,1,0,0,NA,NA
riverdale sr high school,9622 256th St N,Port Byron,61275 9054,Rock Island,17,1,1,0,0,NA,NA
riverside brookfield twp hs,160 Ridgewood Rd,Riverside,60546 2408,Cook,04,1,1,0,0,NA,NA
riverton elem school,209 N 7th St,Riverton,62561 0470,Sangamon,15,1,1,3,1,1,0.333333333333333
riverton high school,841 N 3rd St,Riverton,62561 0560,Sangamon,15,1,1,2,1,2,1
riverton middle school,1014 E Lincoln St,Riverton,62561 0530,Sangamon,15,1,1,0,0,NA,NA
riverview elem school,1421 Spring Bay Rd,East Peoria,61611 9762,Woodford,16,1,NA,0,0,NA,NA
riverview elementary school,306 Miller St,South Beloit,61080 1816,Winnebago,16,1,1,0,0,NA,NA
riverwood elementary school,300 S Driftwood Trl,McHenry,60050 5456,McHenry,11,1,1,9,1,8,0.888888888888889
roanoke benson high school,208 W High St,Roanoke,61561 7509,Woodford,16,1,1,0,0,NA,NA
roanoke benson jr high school,131 W Reiter St,Benson,61516 0137,Woodford,16,1,NA,0,0,NA,NA
robein elem school,200 Campus Ave,East Peoria,61611 1601,Tazewell,16,1,NA,0,0,NA,NA
robert a jamieson school,2721 W Richwoods Blvd,Peoria,61604 1120,Peoria,17,1,1,0,0,NA,NA
robert c hill elem school,616 Dalhart Ave,Romeoville,60446 1332,Will,14,1,NA,0,0,NA,NA
robert clow elem sch,1301 Springdale Cir,Naperville,60564 8729,Dupage,14,1,1,1,1,0,0
robert crown school,620 W Bonner Rd,Wauconda,60084 1100,Lake,11,1,1,0,0,NA,NA
robert e abbott middle school,1319 Washington St,Waukegan,60085 5342,Lake,10,1,1,0,0,NA,NA
robert frost elem school,1805 N Aspen Dr,Mount Prospect,60056 1682,Cook,09,1,1,0,0,NA,NA
robert frost elem school,1308 S Cypress Dr,Mount Prospect,60056 5004,Cook,08,1,1,0,0,NA,NA
robert frost jhs,320 W Wise Rd,Schaumburg,60193 4015,Cook,08,1,1,8,1,3,0.375
robertson charter school,2240 E Geddes Ave,Decatur,62526 5127,Macon,13,1,1,0,0,NA,NA
robeson elem school,2501 Southmoor Dr,Champaign,61821 5725,Champaign,13,1,1,4,1,1,0.25
robina lyle elementary school,7801 W 75th St,Bridgeview,60455 1288,Cook,06,1,NA,0,0,NA,NA
robinson elem school,4225 S Lake Park Ave,Chicago,60653 3064,Cook,01,1,1,0,0,NA,NA
robinson high school,2000 N Cross St,Robinson,62454 2515,Crawford,12,1,1,0,0,NA,NA
rochelle focus house,3279 S IL Route 251,Rochelle,61068 9769,Ogle,16,0,NA,0,0,NA,NA
rochelle middle school,111 School Ave,Rochelle,61068 9130,Ogle,16,1,1,0,0,NA,NA
rochelle twp high school,1401 Flagg Rd,Rochelle,61068 6400,Ogle,16,1,1,0,0,NA,NA
rochester elem 2 3,456 Education Ave,Rochester,62563 9283,Sangamon,13,1,1,3,1,2,0.666666666666667
rochester elem ec 1 sch,707 W Main St,Rochester,62563 9279,Sangamon,13,1,1,1,1,1,1
rochester high school,1 Rocket Dr,Rochester,62563 9281,Sangamon,13,1,1,3,1,2,0.666666666666667
rochester intermediate school,900 Jack Taylor Dr,Rochester,62563 9573,Sangamon,13,1,1,3,1,3,1
rochester jr high school,3 Rocket Dr,Rochester,62563 9281,Sangamon,13,1,1,2,1,1,0.5
rock cut elem school,7944 Forest Hills Rd,Loves Park,61111 3312,Winnebago,16,1,NA,0,0,NA,NA
rock falls middle school,1701 12th Ave,Rock Falls,61071 2711,Whiteside,17,1,1,0,0,NA,NA
rock falls township high school,101 12th Ave,Rock Falls,61071 1023,Whiteside,17,1,1,0,0,NA,NA
rock island academy,930 14th St,Rock Island,61201 2538,Rock Island,17,1,1,1,1,1,1
rock island high school,1400 25th Ave,Rock Island,61201 5356,Rock Island,17,1,1,0,0,NA,NA
rock island roe,3430 Avenue of The Cities,Moline,61265 4417,N/A,NA,0,NA,0,0,NA,NA
rock river challenge,PO Box 91,Chana,61015 8700,N/A,NA,1,NA,0,0,NA,NA
rockdale elem school,715 Meadow Ave,Rockdale,60436 2405,Will,14,1,1,0,0,NA,NA
rockford east high school,2929 Charles St,Rockford,61108 1702,Winnebago,17,1,1,0,0,NA,NA
rockford envrnmntl science acad,1800 Ogilby Rd,Rockford,61102 3445,Winnebago,17,1,NA,0,0,NA,NA
rockland elem school,160 W Rockland Rd,Libertyville,60048 2710,Lake,10,1,NA,0,0,NA,NA
rockridge high school,14110 134th Ave W,Taylor Ridge,61284 9719,Rock Island,17,1,1,1,1,1,1
rockridge jr high school,14110 134th Ave W,Taylor Ridge,61284 9719,Rock Island,17,1,NA,0,0,NA,NA
rockton elem school,1050 E Union St,Rockton,61072 1628,Winnebago,16,1,1,9,1,8,0.888888888888889
roe 20 learning alt branch school,305 S Powell St,Norris City,62869 1152,N/A,NA,1,NA,0,0,NA,NA
roe 20 learning alternative branch school,305 S Powell St,Norris City,62869 1152,N/A,NA,1,NA,0,0,NA,NA
roe 35 academy,2233 6Th St Ste 2,Peru,61354 2532,N/A,NA,1,NA,0,0,NA,NA
roe 53 academy,110 Fandel Rd,Germantwn Hls,61548 9354,N/A,NA,1,NA,0,0,NA,NA
roe 53 safe school,110 Fandel Rd,Germantwn Hls,61548 9354,N/A,NA,1,NA,0,0,NA,NA
roe alternative education center greene,250 E Sherman St,White Hall,62092 1359,N/A,NA,1,NA,0,0,NA,NA
roe alternative education center macoupin,506 N High St,Carlinville,62626 1351,N/A,NA,1,NA,0,0,NA,NA
roe alternative prog of lake co,300 Center Dr Ste 300,Vernon Hills,60061 1525,N/A,NA,0,NA,0,0,NA,NA
roe safe sch greene,250 E Sherman St,White Hall,62092 1359,N/A,NA,0,NA,0,0,NA,NA
roe safe sch macoupin,506 N High St,Carlinville,62626 1351,N/A,NA,0,NA,0,0,NA,NA
roe safe school jersey,227 E 1St South St,Carlinville,62626 1800,N/A,NA,0,NA,0,0,NA,NA
rogers academy,109 Rogers Rd,North Pekin,61554 1047,Tazewell,16,0,NA,0,0,NA,NA
rogers elem school,7345 N Washtenaw Ave,Chicago,60645 1429,Cook,09,1,1,6,1,4,0.666666666666667
rogers elem school,200 Rogers St,Waterloo,62298 1572,Monroe,12,1,NA,0,0,NA,NA
rolling acres middle school,5617 N Merrimac Ave,Peoria,61614 3928,Peoria,17,1,1,0,0,NA,NA
rolling green,3615 W Gate Pkwy,Rockford,61108 6162,Winnebago,17,1,NA,0,0,NA,NA
rolling meadows high school,2901 Central Rd,Rolling Meadows,60008 2536,Cook,08,1,1,0,0,NA,NA
rome comm cons elem school,233 W South St,Dix,62830 1403,Jefferson,12,1,1,0,0,NA,NA
romeoville high school,100 N Independence Blvd,Romeoville,60446 1801,Will,14,1,NA,0,0,NA,NA
romona elem school,600 Romona Rd,Wilmette,60091 2125,Cook,09,1,1,0,0,NA,NA
ronald d o neal,510 Franklin Blvd,Elgin,60120 4441,Kane,08,1,NA,0,0,NA,NA
rondout elem school,28593 N Bradley Rd,Lake Forest,60045 1154,Lake,10,1,NA,0,0,NA,NA
roosevelt center,978 Haskell Ave,Rockford,61103 6046,Winnebago,17,1,NA,0,0,NA,NA
roosevelt elem school,1927 S 15th Ave,Broadview,60155 3005,Cook,07,1,1,1,1,1,1
roosevelt elem school,111 W 146th St,Dolton,60419 1453,Cook,02,1,1,0,0,NA,NA
roosevelt elem school,1345 Sunnyside Ave,Chicago Heights,60411 2571,Cook,02,1,1,0,0,NA,NA
roosevelt elem school,3530 Avenue of The Cities,Moline,61265 4419,Rock Island,17,1,NA,0,0,NA,NA
roosevelt elem school,700 W Cleveland Ave,Belleville,62220 2465,Saint Clair,13,1,1,0,0,NA,NA
roosevelt high school,3436 W Wilson Ave,Chicago,60625 5318,Cook,03,1,1,1,1,0,0
roosevelt junior high school,111 W 146th St,Dolton,60419 1453,Cook,02,1,1,0,0,NA,NA
roosevelt middle school,2500 Oak St,Bellwood,60104 1525,Cook,07,1,NA,0,0,NA,NA
roosevelt school,7560 Oak Ave,River Forest,60305 1842,Cook,07,1,NA,0,0,NA,NA
rosa l parks middle school,14700 Robey Ave,Dixmoor,60426 1526,Cook,02,1,NA,0,0,NA,NA
roscoe middle school,6121 Elevator Rd,Roscoe,61073 9240,Winnebago,16,1,NA,0,0,NA,NA
rose e krug elem school,240 Melrose Ave,Aurora,60505 5564,Kane,14,1,NA,0,0,NA,NA
roselle middle school,500 S Park St,Roselle,60172 2219,Dupage,08,1,1,0,0,NA,NA
rosemont elem school,6101 Ruby St,Rosemont,60018 4450,Cook,05,1,1,0,0,NA,NA
roslyn road elem school,224 Roslyn Rd,Barrington,60010 2827,Lake,05,1,1,0,0,NA,NA
rossville alvin elem school,350 N Chicago St,Rossville,60963 9700,Vermilion,02,1,NA,0,0,NA,NA
round lake alop,811 Sunset Dr,Round Lake,60073 2827,N/A,NA,0,NA,0,0,NA,NA
round lake beach elem school,1421 Ardmore Dr,Round Lake Beach,60073 1918,Lake,10,1,1,0,0,NA,NA
round lake middle school,2000 Lotus Dr,Round Lake Heights,60073 1194,Lake,10,1,1,4,1,3,0.75
round lake senior high school,800 High School Dr,Round Lake,60073 2951,Lake,10,1,1,0,0,NA,NA
round lake transition center,801 Sunset Dr,Round Lake,60073 2827,Lake,10,0,NA,0,0,NA,NA
rowe elementary,1424 N Cleaver St,Chicago,60642 2331,Cook,05,1,1,0,0,NA,NA
roxana junior high school,401 Chaffer Ave,Roxana,62084 1125,Madison,13,1,1,0,0,NA,NA
roxana sr high school,401 Chaffer Ave,Roxana,62084 1125,Madison,13,1,1,0,0,NA,NA
roy de shane elementary school,475 Chippewa Trl,Carol Stream,60188 1544,Dupage,08,1,1,1,1,1,1
roy elem school,533 N Roy Ave,Northlake,60164 1762,Cook,04,1,1,0,0,NA,NA
royals academy canton,749 E Locust St,Canton,61520 2063,N/A,NA,1,NA,0,0,NA,NA
royals academy carthage,86 S Madison St,Carthage,62321 1331,N/A,NA,1,NA,0,0,NA,NA
royals academy macomb,341 S Johnson St,Macomb,61455 2138,N/A,NA,1,NA,0,0,NA,NA
royals rssp canton,749 E Locust St,Canton,61520 2063,N/A,NA,0,NA,0,0,NA,NA
royals rssp carthage,86 S Madison St,Carthage,62321 1331,N/A,NA,0,NA,0,0,NA,NA
royals rssp macomb,341 S Johnson St,Macomb,61455 2138,N/A,NA,0,NA,0,0,NA,NA
rudolph elem learning center,1628 W Washington Blvd,Chicago,60612 2613,Cook,07,1,1,0,0,NA,NA
ruggles elem school,7831 S Prairie Ave,Chicago,60619 2893,Cook,01,1,1,1,1,0,0
ruiz elem school,2410 S Leavitt St,Chicago,60608 4032,Cook,04,1,1,0,0,NA,NA
rupley elem school,305 Oakton St,Elk Grove Village,60007 1727,Cook,08,1,1,5,1,1,0.2
rushville industry high school,730 N Congress St,Rushville,62681 1030,Schuyler,15,1,NA,0,0,NA,NA
russell elem school,705 N Jefferson St,Litchfield,62056 1435,Montgomery,NA,1,NA,0,0,NA,NA
ruth m schneider elem school,309 N John St,Farmer City,61842 1209,Dewitt,15,1,1,0,0,NA,NA
rutland elem school,3231 N Il Route 71,Ottawa,61350 9410,La Salle,14,1,NA,0,0,NA,NA
rutledge hall elem school,6850 N East Prairie Rd,Lincolnwood,60712 2547,Cook,09,1,NA,0,0,NA,NA
ryder elem math and sci spec school,8716 S Wallace St,Chicago,60620 2124,Cook,01,1,1,0,0,NA,NA
s e gross middle school,3524 Maple Ave,Brookfield,60513 1250,Cook,04,1,1,0,0,NA,NA
s t e m academy,1650 Pulaski Rd,Calumet City,60409 3828,Cook,02,1,1,0,0,NA,NA
sabin elem magnet school,2216 W Hirsch St,Chicago,60622 1837,Cook,07,1,1,0,0,NA,NA
sadlowski elementary school,3930 E 105th St,Chicago,60617,Cook,02,1,1,0,0,NA,NA
safe school program,2300 Benton Rd,Mount Vernon,62864 6132,N/A,NA,0,NA,0,0,NA,NA
safe school program,408 W Washington St,Bloomington,61701 3808,N/A,NA,0,NA,0,0,NA,NA
safe school program centralia,501 N Elm St,Centralia,62801 2958,N/A,NA,0,NA,0,0,NA,NA
saint clair co juv detention center,9006 Lebanon Rd,Belleville,62223 1503,Saint Clair,13,0,NA,0,0,NA,NA
saint clair co roe safe school,1722 W Main St,Belleville,62226 7474,N/A,NA,0,NA,0,0,NA,NA
saint clair roe,1000 S Illinois St,Belleville,62220 2537,N/A,NA,0,NA,0,0,NA,NA
salazar elem bilingual center,160 W Wendell St,Chicago,60610 2727,Cook,07,1,1,0,0,NA,NA
salem community high school,1200 N Broadway Ave,Salem,62881 4204,Marion,12,1,NA,0,0,NA,NA
salt creek elem school,65 JF Kennedy Blvd,Elk Grove Village,60007 3629,Cook,08,1,1,0,0,NA,NA
salt creek elem school,980 S Riverside Dr,Elmhurst,60126 4977,Dupage,06,1,1,0,0,NA,NA
salt fork high school,701 W Vermilion St,Catlin,61817 9781,Vermilion,02,1,NA,0,0,NA,NA
salt fork junior high school,7087 N 600 East Rd,Sidell,61876 6515,Vermilion,15,1,1,0,0,NA,NA
salt fork north elementary school,216 N Webster St,Catlin,61817 9745,Vermilion,02,1,NA,0,0,NA,NA
salt fork south elementary school,7087 N 600 East Rd,Sidell,61876 6515,Vermilion,15,1,1,0,0,NA,NA
salt school,50 W Industrial Dr,Kankakee,60901 8133,N/A,NA,1,NA,0,0,NA,NA
sam rotolo middle sch,1501 S Raddant Rd,Batavia,60510 8366,Kane,11,1,1,2,1,2,1
sandburg elem school,2051 Wabash Ave,Springfield,62704 5305,Sangamon,13,1,1,0,0,NA,NA
sandburg middle school,345 E Saint Charles Rd,Elmhurst,60126 3655,Dupage,04,1,1,0,0,NA,NA
sandoval elem school,5534 S Saint Louis Ave,Chicago,60629 3810,Cook,04,1,1,0,0,NA,NA
sandoval elem school,300 E Perry Ave,Sandoval,62882 1107,Marion,12,1,1,3,1,3,1
sandoval jr high school,859 W Missouri Ave,Sandoval,62882 1031,Marion,12,1,1,0,0,NA,NA
sandoval sr high school,859 W Missouri Ave,Sandoval,62882 1031,Marion,12,1,1,0,0,NA,NA
sandridge elem school,2950 Glenwood Dyer Rd,Lynwood,60411 9755,Cook,02,1,NA,0,0,NA,NA
sandwich community high school,515 Lions Rd,Sandwich,60548 2450,Dekalb,14,1,NA,0,0,NA,NA
sandwich middle school,600 S Wells St,Sandwich,60548 2481,Dekalb,14,1,1,11,1,11,1
sangamon co detention center,2201 S Dirksen Pkwy,Springfield,62703 4564,Sangamon,13,0,NA,0,0,NA,NA
sangamon county learning academy,2201 Toronto Rd Ste C,Springfield,62712 3810,N/A,NA,1,NA,0,0,NA,NA
sangamon safe school program,2201 Toronto Rd,Springfield,62712 3802,N/A,NA,0,NA,0,0,NA,NA
sangamon valley high school,398 N Illinois St,Niantic,62551,Macon,13,1,NA,0,0,NA,NA
sangamon valley intermediate school,341 Matilda St,Illiopolis,62539 3805,Macon,13,1,NA,0,0,NA,NA
sangamon valley middle school,341 Matilda St,Illiopolis,62539 3805,Macon,13,1,NA,0,0,NA,NA
sangamon valley primary school,1095 N Meridian,Harristown,62537 0079,Macon,13,1,NA,0,0,NA,NA
sarah a raymond sch of early educ,1402 W Olive St,Bloomington,61701 4756,McLean,17,1,1,0,0,NA,NA
sarah adams elementary school,555 Old Mill Grove Rd,Lake Zurich,60047 2819,Lake,05,1,1,0,0,NA,NA
sarah atwater denman elementary school,4100 Harrison Street,Quincy,62305 6030,Adams,15,1,1,0,0,NA,NA
sarah e raymond sch of early educ,1402 W Olive St,Bloomington,61701 4756,McLean,NA,1,1,0,0,NA,NA
saratoga elem school,4040 N Division St,Morris,60450 9357,Grundy,16,1,1,1,1,1,1
sased central proj ican and pace,2500 Taylor Ave,Springfield,62703 4390,Sangamon,13,0,NA,0,0,NA,NA
sator sanchez elem school,1101 Harrison Ave,Joliet,60432 1234,Will,14,1,1,0,0,NA,NA
saucedo elem scholastic academy,2850 W 24th Blvd,Chicago,60623 3508,Cook,NA,1,1,1,1,0,0
sauganash elem school,6040 N Kilpatrick Ave,Chicago,60646 5816,Cook,05,1,1,2,1,1,0.5
sauk elem school,4435 S Churchill Dr,Richton Park,60471 1101,Cook,02,1,1,0,0,NA,NA
saunemin elem school,39 Main St,Saunemin,61769 6110,Livingston,02,1,1,0,0,NA,NA
sawyer elem school,5248 S Sawyer Ave,Chicago,60632 3131,Cook,04,1,1,0,0,NA,NA
sayre elem language academy,1850 N Newland Ave,Chicago,60707 3305,Cook,07,1,1,2,1,2,1
scales mound elem school,210 Main St,Scales Mound,61075 9393,Jo Daviess,16,1,1,1,1,0,0
scales mound high school,210 Main St,Scales Mound,61075 9393,Jo Daviess,16,1,1,0,0,NA,NA
scales mound jr high school,210 Main St,Scales Mound,61075 9393,Jo Daviess,16,1,1,0,0,NA,NA
scammon elem school,4201 W Henderson St,Chicago,60641 4627,Cook,03,1,1,3,1,3,1
scarlet oak elementary school,5731 Albert Dr,Oak Forest,60452 2803,Cook,06,1,NA,0,0,NA,NA
schafer elem school,700 E Pleasant Ln,Lombard,60148 1923,Dupage,06,1,1,2,1,1,0.5
schaumburg high school,1100 W Schaumburg Rd,Schaumburg,60194 4150,Cook,08,1,1,0,0,NA,NA
schiller elem school,800 W 4th St,Centralia,62801 5716,Marion,12,1,NA,0,0,NA,NA
schmid elem school,9755 S Greenwood Ave,Chicago,60628 1610,Cook,01,1,1,2,1,0,0
schneider elem school,304 Banbury Rd,North Aurora,60542 1240,Kane,11,1,1,0,0,NA,NA
school district 123 early learning center,4201 W 93Rd St,Oak Lawn,60453 1998,Cook,06,1,NA,0,0,NA,NA
school district 428 iyc hrb,1201 W Poplar St,Harrisburg,62946 3711,Dept Of Corrections,12,0,NA,0,0,NA,NA
school of fine arts,1650 Pulaski Rd,Calumet City,60409 3828,Cook,02,1,1,0,0,NA,NA
school of social justice hs,3120 S Kostner Ave,Chicago,60623 4842,Cook,04,1,1,0,0,NA,NA
schramm education center,300 Cedar St,Pekin,61554 7009,Tazewell,16,0,NA,0,0,NA,NA
schrum memorial school,485 165th St,Calumet City,60409 6255,Cook,02,1,NA,0,0,NA,NA
schubert elem school,2727 N Long Ave,Chicago,60639 1529,Cook,03,1,1,1,1,1,1
schurz high school,3601 N Milwaukee Ave,Chicago,60641 3033,Cook,05,1,1,1,1,1,1
schuyler industry middle school,750 N Congress St,Rushville,62681 1030,Schuyler,15,1,NA,0,0,NA,NA
scott altman primary school,1730 Highwood Ave,Pekin,61554 6157,Tazewell,16,1,NA,0,0,NA,NA
scott elem school,4732 Patriots Dr,Scott Air Force Base,62225 1197,Saint Clair,12,1,1,0,0,NA,NA
scott elementary school,2250 Scott St,Melrose Park,60164 2008,Cook,04,1,1,0,0,NA,NA
scott elementary school,500 Warwick Dr,Naperville,60565 2603,Dupage,11,1,1,0,0,NA,NA
scullen middle school,2815 Mistflower Ln,Naperville,60564 4913,Dupage,14,1,1,0,0,NA,NA
seapco academy,4812 Pfeiffer Rd,Peoria,61607 2647,Peoria,17,0,NA,0,0,NA,NA
seapco central,4812 Pfeiffer Rd,Peoria,61607 2647,Peoria,17,0,NA,0,0,NA,NA
sedol sector programs,18160 W Gages Lake Rd,Gages Lake,60030 1819,Lake,10,0,1,0,0,NA,NA
self academy,11971 Wagon Wheel Rd,Rockton,61072 3322,Winnebago,16,0,NA,0,0,NA,NA
selmaville elem school,3185 Selmaville Rd,Salem,62881 6603,Marion,12,1,1,0,0,NA,NA
seneca elem school south campus,174 Oak St,Seneca,61360 9500,La Salle,14,1,1,0,0,NA,NA
seneca grade school north campus,174 Oak St,Seneca,61360 9500,La Salle,14,1,1,0,0,NA,NA
seneca high school,307 E Scott St,Seneca,61360 0020,La Salle,14,1,1,1,1,1,1
senn high school,5900 N Glenwood Ave,Chicago,60660 3312,Cook,09,1,1,0,0,NA,NA
serena high school,2283 N 3812th Rd,Serena,60549 0107,La Salle,14,1,NA,0,0,NA,NA
serena hills elem school,255 Pleasant Dr,Chicago Heights,60411 1035,Cook,02,1,1,0,0,NA,NA
serena middle school,2283 N 3812th Rd,Serena,60549 0107,La Salle,14,1,NA,0,0,NA,NA
sese school,500 S Scott Ave,Sainte Marie,62459 0185,Crawford,12,0,NA,0,0,NA,NA
sesser valier elem school,4626 State Highway 154,Sesser,62884 2277,Franklin,12,1,NA,0,0,NA,NA
sesser valier high school,4626 State Highway 154,Sesser,62884 2277,Franklin,12,1,NA,0,0,NA,NA
sesser valier jr high school,4626 State Highway 154,Sesser,62884 2277,Franklin,12,1,NA,0,0,NA,NA
seth paine elem school,50 Miller Rd,Hawthorn Woods,60047 3502,Lake,09,1,1,0,0,NA,NA
seth whitman elem sch,8989 Beloit Rd,Belvidere,61008 1714,Boone,11,1,1,0,0,NA,NA
seventh ave elem school,701 7th Ave,La Grange,60525 6705,Cook,06,1,1,0,0,NA,NA
seward elem communication arts ac,4600 S Hermitage Ave,Chicago,60609 3831,Cook,04,1,1,1,1,1,1
seymour elementary school,404 W State St,Payson,62360 1041,Adams,15,1,1,0,0,NA,NA
seymour high school,420 W Brainard St,Payson,62360 1033,Adams,15,1,1,0,0,NA,NA
shabbona elem school,321 N Convent St,Bourbonnais,60914 2015,Kankakee,01,1,1,0,0,NA,NA
shabbona middle school,725 School St,Morris,60450 1218,Grundy,16,1,NA,0,0,NA,NA
shabonee school,1000 Pfingsten Rd,Northbrook,60062 3316,Cook,10,1,1,0,0,NA,NA
shawnee elementary school,3365 N State Route 3,Wolf Lake,62998 1157,Union,12,1,1,0,0,NA,NA
shawnee high school,3365 State Hwy 3 N,Wolf Lake,62998,Union,12,1,1,0,0,NA,NA
shawnee jr high school,3365 State Hwy 3 N,Wolf Lake,62998,Union,12,1,1,0,0,NA,NA
shelbyville bridges,201 E North 12th St,Shelbyville,62565 1018,N/A,NA,0,NA,0,0,NA,NA
shelbyville high school,1001 W North 6th St,Shelbyville,62565 1294,Shelby,15,1,NA,0,0,NA,NA
shelbyville kindergarten center,225 W Main St,Shelbyville,62565 1525,Shelby,15,1,NA,0,0,NA,NA
shelbyville taoep,730 7Th St,Charleston,61920 2101,N/A,NA,0,NA,0,0,NA,NA
shepherd middle school,701 E McKinley Rd,Ottawa,61350 4811,La Salle,14,1,NA,0,0,NA,NA
sheridan elem math and science acad,533 W 27th St,Chicago,60616 2574,Cook,07,1,1,1,1,1,1
sheridan elem school,115 E Si Johnson Ave,Sheridan,60551 0328,La Salle,14,1,NA,0,0,NA,NA
sheridan elem school,300 S Waukegan Rd,Lake Forest,60045 2643,Lake,10,1,1,0,0,NA,NA
sheridan elem school,1403 W Walnut St,Bloomington,61701 2652,McLean,17,1,1,3,1,2,0.666666666666667
sherlock elem school,5347 W 22nd Pl,Cicero,60804 2805,Cook,04,1,1,1,1,1,1
sherman elem school,1000 W 52nd St,Chicago,60609 6012,Cook,07,1,1,0,0,NA,NA
sherman elem school,312 South St,Sherman,62684 9415,Sangamon,15,1,NA,0,0,NA,NA
sherrard elementary school,209 1st St,Sherrard,61281 8614,Rock Island,17,1,1,0,0,NA,NA
sherrard high school,4701 176th Ave,Sherrard,61281 9603,Rock Island,17,1,1,2,1,2,1
sherrard jr high school,4701 176th Ave,Sherrard,61281 9603,Rock Island,17,1,1,7,1,5,0.714285714285714
sherwood elem school,245 W 57th St,Chicago,60621 4055,Cook,07,1,1,0,0,NA,NA
sherwood elem school,1900 Stratford Rd,Highland Park,60035 3701,Lake,10,1,1,0,0,NA,NA
shields elem school,4250 S Rockwell St,Chicago,60632 1216,Cook,04,1,1,0,0,NA,NA
shields middle school,2611 W 48th St,Chicago,60632 1402,Cook,04,1,1,2,1,1,0.5
shiloh elementary school,21751 N 575th St,Hume,61932 7013,Edgar,15,1,NA,0,0,NA,NA
shiloh elementary school,125 Diamond Ct,Shiloh,62269 3617,Saint Clair,12,1,NA,0,0,NA,NA
shiloh high school,21751 N 575th St,Hume,61932 7013,Edgar,15,1,NA,0,0,NA,NA
shiloh middle school,1 Wildcat Xing,Shiloh,62269 5409,Saint Clair,12,1,NA,0,0,NA,NA
shiloh park middle school,2635 Gabriel Ave,Zion,60099 2530,Lake,10,1,1,0,0,NA,NA
shipman elem school,211 Dora Reno White St,Shipman,62685 0229,Macoupin,13,1,NA,0,0,NA,NA
shirland c c school,8020 North St,Shirland,61079 0099,Winnebago,16,1,NA,0,0,NA,NA
shoesmith elem school,1330 E 50th St,Chicago,60615 2992,Cook,02,1,1,1,1,0,0
shoop math sci tech elem academy,11140 S Bishop St,Chicago,60643 3607,Cook,01,1,1,15,1,12,0.8
sieden prairie elementary school,725 Notre Dame Dr,Matteson,60443 1526,Cook,02,1,NA,0,0,NA,NA
signal hill elem school,40 Signal Hill Pl,Belleville,62223 1644,Saint Clair,13,1,1,3,1,3,1
silas willard elem school,460 Fifer St,Galesburg,61401 2014,Knox,17,1,1,0,0,NA,NA
silver creek elementary,209 N Dewey St,Troy,62294 1214,Madison,15,1,1,3,1,3,1
simeon career academy high school,8147 S Vincennes Ave,Chicago,60620 1761,Cook,01,1,1,3,1,3,1
simmons middle school,6450 W 95th St,Oak Lawn,60453 2262,Cook,06,1,1,0,0,NA,NA
simpson acad hs for young women,1321 S Paulina St,Chicago,60608 1221,Cook,07,1,1,0,0,NA,NA
siu charter sch of east st louis,601 James R Thompson Blvd,East Saint Louis,62201 1129,Saint Clair,13,1,NA,0,0,NA,NA
skinner elem school,111 S Throop St,Chicago,60607 2530,Cook,07,1,1,1,1,0,0
skinner north elem sch,640 W Scott St,Chicago,60610 1093,Cook,07,1,1,1,1,1,1
skoff elementary,775 W Normantown Rd,Romeoville,60446 3921,Will,14,1,NA,0,0,NA,NA
sleepy hollow elem school,898 Glen Oak Dr,Sleepy Hollow,60118 2680,Kane,08,1,NA,0,0,NA,NA
smith elem school,1332 Robinwood Dr,Aurora,60506 1430,Kane,11,1,1,0,0,NA,NA
smith w elem school,744 E 103rd St,Chicago,60628 1657,Cook,01,1,1,4,1,3,0.75
smithton elem school,316 S Hickory St,Smithton,62285 0395,Saint Clair,12,1,1,1,1,1,1
smyser elem school,4310 N Melvina Ave,Chicago,60634 1542,Cook,03,1,1,2,1,1,0.5
smyth j elem school,1059 W 13th St,Chicago,60608 1526,Cook,07,1,1,1,1,1,1
social emotional learning academy,620 E Garfield Ave,Decatur,62526 4550,Macon,NA,NA,NA,0,0,NA,NA
social emotional learning academy sela,620 E Garfield Ave,Decatur,62526 4550,Macon,13,NA,1,0,0,NA,NA
solomon elem school,6206 N Hamlin Ave,Chicago,60659 1096,Cook,05,1,1,0,0,NA,NA
solorio academy high school,5400 S St Louis Ave,Chicago,60632 3287,Cook,04,1,1,0,0,NA,NA
somonauk high school,501 W Market St,Somonauk,60552 9794,Dekalb,14,1,NA,0,0,NA,NA
somonauk middle school,510 W Lasalle St,Somonauk,60552 9795,Dekalb,14,1,NA,0,0,NA,NA
sor juana ines de la cruz,4034 W 56Th St,Chicago,60629 4442,Cook,04,1,1,4,1,1,0.25
south beloit jr high school,840 Blackhawk Blvd,South Beloit,61080 2263,Winnebago,16,1,1,0,0,NA,NA
south beloit sr high school,245 Prairie Hill Rd,South Beloit,61080 2579,Winnebago,16,1,1,0,0,NA,NA
south central elementary kinmundy,810 E 1st St,Kinmundy,62854 2122,Marion,12,1,NA,0,0,NA,NA
south central high school,800 W Washington St,Farina,62838 1218,Marion,15,1,NA,0,0,NA,NA
south central il reg workforce trng and innovation ctr,2001 Eilerman Ave,Litchfield,62056 4439,Montgomery,NA,0,NA,0,0,NA,NA
south central middle school,503 S Madison St,Kinmundy,62854 2464,Marion,12,1,NA,0,0,NA,NA
south cook isc alop,253 W Joe Orr Rd,Chicago Hts,60411 1744,N/A,NA,0,NA,0,0,NA,NA
south cook isc student advocate alop,253 W Joe Orr Rd,Chicago Hts,60411 1744,N/A,NA,0,NA,0,0,NA,NA
south cook truancy program,405 Ashland Ave,Chicago Hts,60411 1634,N/A,NA,0,NA,0,0,NA,NA
south elem school,805 S 6th St,Marshall,62441 1635,Clark,12,1,NA,0,0,NA,NA
south elem school,1535 Everett Ave,Des Plaines,60018 2318,Cook,08,1,1,6,1,5,0.833333333333333
south elem school,601 Golf Rd,Crystal Lake,60014 5644,McHenry,09,1,1,0,0,NA,NA
south elem school,266 Linden Ave,Glencoe,60022 2165,Cook,10,1,NA,0,0,NA,NA
south elementary school,616 W Hickory St,Chillicothe,61523 2021,Peoria,16,1,NA,0,0,NA,NA
south elgin high school,760 E Main St,South Elgin,60177 1702,Kane,08,1,NA,0,0,NA,NA
south fork elementary school,550 Prairie Street,Kincaid,62540 4532,Christian,15,1,NA,0,0,NA,NA
south fork jr sr high school,612 Dial Street,Kincaid,62540 4457,Christian,15,1,NA,0,0,NA,NA
south jacksonville elem school,1700 S West St,South Jacksonville,62650 3279,Morgan,15,1,1,0,0,NA,NA
south loop elem school,1601 S Dearborn St,Chicago,60616 1225,Cook,07,1,1,0,0,NA,NA
south middle school,400 S Highland Ave,Arlington Heights,60005 1868,Cook,05,1,1,0,0,NA,NA
south park elem school,1421 Hackberry Rd,Deerfield,60015 4071,Lake,10,1,1,0,0,NA,NA
south pekin elem school,206 Main St,South Pekin,61564 0430,Tazewell,17,1,NA,0,0,NA,NA
south prairie elementary school,820 Borden Ave,Sycamore,60178 3270,Dekalb,14,1,1,0,0,NA,NA
south primary school,414 Indiana Ave,South Roxana,62087 1628,Madison,13,1,1,0,0,NA,NA
south school,133 S Grant St,Westmont,60559 1907,Dupage,06,1,1,0,0,NA,NA
south school,300 N Ridgemoor Ave,Mundelein,60060,Lake,10,0,NA,0,0,NA,NA
south shore fine arts elem sch,1415 E 70th St,Chicago,60637 4879,Cook,01,1,1,0,0,NA,NA
south shore intl col prep hs,1955 E 75th St,Chicago,60649 3688,Cook,01,1,1,1,1,1,1
south shores elem school,2500 S Franklin Street Rd,Decatur,62521 5302,Macon,15,1,1,0,0,NA,NA
south side elementary school,715 S New St,Champaign,61820 5818,Champaign,13,1,1,0,0,NA,NA
south side grade school,211 W Douglas Ave,Effingham,62401 2720,Effingham,12,1,1,0,0,NA,NA
south view upper elem school,133 E 9th St,Danville,61832 7220,Vermilion,02,1,NA,0,0,NA,NA
south wilmington grade school,375 Fifth Ave,South Wilmington,60474 0459,Grundy,16,1,NA,0,0,NA,NA
southbury elem school,820 Preston Ln,Oswego,60543 2003,Kendall,14,1,1,0,0,NA,NA
southeast elem school,9800 S Francisco Ave,Evergreen Park,60805 2624,Cook,06,1,NA,0,0,NA,NA
southeast elem school,718 S Locust St,Sycamore,60178 2227,Dekalb,14,1,1,0,0,NA,NA
southeastern elementary school,607 N Worrell St,Bowen,62316 0247,Hancock,15,1,1,1,1,1,1
southeastern jr sr high school,90 W Green St,Augusta,62311 0155,Hancock,15,1,1,0,0,NA,NA
southern view elem school,3338 S 5th St,Springfield,62703 4730,Sangamon,13,1,1,0,0,NA,NA
southland college prep charter high school,4601 Sauk Trl,Richton Park,60471 1470,Cook,02,1,NA,0,0,NA,NA
southside occupational acad hs,7342 S Hoyne Ave,Chicago,60636 3755,Cook,07,1,1,1,1,0,0
southside school,100 Academic Dr,Morrison,61270 2954,Whiteside,17,1,1,0,0,NA,NA
southwest coop at morton gingerwood,16936 Forest Ave,Oak Forest,60452 4517,Cook,01,0,NA,0,0,NA,NA
southwest elem school,9900 S Central Park Ave,Evergreen Park,60805 3305,Cook,06,1,NA,0,0,NA,NA
southwest elem school,715 S Center St,Geneseo,61254 1619,Henry,16,1,NA,0,0,NA,NA
southwest elem school,14794 Catlin Tilton Rd,Danville,61834 5116,Vermilion,02,1,NA,0,0,NA,NA
southwestern high school,8226 Route 111,Piasa,62079 0100,Macoupin,13,1,NA,0,0,NA,NA
southwestern illinois career and technical education system,600 S Smiley St,O Fallon,62269 2316,Saint Clair,NA,0,NA,0,0,NA,NA
southwestern middle school,8226 Route 111,Piasa,62079 0070,Macoupin,13,1,NA,0,0,NA,NA
southwood middle school,18635 Lee St,Country Club Hills,60478 5203,Cook,02,1,NA,0,0,NA,NA
sowers elementary school,202 W High St,Roanoke,61561 7509,Woodford,16,1,1,3,1,2,0.666666666666667
sowic education center,209 Wildcat Ct,Wilmington,60481 4500,Will,01,0,NA,0,0,NA,NA
sowic com and adaptive bhvr nb galloway,24805 W Roberts Rd,Channahon,60410 8618,Will,01,0,NA,0,0,NA,NA
sowic comm and adaptive bhvr cjh,24917 W Sioux Dr,Channahon,60410 3401,Will,01,0,NA,0,0,NA,NA
sowic comm and adaptive bhvr pioneer,24920 S Sage St,Channahon,60410 8617,Will,01,0,NA,0,0,NA,NA
sowic comm and adaptive bhvr three rivers,24150 S Sage Rd,Channahon,60410,Will,01,0,NA,0,0,NA,NA
sowic comm and adaptv bhrv joliet,1205 N Larkin Ave,Joliet,60435 3436,Will,14,0,NA,0,0,NA,NA
sowic early childhood joliet,1205 N Larkin Ave,Joliet,60435 3436,Will,14,0,NA,0,0,NA,NA
sowic ec reed custer,162 S School St,Braidwood,60408 1948,Will,01,0,NA,0,0,NA,NA
sowic ec wilmington,1910 Bruning Dr,Wilmington,60481 1710,Will,01,0,NA,0,0,NA,NA
sowic educ and life skills reed custer elem,162 S School St,Braidwood,60408 1948,Will,01,0,NA,0,0,NA,NA
sowic educ and life skills reed custer ms,407 S Comet Dr,Braidwood,60408 2216,Will,01,0,NA,0,0,NA,NA
sowic educ and life skills wilmington hs,209 Wildcat Ct,Wilmington,60481 4500,Will,01,0,NA,0,0,NA,NA
sparta high school,205 W Hood St,Sparta,62286 2006,Randolph,12,1,1,2,1,2,1
sparta lincoln school,203A Dean Ave,Sparta,62286 2301,Randolph,12,1,NA,0,0,NA,NA
spaulding elementary school,2000 Belle Plaine Ave,Gurnee,60031 5571,Lake,10,1,1,0,0,NA,NA
spaulding school,14811 Turner Ave,Midlothian,60445 3628,Cook,01,1,NA,0,0,NA,NA
special education and student services,3 W Central Park Plz,Jacksonville,62650 2069,Morgan,15,0,NA,0,0,NA,NA
specialized school,2121 S Goebbert Road,Arlington Heights,60005,NA,NA,1,1,0,0,NA,NA
speed early learning center,1125 Division St,Chicago Heights,60411 2419,Cook,02,0,NA,0,0,NA,NA
speed independence elem sch,1125 Division St,Chicago Heights,60411 2419,Cook,02,0,NA,0,0,NA,NA
speed independence high school,1125 Division St,Chicago Heights,60411 2419,Cook,02,0,NA,0,0,NA,NA
speed program for adaptive learn,1125 Division St,Chicago Heights,60411 2419,Cook,02,0,NA,0,0,NA,NA
spencer crossing,1711 Spencer Rd,New Lenox,60451 2373,Will,01,1,1,0,0,NA,NA
spencer loomis elementary school,1 Hubbard Ln,Hawthorn Woods,60047 8923,Lake,09,1,1,0,0,NA,NA
spencer pointe,1721 Spencer Rd,New Lenox,60451 2373,Will,01,1,NA,0,0,NA,NA
spencer technology acad elem sch,214 N Lavergne Ave,Chicago,60644 2517,Cook,07,1,1,0,0,NA,NA
spencer trail,1701 Spencer Rd,New Lenox,60451 2373,Will,01,1,1,0,0,NA,NA
spoon river valley elem school,35265 N IL Route 97,London Mills,61544 9312,Fulton,17,1,1,0,0,NA,NA
spoon river valley jr high sch,35265 N IL Route 97,London Mills,61544 9312,Fulton,17,1,1,0,0,NA,NA
spoon river valley sr high sch,35265 N IL Route 97,London Mills,61544 9312,Fulton,17,1,1,0,0,NA,NA
spring ave elem school,1001 S Spring Ave,La Grange,60525 2760,Cook,06,1,1,0,0,NA,NA
spring brook elementary school,2700 Seiler Dr,Naperville,60565 4369,Dupage,14,1,1,0,0,NA,NA
spring creek elem school,5222 Spring Creek Rd,Rockford,61114 6330,Winnebago,17,1,NA,0,0,NA,NA
spring garden elementary school,14975 E Bakerville Rd,Mount Vernon,62864 7100,Jefferson,12,1,1,0,0,NA,NA
spring garden middle school,511 S Elm St,Ina,62846 1202,Jefferson,12,1,1,0,0,NA,NA
spring grove elementary school,2018 Main Street Rd,Spring Grove,60081 9693,McHenry,10,1,1,0,0,NA,NA
spring hills elem school,560 Pinecroft Dr,Roselle,60172 2564,Dupage,08,1,NA,0,0,NA,NA
spring lake elem school,13650 N Manito Rd,Manito,61546 8438,Tazewell,17,1,NA,0,0,NA,NA
spring trail elementary school,1384 Spring Valley Dr,Carol Stream,60188 9079,Kane,08,1,NA,0,0,NA,NA
spring wood middle school,5540 Arlington Dr E,Hanover Park,60133 5569,Dupage,08,1,NA,0,0,NA,NA
springfield ball charter school,2530 E Ash St,Springfield,62703 5600,Sangamon,13,1,1,0,0,NA,NA
springfield elem school,14620 Springfield Ave,Midlothian,60445 2833,Cook,01,1,NA,0,0,NA,NA
springfield high school,101 S Lewis St,Springfield,62704 1817,Sangamon,13,1,1,1,1,1,1
springfield learning academy,2501 Wabash Ave,Springfield,62704 4276,Sangamon,13,1,NA,0,0,NA,NA
springfield southeast high sch,2350 E Ash St,Springfield,62703 3371,Sangamon,13,1,1,0,0,NA,NA
springman middle school,2701 Central Rd,Glenview,60025 4134,Cook,09,1,1,0,0,NA,NA
spry community links high school,2400 S Marshall Blvd,Chicago,60623 4146,Cook,04,1,1,0,0,NA,NA
spry elem community school,2400 S Marshall Blvd,Chicago,60623 4146,Cook,04,1,1,0,0,NA,NA
ssp tioga elem sch,212 W Memorial Rd,Bensenville,60106 2692,Dupage,03,0,NA,0,0,NA,NA
ssp f e peacock ms itasca sd 10,301 E North St,Itasca,60143 1620,Dupage,08,0,NA,0,0,NA,NA
ssp spring hills elem roselle sd 12,560 Pinecroft Dr,Roselle,60172 2564,Dupage,08,0,NA,0,0,NA,NA
st anne comm high school,650 W Guertin St,Saint Anne,60964 7306,Kankakee,NA,1,NA,0,0,NA,NA
st anne elem school,333 S Saint Louis Ave,Saint Anne,60964 0530,Kankakee,NA,1,NA,0,0,NA,NA
st charles east high school,1020 Dunham Rd,Saint Charles,60174 1440,Kane,08,1,NA,0,0,NA,NA
st charles north high school,255 Red Gate Rd,Saint Charles,60175 6396,Kane,08,1,NA,0,0,NA,NA
st elmo elem school,519 W 2nd St,Saint Elmo,62458 1153,Fayette,15,1,1,0,0,NA,NA
st elmo jr high school,300 W 12th St,Saint Elmo,62458 1324,Fayette,15,1,1,0,0,NA,NA
st elmo sr high school,300 W 12th St,Saint Elmo,62458 1324,Fayette,15,1,1,0,0,NA,NA
st george elem school,5200 E Center St,Bourbonnais,60914 4464,Kankakee,02,1,NA,0,0,NA,NA
st jacob elem school,305 Jacob St,Saint Jacob,62281 0317,Madison,15,1,1,0,0,NA,NA
st joseph elem school,404 S 5th St,Saint Joseph,61873 0409,Champaign,15,1,1,0,0,NA,NA
st joseph middle school,606 E Peters Dr,Saint Joseph,61873 0409,Champaign,15,1,1,0,0,NA,NA
st joseph ogden high school,301 N Main St,Saint Joseph,61873 0890,Champaign,15,1,NA,0,0,NA,NA
st libory elem school,811 Darmstadt St,Saint Libory,62282 0323,Saint Clair,12,1,NA,0,0,NA,NA
st rose elem school,18004 Saint Rose Rd,Breese,62230 2578,Clinton,12,1,NA,0,0,NA,NA
stagg elem school,7424 S Morgan St,Chicago,60621 1047,Cook,07,1,1,0,0,NA,NA
stanton school,101 Hawthorne Ln,Fox Lake,60020 1883,Lake,10,1,NA,0,0,NA,NA
stark county elem sch,300 W Van Buren St,Wyoming,61491 1172,Stark,16,1,1,0,0,NA,NA
stark county high school,418 S Franklin St,Toulon,61483 0419,Stark,16,1,NA,0,0,NA,NA
stark county junior high school,402 S Franklin St,Toulon,61483 0659,Stark,16,1,NA,0,0,NA,NA
starquest acad rssp north,PO Box 303,Johnston City,62951 0303,N/A,NA,0,NA,0,0,NA,NA
starquest acad rssp south,109 E 5Th St,Metropolis,62960,N/A,NA,0,NA,0,0,NA,NA
starved rock for voc tech ed,200 9th St,Peru,61354 2000,La Salle,NA,0,NA,0,0,NA,NA
staunton elem school,801 N Deneen St,Staunton,62088 1017,Macoupin,13,1,NA,0,0,NA,NA
staunton high school,801 N Deneen St,Staunton,62088 1017,Macoupin,13,1,NA,0,0,NA,NA
staunton jr high school,801 N Deneen St,Staunton,62088 1017,Macoupin,13,1,NA,0,0,NA,NA
ste marie elem school,311 Franklin St,Sainte Marie,62459 0157,Jasper,12,1,1,0,0,NA,NA
steele school,1480 W Main St,Galesburg,61401 3318,Knox,17,1,1,0,0,NA,NA
steeleville elem school,609 S Sparta St,Steeleville,62288 2130,Randolph,12,1,NA,0,0,NA,NA
steeleville high school,701 S Sparta St,Steeleville,62288 2132,Randolph,12,1,NA,0,0,NA,NA
steeple run elem school,6S151 Steeple Run Dr,Naperville,60540 3711,Dupage,11,1,1,0,0,NA,NA
steger intermediate center,3411 Hopkins St,Steger,60475 1731,Cook,02,1,1,0,0,NA,NA
steger primary center,3411 MIller Avenue,South Chicago Heights,60411 6007,Cook,02,1,1,0,0,NA,NA
steinmetz college prep hs,3030 N Mobile Ave,Chicago,60634 4041,Cook,03,1,1,0,0,NA,NA
stella may swartz elem school,17W160 16th St,Oakbrook Terrace,60181 4033,Dupage,06,1,1,0,0,NA,NA
stem magnet academy elem,1522 W Fillmore St,Chicago,60607 4614,Cook,07,1,1,0,0,NA,NA
stephen decatur middle school,1 Educational Park,Decatur,62526 2548,Macon,13,1,1,0,0,NA,NA
stephen mack middle school,11810 Old River Rd,Rockton,61072 9468,Winnebago,16,1,1,1,1,1,1
steps,387 Shuman Blvd Ste 170E,Naperville,60563 2607,Dupage,11,1,NA,0,0,NA,NA
sterling high school,1608 4th Ave,Sterling,61081 1378,Whiteside,17,1,NA,0,0,NA,NA
sterling middle school,2315 N Sterling Ave,Peoria,61604 3124,Peoria,17,1,1,0,0,NA,NA
steuben elementary school,520 S Wildwood Ave,Kankakee,60901 5365,Kankakee,02,1,NA,0,0,NA,NA
stevenson elem school,8010 S Kostner Ave,Chicago,60652 2110,Cook,04,1,1,0,0,NA,NA
stevenson elem school,2106 Arrowhead Dr,Bloomington,61704 2357,McLean,17,1,1,1,1,1,1
stevenson middle school,1630 N 20th Ave,Melrose Park,60160 1904,Cook,04,1,1,0,0,NA,NA
stevenson school,18W331 15th St,Lombard,60148 4191,Dupage,06,1,1,0,0,NA,NA
steward elementary school,602 Main St,Steward,60553 0076,Lee,16,1,NA,0,0,NA,NA
stewardson strasburg cusd 5a,2806 E 600 North Rd,Strasburg,62465 4102,Shelby,15,NA,NA,0,0,NA,NA
stewardson strasburg elem school,2806 E 600 North Rd,Strasburg,62465 4102,Shelby,15,1,NA,0,0,NA,NA
stewardson strasburg high school,2806 E 600 North Rd,Strasburg,62465 4102,Shelby,15,1,NA,0,0,NA,NA
still middle school,787 Meadowridge Dr,Aurora,60504 5380,Dupage,11,1,1,2,1,1,0.5
stillman valley high school,425 S Pine St,Stillman Valley,61084 8943,Ogle,16,1,1,0,0,NA,NA
stock early childhood center,7507 W Birchwood Ave,Chicago,60631 4322,Cook,09,1,1,0,0,NA,NA
stockton elem school,500 N Rush St,Stockton,61085 1004,Jo Daviess,16,1,NA,0,0,NA,NA
stockton middle school,540 N Rush St,Stockton,61085 1033,Jo Daviess,NA,1,NA,0,0,NA,NA
stockton sr high school,540 N Rush St,Stockton,61085 1033,Jo Daviess,16,1,NA,0,0,NA,NA
stone creek school,11633 S Gate Rd,Roscoe,61073 9646,Winnebago,16,1,NA,0,0,NA,NA
stone elem scholastic academy,6239 N Leavitt St,Chicago,60659 3007,Cook,09,1,1,0,0,NA,NA
stone elem school,1404 W Stone Ave,Addison,60101 1957,Dupage,08,1,1,1,1,1,1
stony creek elem school,11700 S Kolin Ave,Alsip,60803 2141,Cook,01,1,1,0,0,NA,NA
stowe elem school,3444 W Wabansia Ave,Chicago,60647 4813,Cook,03,1,1,0,0,NA,NA
strassburg elem,2002 223rd St,Sauk Village,60411 5029,Cook,02,1,1,0,0,NA,NA
stratford middle school,251 Butterfield Dr,Bloomingdale,60108 2397,Dupage,08,1,1,2,1,1,0.5
stratton elementary school,902 N Randolph St,Champaign,61820 2939,Champaign,13,1,1,7,1,4,0.571428571428571
streamwood high school,701 W Schaumburg Rd,Streamwood,60107 1262,Kane,08,1,NA,0,0,NA,NA
streator twp high school,202 W Lincoln Ave,Streator,61364 2102,La Salle,16,1,1,2,1,1,0.5
structured learning environment,2900 Ogden Ave,Lisle,60532 1631,Dupage,11,0,NA,0,0,NA,NA
stuart r paddock school,225 W Washington St,Palatine,60067 6147,Cook,05,1,NA,0,0,NA,NA
student life academy,2405 Champaign Avenue,Mattoon,61938,Coles,NA,1,1,0,0,NA,NA
success academy,100 Cleveland Ave,Carpentersville,60110 1960,N/A,NA,1,NA,0,0,NA,NA
success academy 4 5,2550 Harnish Dr,Algonquin,60102 6870,N/A,NA,1,NA,0,0,NA,NA
success academy hs,1500 Kings Rd,Carpentersville,60110 1480,N/A,NA,1,NA,0,0,NA,NA
suder montessori elem magnet schl,2022 W Washington Blvd,Chicago,60612 2429,Cook,07,1,1,3,1,2,0.666666666666667
sugar creek elem school,200 N Towanda Ave,Normal,61761 1940,McLean,17,1,NA,0,0,NA,NA
sullivan elem school,8331 S Mackinaw Ave,Chicago,60617 2626,Cook,02,1,1,0,0,NA,NA
sullivan elem school,910 N Graham St,Sullivan,61951 1114,Moultrie,15,1,1,5,1,5,1
sullivan high school,6631 N Bosworth Ave,Chicago,60626 4223,Cook,09,1,1,0,0,NA,NA
sullivan high school,725 N Main St,Sullivan,61951 1540,Moultrie,15,1,1,0,0,NA,NA
sullivan middle school,735 N Main St,Sullivan,61951,Moultrie,15,1,1,2,1,2,1
summerdale early childhood center,3320 Glenwood Ave,Rockford,61101 3468,Winnebago,17,1,NA,0,0,NA,NA
summersville grade school,1118 Fairfield Rd,Mount Vernon,62864 5726,Jefferson,12,1,NA,0,0,NA,NA
summit academy alop,1102 Evans Ave,Machesney Pk,61115 2967,N/A,NA,0,NA,0,0,NA,NA
summit academy rssp,1102 Evans Ave,Machesney Pk,61115 2967,N/A,NA,0,NA,0,0,NA,NA
summit academy taoep,1102 Evans Ave,Machesney Pk,61115 2967,N/A,NA,0,NA,0,0,NA,NA
summit elementary school,408 Willoughby Ln,Collinsville,62234 3742,Madison,13,1,NA,0,0,NA,NA
summit hill junior high school,7260 W North Ave,Frankfort,60423 9354,Will,01,1,1,0,0,NA,NA
sumner attendance center,110 W Locust St,Sumner,62466 1185,Lawrence,12,1,NA,0,0,NA,NA
sumner elem math and sci comm acad,4320 W 5th Ave,Chicago,60624 3401,Cook,07,1,1,0,0,NA,NA
sunny hill elem school,2500 Helm Rd,Carpentersville,60110 1329,Lake,08,1,1,0,0,NA,NA
sunnydale elem school,716 Sunnydale Blvd,Streamwood,60107 2042,Kane,08,1,NA,0,0,NA,NA
sunnyside intermediate school,5412 Saint Charles Rd,Berkeley,60163 1244,Cook,04,1,1,2,1,2,1
sunset ridge elem school,525 Sunset Ridge Rd,Northfield,60093 1025,Cook,09,1,1,2,1,2,1
sutherland elem school,10015 S Leavitt St,Chicago,60643 1991,Cook,06,1,1,0,0,NA,NA
swan hillman elem school,3701 Green Dale Dr,Rockford,61109 1543,Winnebago,17,1,NA,0,0,NA,NA
sward elem school,9830 S Brandt Ave,Oak Lawn,60453 3029,Cook,06,1,NA,0,0,NA,NA
swift elem specialty school,5900 N Winthrop Ave,Chicago,60660 3520,Cook,09,1,1,0,0,NA,NA
sycamore high school,427 Spartan Trl,Sycamore,60178 1659,Dekalb,14,1,1,2,1,2,1
sycamore middle school,150 Maplewood Dr,Sycamore,60178 1225,Dekalb,14,1,1,1,1,0,0
sycamore trails elementary school,1025 Sycamore Ln,Bartlett,60103 5619,Kane,03,1,NA,0,0,NA,NA
t e culbertson elem school,1521 E Washington St,Joliet,60433 1364,Will,14,1,NA,0,0,NA,NA
t roosevelt elem school,1500 S 50th Ave,Cicero,60804 1544,Cook,04,1,1,2,1,0,0
taft elementary school,1125 Oregon St,Joliet,60435 3900,Will,14,1,NA,0,0,NA,NA
taft grade school,1605 S Washington St,Lockport,60441 4241,Will,14,1,1,0,0,NA,NA
taft high school,6530 W Bryn Mawr Ave,Chicago,60631 3185,Cook,05,1,1,4,1,3,0.75
taft primary school,1155 W Hawkins St,Kankakee,60901 4615,Kankakee,02,1,NA,0,0,NA,NA
taft school,393 E 163rd St,Harvey,60426 5951,Cook,02,1,NA,0,0,NA,NA
talala elementary school,430 Talala St,Park Forest,60466 2410,Will,02,1,1,0,0,NA,NA
talcott elem school,1840 W Ohio St,Chicago,60622 5505,Cook,07,1,1,0,0,NA,NA
talman elem school,5450 S Talman Ave,Chicago,60632 1520,Cook,04,1,1,1,1,0,0
tamaroa elem school,200 W Main St,Tamaroa,62888 0175,Perry,12,1,NA,0,0,NA,NA
tampico elem school,304 W Kimball Rd,Tampico,61283 0637,Whiteside,17,1,1,0,0,NA,NA
tanner elem school,7350 S Evans Ave,Chicago,60619 1990,Cook,01,1,1,0,0,NA,NA
tapestry alop,415 Lexington St,Maywood,60153 3271,N/A,NA,0,NA,0,0,NA,NA
tarkington elem school,3330 W 71st St,Chicago,60629 3503,Cook,04,1,1,2,1,2,1
taylor elem school,9912 S Avenue H,Chicago,60617 5597,Cook,02,1,1,1,1,1,1
taylor ridge elem school,13227 Turkey Hollow Rd,Taylor Ridge,61284 9615,Rock Island,17,1,1,0,0,NA,NA
taylorville jr high school,120 E Bidwell St,Taylorville,62568 1358,Christian,15,1,1,0,0,NA,NA
taylorville sr high school,815 W Springfield Rd,Taylorville,62568 1245,Christian,15,1,NA,0,0,NA,NA
tazewell co area efe rds,200 S 2nd St Ste 12,Pekin,61554 4088,NA,NA,0,NA,0,0,NA,NA
tcse aspire academy,805 N 16Th St,Murphysboro,62966 2902,Jackson,12,0,NA,0,0,NA,NA
tcse carruthers elem,80 Candy Ln,Murphysboro,62966 2953,Jackson,12,0,NA,0,0,NA,NA
tcse anna jonesboro hs,608 S Main St,Anna,62906 1247,Jackson,12,0,NA,0,0,NA,NA
tcse carbondale hs,330 S Giant City Rd,Carbondale,62902 5042,Jackson,12,0,NA,0,0,NA,NA
tcse desoto elem,311 Hurst Rd,De Soto,62924 1228,Jackson,12,0,NA,0,0,NA,NA
tcse duquoin hs,500 E South St,Du Quoin,62832 2338,Jackson,12,0,NA,0,0,NA,NA
tcse duquoin ms,847 E Jackson St,Du Quoin,62832 3871,Jackson,12,0,NA,0,0,NA,NA
tcse jonesboro grade sch,309 Cook Ave,Jonesboro,62952 1118,Jackson,12,0,NA,0,0,NA,NA
tcse mcelvain ec,593 Ava Rd,Murphysboro,62966 4267,Jackson,12,0,NA,0,0,NA,NA
tcse murphysboro hs,50 Blackwood Dr,Murphysboro,62966 2937,Jackson,12,0,NA,0,0,NA,NA
tcse unity point elem,4033 S Illinois Ave,Carbondale,62903 8375,Jackson,12,0,NA,0,0,NA,NA
technology center of dupage,301 S Swift Rd,Addison,60101 1495,Dupage,NA,0,NA,0,0,NA,NA
tefft middle school,1100 Shirley Ave,Streamwood,60107 3068,Kane,03,1,NA,0,0,NA,NA
telpochcalli elem school,2832 W 24th Blvd,Chicago,60623 3524,Cook,04,1,1,4,1,3,0.75
terrace elem school,735 S Westgate Rd,Des Plaines,60016 2951,Cook,08,1,1,0,0,NA,NA
terrace school d hh ec program,735 S Westgate Rd,Des Plaines,60016 2951,Cook,08,0,NA,0,0,NA,NA
teutopolis grade school,309 E Main St,Teutopolis,62467 1314,Effingham,12,1,NA,0,0,NA,NA
teutopolis high school,801 W Main St,Teutopolis,62467 1271,Effingham,12,1,NA,0,0,NA,NA
teutopolis junior high school,904 W Water St,Teutopolis,62467 1050,Effingham,12,1,NA,0,0,NA,NA
thayer j hill middle school,1836 Brookdale Rd,Naperville,60563 2013,Dupage,11,1,1,2,1,1,0.5
the academy at forest view,2121 S Goebbert Rd,Arlington Heights,60005 4205,Cook,08,1,1,0,0,NA,NA
the cove career center,1370 Meadow Road,Northbrook,60062,Cook County,NA,1,1,0,0,NA,NA
the cove school,350 Lee Road,Northbrook,60062,Cook County,NA,1,1,0,0,NA,NA
the district 54 early learning center,520 E Schaumburg Rd,Schaumburg,60194 3510,Cook,08,1,1,0,0,NA,NA
the earlville early learning center,415 W Union St,Earlville,60518 0539,La Salle,14,1,NA,0,0,NA,NA
the early learning center,1900 W Lonnquist Blvd,Mt Prospect,60056 3536,Cook,05,1,1,0,0,NA,NA
the early years,516 Jordan St,Jacksonville,62650 1997,Morgan,15,1,1,0,0,NA,NA
the elise ford allen academy,1704 W Aiken Ave,Peoria,61605 1701,Peoria,17,1,1,2,1,2,1
the joseph sears school,542 Abbotsford Rd,Kenilworth,60043 1161,Cook,10,1,1,3,1,2,0.666666666666667
the lafayette academy,409 Hardin Ave Fl 3,Jacksonville,62650,N/A,NA,1,NA,0,0,NA,NA
the lane elem school,500 N Elm St,Hinsdale,60521 3519,Dupage,04,1,1,0,0,NA,NA
the skokie school,520 Glendale Ave,Winnetka,60093 2135,Cook,10,1,NA,0,0,NA,NA
the wheatlands elementary school,2290 Barrington Dr,Aurora,60503 6276,Kendall,14,1,1,0,0,NA,NA
theodore roosevelt elem school,1001 S Fairview Ave,Park Ridge,60068 4712,Cook,05,1,1,0,0,NA,NA
thomas dempsey therapeutic school,1261 IL-38,Nachusa,61057,Lee,NA,1,NA,0,0,NA,NA
thomas dooley elem school,622 Norwood Ln,Schaumburg,60193 2640,Cook,08,1,1,0,0,NA,NA
thomas early childhood center,3625 S Hoyne Ave,Chicago,60609 1147,Cook,04,1,1,0,0,NA,NA
thomas edison elem school,8200 Gross Point Rd,Morton Grove,60053 3534,Cook,09,1,1,0,0,NA,NA
thomas elementary school,1025 N Wall St,Carbondale,62901 1737,Jackson,12,1,1,1,1,1,1
thomas j dempsey school,1261 Illinois 38,Nachusa,61057,Lee County,NA,1,1,0,0,NA,NA
thomas jefferson elem sch,1900 Oxford Way,Joliet,60431 7900,Will,14,1,1,6,1,2,0.333333333333333
thomas jefferson elem school,3805 Winston Dr,Hoffman Estates,60192 1851,Cook,NA,1,NA,0,0,NA,NA
thomas jefferson elem school,1307 4th St W,Milan,61264 3012,Rock Island,17,1,1,0,0,NA,NA
thomas jefferson elem school,2651 Glenwood Ave,Joliet,60435 5239,Will,14,1,NA,0,0,NA,NA
thomas jefferson jr high school,7200 Janes Ave,Woodridge,60517 2318,Dupage,11,1,NA,0,0,NA,NA
thomas kelly college preparatory,4136 S California Ave,Chicago,60632 1817,Cook,04,1,1,3,1,3,1
thomas metcalf school,Isu Campus Box 7000,Normal,61790 0001,State Of Illinois,17,1,1,0,0,NA,NA
thomas metcalf school,Isu Campus Box 7000,Normal,61790 0001,State Of Illinois,17,1,NA,0,0,NA,NA
thomas middle school,1430 N Belmont Ave,Arlington Heights,60004 4832,Cook,05,1,1,1,1,1,1
thomas paine elem school,1801 James Cherry Dr,Urbana,61802 5584,Champaign,13,1,NA,0,0,NA,NA
thomas s baldwin elementary school,3000 Maine St,Quincy,62301 4417,Adams,15,1,1,1,1,0,0
thomasboro grade school,201 N Phillips St,Thomasboro,61878 9784,Champaign,15,1,1,0,0,NA,NA
thome ed school,500 E 5th St,Rock Falls,61071 1804,Whiteside,17,1,NA,0,0,NA,NA
thompson instructional center,1020 Rowell Ave,Joliet,60433 2812,Will,14,1,NA,0,0,NA,NA
thompson jr high school,440 Boulder Hill Pass,Oswego,60543 8334,Kendall,14,1,1,0,0,NA,NA
thompson middle school,705 W Main St,Saint Charles,60174 1763,Kane,11,1,1,0,0,NA,NA
thompsonville grade school,21191 Shawneetown Rd,Thompsonville,62890 1035,Franklin,12,1,NA,0,0,NA,NA
thompsonville high school,21191 Shawneetown Rd,Thompsonville,62890 1035,Franklin,12,1,NA,0,0,NA,NA
thornridge high school,15000 Cottage Grove Ave,Dolton,60419 2738,Cook,02,1,1,2,1,1,0.5
thornton fractnl no high school,755 Pulaski Rd,Calumet City,60409 4030,Cook,02,1,1,0,0,NA,NA
thornton fractnl so high school,18500 Burnham Ave,Lansing,60438 3046,Cook,02,1,NA,0,0,NA,NA
thornton township high school,15001 Broadway Ave,Harvey,60426 2272,Cook,02,1,NA,0,0,NA,NA
thornwood high school,17101 S Park Ave,South Holland,60473 3484,Cook,02,1,1,4,1,4,1
thorp j n elem school,8914 S Buffalo Ave,Chicago,60617 3416,Cook,02,1,1,0,0,NA,NA
thorp o a elem scholastic acad,6024 W Warwick Ave,Chicago,60634 2554,Cook,03,1,1,2,1,2,1
three oaks school,1514 3 Oaks Rd,Cary,60013 6100,McHenry,09,1,1,0,0,NA,NA
three rivers efe system,1215 Houbolt Rd,Joliet,60431 8938,Will,NA,0,NA,0,0,NA,NA
three rivers school,24150 S Ford Rd,Channahon,60410 5045,Will,01,1,1,0,0,NA,NA
thurgood marshall elem school,2501 Oak St,Bellwood,60104 1537,Cook,07,1,1,0,0,NA,NA
thurgood marshall elementary,4704 N Rockton Ave,Rockford,61103 1529,Winnebago,16,1,NA,0,0,NA,NA
thurgood marshall learning ctr,600 11th Ave,Rock Island,61201 2316,Rock Island,17,1,1,0,0,NA,NA
thurgood marshall school,4664 N Rockton Ave,Rockford,61103 1528,Winnebago,16,1,NA,0,0,NA,NA
tilden career communty academy hs,4747 S Union Ave,Chicago,60609 4437,Cook,07,1,1,0,0,NA,NA
till elem math and science academy,6543 S Champlain Ave,Chicago,60637 3441,Cook,01,1,1,0,0,NA,NA
tilton elem school,223 N Keeler Ave,Chicago,60624 2209,Cook,07,1,1,0,0,NA,NA
tilton elem school,1050 N 9th St,Rochelle,61068 1463,Ogle,16,1,1,0,0,NA,NA
timber ridge middle school,2101 S Bronk Rd,Plainfield,60586 6946,Will,14,1,1,12,1,10,0.833333333333333
timber ridge school,201 S Evanston Ave,Arlington Heights,60004 6832,Cook,05,0,NA,0,0,NA,NA
timber trails elementary school,1675 McDonough Rd,Hoffman Estates,60192 4616,Kane,08,1,NA,0,0,NA,NA
tinley park high school,6111 175th St,Tinley Park,60477 3018,Cook,01,1,1,0,0,NA,NA
tioga elementary school,212 W Memorial Rd,Bensenville,60106 2692,Dupage,03,1,1,1,1,1,1
tlc humboldt,306 Adams St,Humboldt,61931,NA,NA,1,NA,0,0,NA,NA
tlc kansas,101 Catherine St,Kansas,61933,NA,NA,1,NA,0,0,NA,NA
todd hall elem school,3925 W Lunt Ave,Lincolnwood,60712 2548,Cook,09,1,NA,0,0,NA,NA
tonica grade school,535 N 1981st Rd,Tonica,61370 9660,La Salle,16,1,NA,0,0,NA,NA
tonti elem school,1326 West 14th Place 2nd floor,Chicago,60680,Cook,NA,1,1,0,0,NA,NA
towanda elem school,304 S East St,Towanda,61776 0260,McLean,16,1,NA,0,0,NA,NA
transition,14535 John Humphrey Dr,Orland Park,60462 6210,Cook,06,0,NA,0,0,NA,NA
transition,201 W Hawthorn Pkwy,Vernon Hills,60061 1430,Lake,10,0,1,0,0,NA,NA
transition learning center,6 S Addison St,Bensenville,60106 2126,Dupage,03,1,1,0,0,NA,NA
transition learning center,6 S Addison St,Bensenville,60106 2126,Dupage,03,0,NA,0,0,NA,NA
transition learning center of grundy county,1499 Lakewood Dr,Morris,60450 1709,Grundy,16,0,NA,0,0,NA,NA
transition pathways high school,904B South Milwaukee Avenue,Libertyville,60048,Lake County,NA,NA,1,0,0,NA,NA
transition program,2900 Ogden Ave,Lisle,60532 1631,Dupage,11,0,NA,0,0,NA,NA
transitional employment program,14535 John Humphrey Dr,Orland Park,60462 6210,Cook,06,0,NA,0,0,NA,NA
traughber jr high school,570 Colchester Dr,Oswego,60543 5208,Kendall,14,1,1,0,0,NA,NA
treatment and learning center,5837 Park Dr Ste 1,Kansas,61933 0259,Coles,15,0,NA,0,0,NA,NA
treatment and learning center h,5837 Park Dr Ste 1,Humboldt,61931 0097,Coles,15,0,NA,0,0,NA,NA
tremont elem school,200 S James St,Tremont,61568 1208,Tazewell,16,1,NA,0,0,NA,NA
tremont high school,400 W Pearl St,Tremont,61568 8500,Tazewell,16,1,NA,0,0,NA,NA
tremont middle school,400 W Pearl St,Tremont,61568 8500,Tazewell,16,1,NA,0,0,NA,NA
trenton elem school,315 N. Main St.,Trenton,62293 1244,Clinton,12,1,1,0,0,NA,NA
trewyn primary school,1419 S Folkers Ave,Peoria,61605 1391,Peoria,17,1,1,0,0,NA,NA
tri point elementary school,101 Main St,Kempton,60946 0128,Livingston,02,1,1,0,0,NA,NA
tri c elementary school,1405 W Grand Ave,Carterville,62918 2303,Williamson,12,1,NA,0,0,NA,NA
tri city elem school,324 W Charles St,Buffalo,62515 6267,Sangamon,13,1,NA,0,0,NA,NA
tri city high school,324 W Charles St,Buffalo,62515 6267,Sangamon,13,1,NA,0,0,NA,NA
tri city jr high school,324 W Charles St,Buffalo,62515 6267,Sangamon,13,1,NA,0,0,NA,NA
tri county center,1725 Shomaker Dr,Murphysboro,62966 2507,Jackson,12,0,NA,0,0,NA,NA
tri county south choate,805 N 16Th St,Anna,62906 0379,Jackson,12,0,NA,0,0,NA,NA
tri county ward,120 E Spring St,Du Quoin,62832 1762,Jackson,12,0,NA,0,0,NA,NA
tri point high school,101 E Van Alstyne St,Cullom,60929 0316,Livingston,02,1,NA,0,0,NA,NA
tri point jr high elementary,519 S Margaret Ave,Piper City,60959 0158,Livingston,02,1,NA,0,0,NA,NA
tri valley elem school,409 E Washington St,Downs,61736 9380,McLean,16,1,1,0,0,NA,NA
tri valley high school,503 E Washington St,Downs,61736 9331,McLean,16,1,1,0,0,NA,NA
tri valley middle school,505 E Washington St,Downs,61736 9331,McLean,16,1,1,1,1,0,0
triad high school,703 E US Highway 40,Troy,62294 2210,Madison,15,1,NA,0,0,NA,NA
triad middle school,9539 US Highway 40,Saint Jacob,62281 1309,Madison,15,1,NA,0,0,NA,NA
trico elementary school,16343 Highway 4,Campbell Hill,62916 0305,Jackson,12,1,1,0,0,NA,NA
trico jr high school,16533 Highway 4,Campbell Hill,62916 0335,Jackson,12,1,1,0,0,NA,NA
trico senior high school,16533 Highway 4,Campbell Hill,62916 0336,Jackson,12,1,1,0,0,NA,NA
trinity school,331 George St,West Chicago,60185 3118,Dupage,NA,1,NA,0,0,NA,NA
triopia grade school,2206 Concord Arenzville Rd,Concord,62631 5017,Morgan,15,1,NA,0,0,NA,NA
triopia jr sr high school,2204 Concord Arenzville Rd,Concord,62631 5017,Morgan,15,1,NA,0,0,NA,NA
tripp school,850 Highland Grove Dr,Buffalo Grove,60089 1549,Lake,10,1,1,0,0,NA,NA
tristar acad safe sch program,1901 S 4Th St Ste 215,Effingham,62401 4188,N/A,NA,0,NA,0,0,NA,NA
troy craughwell school,3333 Black Rd,Joliet,60431 2803,Will,14,1,NA,0,0,NA,NA
troy cronin elem school,210 E Black Rd,Shorewood,60404 8500,Will,14,1,NA,0,0,NA,NA
troy heritage trail school,3389 Longford Dr,Joliet,60431 9018,Will,14,1,NA,0,0,NA,NA
troy hofer elem sch,910 Vertin Blvd,Shorewood,60404 7236,Will,14,1,NA,0,0,NA,NA
troy middle school,5800 Theodore Dr,Plainfield,60586 5269,Will,14,1,NA,0,0,NA,NA
troy shorewood school,210 School Rd,Shorewood,60404 9397,Will,14,1,1,0,0,NA,NA
truenorth transition program,760 Red Oak Lane,Highland Park,60035,Lake County,NA,1,1,0,0,NA,NA
truenorth transition program,760 Red Oak Ln,Highland Park,60035 3816,Lake,NA,1,NA,0,0,NA,NA
turner elem school,3847 W 135Th St,Crestwood,60418 3048,Cook,01,1,1,0,0,NA,NA
turner elem school,750 Ingalton Ave,West Chicago,60185 2090,Dupage,03,1,NA,0,0,NA,NA
turner drew elem language academy,9300 S Princeton Ave,Chicago,60620 1514,Cook,01,1,1,0,0,NA,NA
tuscola high school,500 S Prairie St,Tuscola,61953 1771,Douglas,15,1,1,0,0,NA,NA
twain elem school,5134 S Lotus Ave,Chicago,60638 1630,Cook,04,1,1,0,0,NA,NA
twin echo elem school,1937 S Morrison Ave,Collinsville,62234 1515,Madison,13,1,NA,0,0,NA,NA
twin groves middle school,2600 N Buffalo Grove Rd,Buffalo Grove,60089 8023,Lake,09,1,1,0,0,NA,NA
twin rivers career and tech ed sys,11220 State Highway 1,Robinson,62454 5707,NA,NA,0,NA,0,0,NA,NA
two rivers career educ system,651 S Morgan St Rm 119,Virginia,62691 1547,Cass,NA,0,NA,0,0,NA,NA
tyler elementary school,1021 Alden Circle,De Kalb,60115 4398,Dekalb,14,1,1,0,0,NA,NA
u s grant elem school,2712 Miller Ave,South Chicago Heights,60411 4742,Cook,02,1,NA,0,0,NA,NA
u s grant middle school,1800 W Monroe St,Springfield,62704 1529,Sangamon,13,1,1,0,0,NA,NA
ucan south,1551 S 95th Street,Chicago,60643,NA,NA,1,NA,0,0,NA,NA
ucan academy grand,3110 W Grand Avenue,Chicago,60622,NA,NA,1,NA,0,0,NA,NA
ulysses s grant intermediate sch,816 E Grant Hwy,Marengo,60152 3400,McHenry,11,1,1,0,0,NA,NA
union elem school,20 S 27th St,Belleville,62226 6724,Saint Clair,13,1,NA,0,0,NA,NA
union elementary school,1661 Cherry Hill Rd,Joliet,60433 8508,Will,14,1,1,0,0,NA,NA
union ridge elem school,4600 N Oak Park Ave,Harwood Heights,60706 4823,Cook,05,1,NA,0,0,NA,NA
united elem sch north,411 W Hunt Ave,Alexis,61412 8902,Warren,17,1,1,0,0,NA,NA
united elem sch west,2140 State Highway 135,Monmouth,61462 8905,Warren,15,1,1,0,0,NA,NA
united high school,1905 100th St,Monmouth,61462 9221,Warren,NA,1,1,0,0,NA,NA
united jr high sch,2140 State Highway 135,Monmouth,61462 8905,Warren,NA,1,1,0,0,NA,NA
united twp area career ctr,1275 Avenue of The Cities,East Moline,61244 4145,Rock Island,NA,0,NA,0,0,NA,NA
united twp high school,1275 Avenue of The Cities,East Moline,61244 4145,Rock Island,17,1,1,46,1,41,0.891304347826087
unity east,1638 County Road 1000 N,Philo,61864 9710,Champaign,15,1,1,0,0,NA,NA
unity elem school,6846 Unity School Rd,Brookport,62910 2022,Massac,12,1,NA,0,0,NA,NA
unity elementary school,136 W Washington St,Mendon,62351 1223,Adams,15,1,1,0,0,NA,NA
unity high school,453 W Collins St,Mendon,62351 0200,Adams,15,1,1,0,0,NA,NA
unity high school,1127 County Road 800 N,Tolono,61880 9300,Champaign,15,1,1,0,0,NA,NA
unity jr high school,1121 County Road 800 N,Tolono,61880 9300,Champaign,15,1,1,0,0,NA,NA
unity jr high school,2115 S 54th Ave,Cicero,60804 2209,Cook,04,1,1,3,1,1,0.333333333333333
unity middle school,453 W Collins St,Mendon,62351 0200,Adams,15,1,1,1,1,1,1
unity point elem school,4033 S Illinois Ave,Carbondale,62903 8375,Jackson,12,1,NA,0,0,NA,NA
unity west,1035 County Road 600 N,Tolono,61880 9738,Champaign,15,1,1,7,1,6,0.857142857142857
univ of chicago chtr donoghue,707 E 37th St,Chicago,60653 1406,Cook,01,1,1,8,1,8,1
univ of chicago chtr nth kenwood,1119 E 46th St,Chicago,60653 4403,Cook,02,1,1,0,0,NA,NA
univ of chicago chtr woodlawn,6300 S University Ave,Chicago,60637 2719,Cook,01,1,1,1,1,1,1
university high school,Isu Campus Box 5300,Normal,61790 5300,State Of Illinois,17,1,1,0,0,NA,NA
university high school,Isu Campus Box 5300,Normal,61790 5300,State Of Illinois,17,1,NA,0,0,NA,NA
university of ill lab school,1212 W Springfield Ave,Urbana,61801 2909,Champaign,NA,0,NA,0,0,NA,NA
university of illinois high sch,1212 W Springfield Ave,Urbana,61801 2909,State Of Illinois,13,1,NA,0,0,NA,NA
uplift community high school,900 W Wilson Ave,Chicago,60640 5707,Cook,09,1,1,0,0,NA,NA
urban prep charter acad for young men downtown campus,425 S Wabash Ave,Chicago,60605 1208,NA,NA,0,NA,0,0,NA,NA
urban prep chtr acad bronzeville hs,521 E 35th St,Chicago,60616 3889,Cook,01,1,1,0,0,NA,NA
urban prep chtr acad englewood hs,6201 S Stewart Ave,Chicago,60621 3247,Cook,07,1,1,0,0,NA,NA
urbana early childhood ctr,2202 E Washington St,Urbana,61802 4814,Champaign,13,1,NA,0,0,NA,NA
urbana gerber school,1301 N Cunnigham Ave,Urbana,61801,Champaign,13,1,NA,0,0,NA,NA
urbana high school,1002 S Race St,Urbana,61801 4957,Champaign,13,1,NA,0,0,NA,NA
urbana middle school,1201 S Vine St,Urbana,61801 5016,Champaign,13,1,NA,0,0,NA,NA
v blanche graham elementary,2315 High Meadow Rd,Naperville,60564 4319,Dupage,14,1,1,0,0,NA,NA
v h nelson elem school,8901 N Ozanam Ave,Niles,60714 1711,Cook,09,1,NA,2,1,2,1
v i t elementary school,1502 E US Highway 136,Table Grove,61482 9612,Fulton,15,1,NA,0,0,NA,NA
v i t jr high school,1500 E US Highway 136,Table Grove,61482 9612,Fulton,15,1,NA,0,0,NA,NA
v i t sr high school,1500 E US Highway 136,Table Grove,61482 9612,Fulton,15,1,NA,0,0,NA,NA
valeska hinton early ch ed ctr,800 W Romeo B Garrett Ave,Peoria,61605 2207,Peoria,17,1,1,0,0,NA,NA
valley educ for employ system,RR 47 Waubonsee,Sugar Grove,60554 9454,NA,NA,0,NA,0,0,NA,NA
valley view elem school,6515 W IL Route 120,Mchenry,60050 7450,McHenry,10,1,1,0,0,NA,NA
valmeyer elementary school,300 S Cedar Bluff Dr,Valmeyer,62295 3133,Monroe,12,1,NA,0,0,NA,NA
valmeyer high school,300 S Cedar Bluff Dr,Valmeyer,62295 3133,Monroe,12,1,NA,0,0,NA,NA
valmeyer jr high,300 S Cedar Bluff Dr,Valmeyer,62295 3133,Monroe,12,1,NA,0,0,NA,NA
vandalia community high school,1109 N 8th St,Vandalia,62471 1240,Fayette,15,1,1,0,0,NA,NA
vandalia elementary school,1017 W Fletcher St,Vandalia,62471 1007,Fayette,15,1,1,1,1,0,0
vandalia junior high school,1011 W Fletcher St,Vandalia,62471 1007,Fayette,15,1,1,0,0,NA,NA
vanderpoel elem magnet school,9510 S Prospect Ave,Chicago,60643 1296,Cook,01,1,1,2,1,1,0.5
vanguard school,2121 S Goebbert Rd,Arlington Heights,60005 4205,Cook,08,1,1,0,0,NA,NA
vaughn occupational high school,4355 N Linder Ave,Chicago,60641 1322,Cook,03,1,1,1,1,1,1
venice elem school,544 Niedringhaus Ave,Granite City,62040 1839,Madison,13,1,NA,0,0,NA,NA
verda dierzen early learning ctr,2045 N Seminary Ave,Woodstock,60098 2643,McHenry,11,1,NA,0,0,NA,NA
vermilion co detention center,150 Sager St,Danville,61832 6381,Vermilion,02,0,NA,0,0,NA,NA
vermilion roe,200 S College St Ste B,Danville,61832 6744,N/A,NA,0,NA,0,0,NA,NA
vermilion voc ed deliver system,2000 E Main 110 LH,Danville,61832 5176,Vermilion,NA,0,NA,0,0,NA,NA
vernon hills high school,145 Lakeview Pkwy,Vernon Hills,60061 1566,Lake,10,1,1,0,0,NA,NA
vernon l barkstall elementary sch,2201 Hallbeck Dr,Champaign,61822 9653,Champaign,13,1,1,0,0,NA,NA
veterans memorial middle sch,12320 Greenwood Ave,Blue Island,60406 1558,Cook,01,1,NA,0,0,NA,NA
vick early childhood and family ctr,2554 W 113th St,Chicago,60655 1430,Cook,06,1,1,0,0,NA,NA
victor j andrew high school,9001 171st St,Orland Hills,60487 6185,Cook,06,1,1,12,1,10,0.833333333333333
vienna elem school dist 55,310 N 3rd St,Vienna,62995 0427,Johnson,12,1,1,0,0,NA,NA
vienna high school,601 N 1st St,Vienna,62995 1603,Johnson,12,1,NA,0,0,NA,NA
viking school,4460 Old Grand Ave,Gurnee,60031 2620,Lake,10,1,1,0,0,NA,NA
villa grove elem school,400 N Sycamore St,Villa Grove,61956 9771,Douglas,15,1,1,0,0,NA,NA
villa grove high school,400 N Sycamore St,Villa Grove,61956 9771,Douglas,15,1,1,0,0,NA,NA
villa grove jr high school,400 N Sycamore St,Villa Grove,61956 9771,Douglas,15,1,1,0,0,NA,NA
village elementary school,880 W Nippersink Rd,Round Lake,60073 3701,Lake,10,1,1,0,0,NA,NA
virgil i grissom middle school,17000 80th Ave,Tinley Park,60477 7806,Cook,06,1,1,1,1,0,0
virginia elem school,651 S Morgan St,Virginia,62691 1547,Cass,15,1,NA,0,0,NA,NA
virginia jr sr high school,651 S Morgan St,Virginia,62691 1547,Cass,15,1,NA,0,0,NA,NA
virginia lake elem school,925 N Glenn Dr,Palatine,60074 7189,Cook,05,1,NA,0,0,NA,NA
visually impaired programs,2900 Ogden Ave,Lisle,60532 1631,Dupage,11,0,NA,0,0,NA,NA
vivian adams early child ctr,501 Katherine Dunham Pl,East Saint Louis,62201 1934,Saint Clair,13,1,NA,0,0,NA,NA
volta elem school,4950 N Avers Ave,Chicago,60625 6011,Cook,03,1,1,1,1,1,1
von steuben metro science hs,5039 N Kimball Ave,Chicago,60625 4905,Cook,03,1,1,2,1,2,1
von steuben middle school,801 E Forrest Hill Ave,Peoria,61603 1341,Peoria,17,1,1,0,0,NA,NA
w a johnson sch,252 Ridgewood Ave,Bensenville,60106 2316,Dupage,03,1,1,0,0,NA,NA
w c petty elementary school,850 Highview Dr,Antioch,60002 1141,Lake,10,1,1,0,0,NA,NA
w j murphy elem school,220 Greenwood Dr,Round Lake Park,60073 3444,Lake,10,1,1,0,0,NA,NA
w j zahnow elem school,301 Hamacher St,Waterloo,62298 1526,Monroe,12,1,NA,0,0,NA,NA
w s beaupre elem school,954 E Benton St,Aurora,60505 3704,Kane,14,1,NA,0,0,NA,NA
w w walker elem school,7735 W 66th Pl,Bedford Park,60501 1903,Cook,06,1,1,0,0,NA,NA
w w woodbury elem school,322 E 3rd St,Sandwich,60548 1677,Dekalb,14,1,NA,0,0,NA,NA
wacker elem school,9746 S Morgan St,Chicago,60643 1541,Cook,01,1,1,0,0,NA,NA
wadsworth elem school,6650 S Ellis Ave,Chicago,60637 4216,Cook,01,1,1,0,0,NA,NA
wagoner elem,1831 215th Pl,Sauk Village,60411 4405,Cook,02,1,1,0,0,NA,NA
walden elem school,630 Essex Ct,Deerfield,60015 2367,Lake,10,1,1,1,1,0,0
walker elem school,3601 Church St,Evanston,60203 1605,Cook,09,1,NA,0,0,NA,NA
walker intermediate school,19900 80th Ave,Tinley Park,60487 3631,Will,01,1,1,0,0,NA,NA
walker school,120 Walker Ave,Clarendon Hills,60514 1349,Dupage,06,1,1,1,1,0,0
walkers grove elementary school,24810 W 135th St,Plainfield,60544 7931,Will,14,1,1,0,0,NA,NA
wallace elem school,1463 N 33rd Rd,Ottawa,61350 9622,La Salle,14,1,NA,0,0,NA,NA
wallin oaks elementary school,15410 S Wallin Dr,Plainfield,60544 2510,Will,14,1,1,1,1,0,0
walnut trails elem school,301 Wynstone Dr,Shorewood,60404 5319,Grundy,14,1,1,0,0,NA,NA
walsh elem school,2015 S Peoria St,Chicago,60608 3432,Cook,04,1,1,2,1,0,0
walsh elem school,514 Macgregor Rd,Lockport,60441 2759,Will,01,1,1,0,0,NA,NA
walsh elem school,5640 S 75th Ave,Summit,60501 1346,Cook,04,1,NA,0,0,NA,NA
walt whitman elem school,133 Wille Ave,Wheeling,60090 3127,Cook,10,1,1,0,0,NA,NA
walter f fierke ed center,6535 Victoria Dr,Oak Forest,60452 2659,Cook,06,1,NA,0,0,NA,NA
walter henri dyett high school for the arts,555 E 51st St,Chicago,60615,Cook,01,1,1,0,0,NA,NA
walter r sundling jr high sch,1100 N Smith St,Palatine,60067 2606,Cook,NA,1,NA,7,1,5,0.714285714285714
waltham elementary school,2902 N Il Route 178,Utica,61373 9717,La Salle,14,1,NA,0,0,NA,NA
waltonville grade school,802 W Knob St,Waltonville,62894 2812,Jefferson,12,1,NA,0,0,NA,NA
waltonville high school,804 W Knob St,Waltonville,62894 2812,Jefferson,12,1,NA,0,0,NA,NA
wanda kendall elem school,535 E Porter Ave,Watseka,60970 1763,Iroquois,02,1,1,0,0,NA,NA
ward j elem school,2701 S Shields Ave,Chicago,60616 2624,Cook,07,1,1,1,1,0,0
ward l elem school,646 N Lawndale Ave,Chicago,60624 1254,Cook,07,1,1,3,1,3,1
warren elem school,9239 S Jeffery Ave,Chicago,60617 3795,Cook,01,1,1,0,0,NA,NA
warren elementary school,311 S Water St,Warren,61087 9360,Jo Daviess,16,1,NA,0,0,NA,NA
warren jr sr high school,311 S Water St,Warren,61087 9360,Jo Daviess,16,1,NA,0,0,NA,NA
warren park school,1225 S 60th Ct,Cicero,60804 1006,Cook,04,1,1,2,1,2,1
warren township high school,34090 N Almond Rd,Gurnee,60031 5310,Lake,10,1,NA,0,0,NA,NA
warrensburg latham elem sch,100 N West St,Warrensburg,62573 9786,Macon,13,1,1,2,1,1,0.5
warrensburg latham high school,427 W North St,Warrensburg,62573 9799,Macon,13,1,1,4,1,4,1
warrensburg latham middle sch,425 W North St,Warrensburg,62573 9785,Macon,13,1,1,1,1,1,1
warsaw elem school,340 S 11th St,Warsaw,62379 1431,Hancock,15,1,1,0,0,NA,NA
warsaw sr high school,340 S 11th St,Warsaw,62379 1431,Hancock,15,1,1,0,0,NA,NA
wasco elem school,4N782 School St,Wasco,60183 0083,Kane,11,1,1,0,0,NA,NA
washington academy,1031 5th Ave,Belvidere,61008 5139,Boone,11,1,1,0,0,NA,NA
washington attendance center,205 W Main St,Carmi,62821 1485,White,12,1,1,2,1,2,1
washington comm high school,115 Bondurant St,Washington,61571 2448,Tazewell,16,1,1,1,1,1,1
washington dual language academy,1111 Washington Blvd,Maywood,60153 1559,Cook,07,1,1,0,0,NA,NA
washington early learning academy,122 S Garfield Ave,Mundelein,60060 2769,Lake,NA,1,1,0,0,NA,NA
washington elem school,606 E Grove St,Champaign,61820 3241,Champaign,13,1,1,6,1,5,0.833333333333333
washington elem school,200 Sherman St,Pana,62557 0377,Christian,NA,1,1,0,0,NA,NA
washington elem school,2710 Golf Rd,Glenview,60025 4669,Cook,09,1,1,0,0,NA,NA
washington elem school,914 Ashland Ave,Evanston,60202 1606,Cook,09,1,1,0,0,NA,NA
washington elem school,4835 Michigan Ave,Schiller Park,60176 1111,Cook,05,1,NA,0,0,NA,NA
washington elem school,13900 S School St,Riverdale,60827 1925,Cook,02,1,NA,2,1,0,0
washington elem school,507 W Condit St,Robinson,62454 1962,Crawford,12,1,1,0,0,NA,NA
washington elem school,819 W Chicago St,Elgin,60123 6243,Kane,08,1,NA,0,0,NA,NA
washington elem school,212 W Walnut St,Oglesby,61348 1449,La Salle,14,1,1,0,0,NA,NA
washington elem school,110 S Orchard Ave,Waukegan,60085 5049,Lake,10,1,1,0,0,NA,NA
washington elem school,703 E Morgan St,Dixon,61021 2257,Lee,16,1,1,0,0,NA,NA
washington elem school,400 N Morrow St,Pontiac,61764 1496,Livingston,02,1,1,0,0,NA,NA
washington elem school,210 E Saint Louis Ave,East Alton,62024 1455,Madison,13,1,1,0,0,NA,NA
washington elem school,305 S Hutchinson St,Harvard,60033 2718,McHenry,16,1,1,0,0,NA,NA
washington elem school,1201 E Washington St,Bloomington,61701 4243,McLean,17,1,1,0,0,NA,NA
washington elem school,524 S Kosciusko St,Jacksonville,62650 2865,Morgan,15,1,1,0,0,NA,NA
washington elem school,100 Buchanan St,Rushville,62681 1588,Schuyler,15,1,NA,0,0,NA,NA
washington elem school,815 W Le Fevre Rd,Sterling,61081 1000,Whiteside,17,1,1,0,0,NA,NA
washington elem school,420 E Main St,Marion,62959 2669,Williamson,12,1,NA,0,0,NA,NA
washington elementary school,911 Bridle Ln,Wheaton,60187 3208,Dupage,03,1,1,1,1,1,1
washington elementary school,1421 West St,Rockford,61102 3232,Winnebago,17,1,NA,0,0,NA,NA
washington g elem school,3611 E 114th St,Chicago,60617 7498,Cook,02,1,1,1,1,0,0
washington g high school,3535 E 114th St,Chicago,60617 7021,Cook,02,1,1,0,0,NA,NA
washington h elem school,9130 S University Ave,Chicago,60619 7922,Cook,01,1,1,0,0,NA,NA
washington intermediate school,501 Washington St,Pekin,61554 4287,Tazewell,16,1,NA,0,0,NA,NA
washington jr high and academy prgm,402 Richards St,Joliet,60433 2218,Will,14,1,1,0,0,NA,NA
washington jr high school,201 N Washington St,Naperville,60540 4513,Dupage,11,1,1,0,0,NA,NA
washington jr high school,3300 18th Ave,Rock Island,61201 2946,Rock Island,17,1,1,4,1,3,0.75
washington junior high,13900 S School St,Riverdale,60827 1925,Cook,02,1,1,4,1,4,1
washington middle school,8101 Ogden Ave,Lyons,60534 1700,Cook,04,1,1,1,1,1,1
washington middle school,231 S Constitution Dr,Aurora,60506 4468,Kane,11,1,1,2,1,1,0.5
washington middle school,2300 E Jackson St,Springfield,62703 1545,Sangamon,13,1,1,0,0,NA,NA
washington middle school,1100 N Main St,Washington,61571 1304,Tazewell,16,1,1,0,0,NA,NA
washington middle school,100 E 12th St,Johnston City,62951 1513,Williamson,12,1,1,3,1,1,0.333333333333333
washington school,3 Sage Dr,Monticello,61856 1813,Piatt,13,1,NA,0,0,NA,NA
washington school,400 S Charles St,Belleville,62220 2243,Saint Clair,13,1,1,0,0,NA,NA
washington mckinley elem sch,25 W 16th Pl,Chicago Heights,60411 3475,Cook,02,1,NA,0,0,NA,NA
washington monroe elem school,1002 Pekin St,Lincoln,62656 2915,Logan,15,1,1,0,0,NA,NA
waterbury elem school,355 Rodenburg Rd,Roselle,60172 1646,Dupage,08,1,1,0,0,NA,NA
waterloo high school,505 E Bulldog,Waterloo,62298 0130,Monroe,12,1,NA,0,0,NA,NA
waterloo junior high school,200 Bellefontaine Dr,Waterloo,62298 1511,Monroe,12,1,NA,0,0,NA,NA
waters elem school,4540 N Campbell Ave,Chicago,60625 3006,Cook,05,1,1,2,1,2,1
watseka comm high school,138 S Belmont Ave,Watseka,60970 1709,Iroquois,02,1,1,0,0,NA,NA
watseka junior high school,138 S Belmont Ave,Watseka,60970 1709,Iroquois,02,1,1,0,0,NA,NA
waubonsie valley high school,2590 Ogden Ave,Aurora,60504 5900,Dupage,11,1,1,5,1,4,0.8
wauconda cusd 118 alop,555 N Main St,Wauconda,60084 1229,N/A,NA,0,NA,0,0,NA,NA
wauconda grade school,225 Osage St,Wauconda,60084 1746,Lake,11,1,1,0,0,NA,NA
wauconda high school,555 N Main St,Wauconda,60084 1229,Lake,11,1,1,0,0,NA,NA
wauconda middle school,217 Slocum Lake Rd,Wauconda,60084 1754,Lake,11,1,1,0,0,NA,NA
waukegan high school,1011 Washington St,Waukegan,60085 5428,Lake,10,1,1,0,0,NA,NA
waverly elementary school,499 W Elm St,Waverly,62692 1039,Morgan,15,1,NA,0,0,NA,NA
waverly junior senior high school,201 N Miller St,Waverly,62692 1041,Morgan,15,1,NA,0,0,NA,NA
wayne builta elementary school,1835 Apple Valley Rd,Bolingbrook,60490 6548,Dupage,14,1,1,0,0,NA,NA
wayne city attendance center,408 E Mill St,Wayne City,62895 0457,Wayne,12,1,NA,0,0,NA,NA
wayne city high school,408 E Mill St,Wayne City,62895 0457,Wayne,12,1,NA,0,0,NA,NA
wayne elem school,5N443 School St,Wayne,60184 2149,Kane,03,1,NA,0,0,NA,NA
wayne thomas elem school,2939 Summit Ave,Highland Park,60035 1135,Lake,10,1,1,0,0,NA,NA
wcisec ed,730 N Congress St,Rushville,62681 1030,McDonough,15,0,NA,0,0,NA,NA
wcisec hs ed,1525 S Johnson St,Macomb,61455 3261,McDonough,15,0,NA,0,0,NA,NA
wcisec hs md,403 Walnut St,Carthage,62321 1355,McDonough,15,0,NA,0,0,NA,NA
wcisec md,310 S Coal St,Colchester,62326 1209,McDonough,15,0,NA,0,0,NA,NA
wcsea black partridge pub day prog,110 Fandel Rd,Germantwn Hls,61548 9354,Woodford,16,1,NA,0,0,NA,NA
wcsea eureka intensive ece,109 W Cruger Ave,Eureka,61530 1345,Woodford,16,0,NA,0,0,NA,NA
wcsea benson,131 S Reiter St,Benson,61516,Woodford,16,0,NA,0,0,NA,NA
wcsea gh 4 8,103 Warrior Way,Germantwn Hls,61548 9108,Woodford,16,0,NA,0,0,NA,NA
wcsea lowpoint washburn,701 N Lynn St,Washburn,61570,Woodford,16,0,NA,0,0,NA,NA
wcsea mgs,815 E Chatham St,Metamora,61548 8745,Woodford,16,0,NA,0,0,NA,NA
wcsea minonk k 2,523 Johnson St,Minonk,61760 1246,Woodford,16,0,NA,0,0,NA,NA
wcsea mths 9 12,101 W Madison St,Metamora,61548,Woodford,16,0,NA,0,0,NA,NA
wcsea riverview,1421 Spring Bay Rd,East Peoria,61611 9762,Woodford,16,0,NA,0,0,NA,NA
wcsea sowers k 4,202 W High St,Roanoke,61561,Woodford,16,0,NA,0,0,NA,NA
wcsea wenona 6 8,102 W Elm St,Wenona,61377,Woodford,16,0,NA,0,0,NA,NA
wcsec intermediate instruc prgrm,11810 Old River Rd,Rockton,61072 9468,Winnebago,16,0,NA,0,0,NA,NA
wcsec primary instructional prgrm,1060 E Union St,Rockton,61072 1628,Winnebago,16,0,NA,0,0,NA,NA
webber high school,901 6Th St,Bluford,62814 1418,Jefferson,12,1,NA,0,0,NA,NA
webster elem school,4055 W Arthington St,Chicago,60624 3502,Cook,07,1,1,9,1,9,1
webster elem school,310 N Monroe St,Rushville,62681 1068,Schuyler,15,1,NA,0,0,NA,NA
webster elementary school,108 W Church St,Collinsville,62234 2725,Madison,13,1,NA,0,0,NA,NA
wegner elementary school,1180 Marcella Ln,West Chicago,60185 5050,Dupage,03,1,NA,0,0,NA,NA
wehde early childhood center,1120 Village Rd,Crystal Lake,60014 2908,NA,NA,0,NA,0,0,NA,NA
wells community academy hs,936 N Ashland Ave,Chicago,60622 5118,Cook,07,1,1,0,0,NA,NA
wells elem school,490 Avenue of The Cities,East Moline,61244 4031,Rock Island,17,1,1,0,0,NA,NA
wells elementary school,704 W North St,Grayville,62844 1338,White,12,1,1,0,0,NA,NA
wells preparatory elem academy,249 E 37th St,Chicago,60653 1001,Cook,01,1,1,2,1,2,1
wentworth elem school,1340 W 71st St,Chicago,60636 4150,Cook,07,1,1,0,0,NA,NA
wentworth intermediate school,530 Superior Ave,Calumet City,60409 3439,Cook,02,1,1,0,0,NA,NA
wentworth jr high school,560 Superior Ave,Calumet City,60409 3439,Cook,02,1,1,5,1,4,0.8
wesclin middle school,10003 State Route 160,Trenton,62293 2624,Clinton,12,1,1,0,0,NA,NA
wesclin sr high school,699 Wesclin Rd,Trenton,62293,Clinton,12,1,NA,0,0,NA,NA
wescott elementary school,1820 Western Ave,Northbrook,60062 6052,Cook,10,1,NA,0,0,NA,NA
wesley elem school,1111 W Westwood Trl,Addison,60101 2156,Dupage,03,1,NA,0,0,NA,NA
wesmere elementary school,2001 Wesmere Pkwy,Plainfield,60586 6298,Will,14,1,1,1,1,1,1
west 40 alop achievers,415 Lexington St,Maywood,60153 3271,N/A,NA,0,NA,0,0,NA,NA
west 40 high needs alternative learning program,415 Lexington St,Maywood,60153 3271,N/A,NA,1,NA,0,0,NA,NA
west 40 reg safe sch middle prg,415 Lexington St,Maywood,60153 3271,N/A,NA,0,NA,0,0,NA,NA
west 40 sr plus,415 Lexington St,Maywood,60153 3271,N/A,NA,0,NA,0,0,NA,NA
west aurora high school,1201 W New York St,Aurora,60506 3667,Kane,11,1,1,6,1,5,0.833333333333333
west aurora hs rssp,1870 W Galena Blvd,Aurora,60506 4356,N/A,NA,0,NA,0,0,NA,NA
west aurora learning center early learning academy,1870 W Galena Blvd,Aurora,60506 4356,Kane,11,1,1,0,0,NA,NA
west campus facility,160 E Chestnut St,Mason City,62664 1404,Mason,15,1,NA,0,0,NA,NA
west carroll high school,500 Cragmoor St,Savanna,61074 1632,Carroll,17,1,1,0,0,NA,NA
west carroll middle school,633 S East St,Mount Carroll,61053 1462,Carroll,17,1,1,0,0,NA,NA
west carroll primary,2215 Wacker Rd,Savanna,61074 2823,Carroll,17,1,1,0,0,NA,NA
west central early childhood,1514 Us Route 34,Biggsville,61418 5012,Henderson,15,1,NA,0,0,NA,NA
west central elementary school,1514 US Route 34,Biggsville,61418 5012,Henderson,15,1,NA,0,0,NA,NA
west central high school,1514 US Route 34,Biggsville,61418 9711,Henderson,15,1,NA,0,0,NA,NA
west central middle school,217 W South St,Stronghurst,61480 0179,Henderson,15,1,NA,0,0,NA,NA
west central regional system,219 Baldwin Dr,Quincy,62301 4430,Adams,NA,0,NA,0,0,NA,NA
west chicago community high school,326 Joliet St,West Chicago,60185 3142,Dupage,03,1,1,0,0,NA,NA
west chicago d33 elc winfield primary annex,0S150 Winfield Rd,Winfield,60190 1266,Dupage,NA,1,NA,0,0,NA,NA
west elem school,240 S Fair St,Sycamore,60178 1641,Dekalb,14,1,1,0,0,NA,NA
west elem school,100 Briarwood Dr,Crystal Lake,60014 5190,McHenry,11,1,1,0,0,NA,NA
west elementary school,2412 Jethro Ave,Zion,60099 2117,Lake,10,1,1,0,0,NA,NA
west elementary school,1513 State St,Alton,62002 3456,Madison,13,1,NA,0,0,NA,NA
west jr high school,840 Royal Heights Rd,Belleville,62226 5704,Saint Clair,13,1,NA,0,0,NA,NA
west leyden high school,1000 N Wolf Rd,Northlake,60164 1438,Cook,04,1,1,0,0,NA,NA
west lincoln broadwell elem sch,2695 Woodlawn Rd,Lincoln,62656 9632,Logan,15,1,NA,0,0,NA,NA
west middle school,1900 N Rockton Ave,Rockford,61103 4370,Winnebago,17,1,NA,0,0,NA,NA
west oak intermediate school,26156 N Acorn Ln,Mundelein,60060 4071,Lake,10,1,NA,0,0,NA,NA
west oak middle school,26156 N Acorn Ln,Mundelein,60060 4071,Lake,10,1,NA,0,0,NA,NA
west park elem academy,1425 N Tripp Ave,Chicago,60651 1829,Cook,03,1,1,9,1,8,0.888888888888889
west prairie junior high school,600 S Hun St,Colchester,62326 1133,McDonough,15,1,NA,0,0,NA,NA
west prairie north elementary school,100 N Washington St,Good Hope,61438 9165,McDonough,15,1,NA,0,0,NA,NA
west prairie senior high school,600 S Hun St,Colchester,62326 1133,McDonough,15,1,NA,0,0,NA,NA
west prairie south elementary school,310 S Coal St,Colchester,62326 1209,McDonough,15,1,NA,0,0,NA,NA
west ridge elem school,6700 N Whipple St,Chicago,60645 4123,Cook,09,1,1,5,1,4,0.8
west salem grade school,105 E School St,West Salem,62476 1114,Edwards,12,1,NA,0,0,NA,NA
west school,1010 Forestway Dr,Glencoe,60022 1049,Cook,10,1,NA,0,0,NA,NA
west side primary school,411 W Lincoln St,Harrisburg,62946 2009,Saline,12,1,NA,0,0,NA,NA
west view elem school,1720 Halsted Rd,Rockford,61103 3067,Winnebago,17,1,NA,0,0,NA,NA
westbrook early learning cntr,103 S Busse Rd,Mt Prospect,60056 2903,Cook,05,1,NA,0,0,NA,NA
westbrook elementary school,1333 Greenwood Rd,Glenview,60026 2502,Cook,09,1,1,0,0,NA,NA
westchester intermediate school,10900 Canterbury St,Westchester,60154 3457,Cook,07,1,1,0,0,NA,NA
westchester middle school,1620 Norfolk Ave,Westchester,60154 4430,Cook,07,1,1,7,1,7,1
westchester primary school,2400 Downing Ave,Westchester,60154 5102,Cook,07,1,1,0,0,NA,NA
westcott elem school,409 W 80th St,Chicago,60620 1135,Cook,01,1,1,1,1,0,0
westdale elem school,99 Diversey Ave,Northlake,60164 1401,Cook,04,1,1,0,0,NA,NA
western area career system 265,130 S Lafayette St Ste 200,Macomb,61455 2280,NA,NA,0,NA,0,0,NA,NA
western avenue elem school,940 Western Ave,Flossmoor,60422 1366,Cook,02,1,1,0,0,NA,NA
western avenue elem school,1500 Western Ave,Geneva,60134 3160,Kane,11,1,1,0,0,NA,NA
western barry elem,401 McDonough St,Barry,62312 1031,Pike,15,1,NA,0,0,NA,NA
western high school,401 McDonough St,Barry,62312 1031,Pike,15,1,NA,0,0,NA,NA
western jr high school,300 Chaney St,Kinderhook,62345 0189,Pike,15,1,1,0,0,NA,NA
western trails elem school,860 Idaho St,Carol Stream,60188 1435,Dupage,08,1,1,18,1,14,0.777777777777778
westfield community school,2100 Sleepy Hollow Rd,Algonquin,60102 6049,Kane,08,1,NA,0,0,NA,NA
westfield elem school,2S125 Mayfield Ln,Glen Ellyn,60137 7017,Dupage,06,1,NA,0,0,NA,NA
westfield elementary,2309 9th St,Winthrop Harbor,60096 1563,NA,NA,1,1,0,0,NA,NA
westfield middle school,149 Fairfield Way,Bloomingdale,60108 1547,Dupage,08,1,NA,0,0,NA,NA
westfield school,2309 9th St,Winthrop Harbor,60096 1563,Lake,10,1,NA,0,0,NA,NA
westgate elem school,500 S Dwyer Ave,Arlington Heights,60005 2261,Cook,05,1,1,2,1,1,0.5
westhaven elementary,118 Westhaven School Rd,Belleville,62220 3264,Saint Clair,13,1,NA,0,0,NA,NA
westinghouse high school,3223 W Franklin Blvd,Chicago,60624 1502,Cook,07,1,1,0,0,NA,NA
westmont high school,909 Oakwood Dr,Westmont,60559 1073,Dupage,06,1,1,0,0,NA,NA
westmont jr high school,944 Oakwood Dr,Westmont,60559 1038,Dupage,06,1,1,3,1,2,0.666666666666667
westmoor elem school,2500 Cherry Ln,Northbrook,60062 4414,Cook,10,1,NA,0,0,NA,NA
westmore elem school,340 S School St,Lombard,60148 3070,Dupage,06,1,1,1,1,0,0
westview elem school,703 S Russell St,Champaign,61821 4420,Champaign,13,1,1,2,1,2,1
westview elem school,200 N Addison Rd,Wood Dale,60191 1984,Dupage,08,1,1,0,0,NA,NA
westview elementary school,700 Old West Vine St,Canton,61520 8754,Fulton,17,1,NA,0,0,NA,NA
westview hills middle school,630 65th St,Willowbrook,60527 1882,Dupage,06,1,1,0,0,NA,NA
westville high school,918 N State St,Westville,61883 1218,Vermilion,02,1,NA,0,0,NA,NA
westville jr high school,412 Moses Ave,Westville,61883 1349,Vermilion,02,1,NA,0,0,NA,NA
westwood elem school,14124 W South Street Rd,Woodstock,60098 8954,McHenry,11,1,NA,0,0,NA,NA
wethersfield elem school,439 Willard St,Kewanee,61443 3717,Henry,17,1,1,0,0,NA,NA
wethersfield jr sr high school,439 Willard St,Kewanee,61443 3717,Henry,17,1,1,0,0,NA,NA
wheaton north high school,701 W Thomas Rd,Wheaton,60187 3141,Dupage,03,1,1,3,1,3,1
wheaton warrenville south h s,1920 S Wiesbrook Rd,Wheaton,60189 7884,Dupage,03,1,1,0,0,NA,NA
wheeling high school,900 S Elmhurst Rd,Wheeling,60090 5507,Cook,10,1,1,0,0,NA,NA
whistler elem school,11533 S Ada St,Chicago,60643 5198,Cook,01,1,1,0,0,NA,NA
white eagle elementary,1585 White Eagle Dr,Naperville,60564 9301,Dupage,11,1,1,1,1,1,1
white elem career academy,1136 W 122nd St,Chicago,60643 5542,Cook,01,1,1,0,0,NA,NA
white heath elem school,300 W High St,White Heath,61884 9500,Piatt,15,1,1,0,0,NA,NA
white oak elementary,2001 Dupont Ave,Morris,60450 3605,Grundy,16,1,NA,0,0,NA,NA
whitehead elem school,2325 Ohio Pkwy,Rockford,61108 7514,Winnebago,17,1,NA,0,0,NA,NA
whiteside area career,1608 5th Ave,Sterling,61081 1360,Whiteside,NA,0,NA,0,0,NA,NA
whiteside elem school,2028 Lebanon Ave,Belleville,62221 2523,Saint Clair,13,1,1,21,1,18,0.857142857142857
whiteside middle school,111 Warrior Way,Belleville,62221 5117,Saint Clair,13,1,1,4,1,4,1
whiteside regional voc system,1608 5th Ave,Sterling,61081 1360,Whiteside,NA,0,NA,0,0,NA,NA
whitman post elem school,1060 E Union St,Rockton,61072 1628,Winnebago,16,1,1,13,1,10,0.769230769230769
whitney elem school,2815 S Komensky Ave,Chicago,60623 4450,Cook,04,1,1,1,1,1,1
whittier elem school,71 E 152nd St,Harvey,60426 3154,Cook,02,1,NA,0,0,NA,NA
whittier elem school,1900 W 23rd St,Chicago,60608 4208,Cook,04,1,1,1,1,1,1
whittier elem school,536 Hill St,Downers Grove,60515 5126,Dupage,06,1,1,0,0,NA,NA
whittier elem school,218 W Park Ave,Wheaton,60189 6460,Dupage,03,1,1,0,0,NA,NA
whittier elem school,901 N Lewis Ave,Waukegan,60085 2626,Lake,10,1,1,2,1,1,0.5
whittier elem school,715 N Harvey Ave,Oak Park,60302 1741,Cook,07,1,NA,0,0,NA,NA
whittier elementary school,13043 Maple Ave,Blue Island,60406 2338,Cook,01,1,NA,0,0,NA,NA
whittier primary school,338 Whitehall Ave,Northlake,60164 1864,Cook,04,1,1,0,0,NA,NA
whittier primary school,1619 W Fredonia Ave,Peoria,61606 1664,Peoria,17,1,1,0,0,NA,NA
wiesbrook elem school,2160 Durfee Rd,Wheaton,60189 7812,Dupage,03,1,1,0,0,NA,NA
wilbur trimpe middle school,910 2nd St,Bethalto,62010 1437,Madison,13,1,NA,0,0,NA,NA
wilco area career center,500 Wilco Blvd,Romeoville,60446 3957,NA,NA,0,NA,0,0,NA,NA
wilcox elem school,2000 Hastings Rd,Springfield,62702 2031,Sangamon,13,1,1,0,0,NA,NA
wild rose elem school,36W730 Red Haw Ln,Saint Charles,60174 5029,Kane,08,1,NA,0,0,NA,NA
wilder waite grade school,10021 N Pacific St,Peoria,61615 9653,Peoria,16,1,1,0,0,NA,NA
wildwood elem school,6950 N Hiawatha Ave,Chicago,60646 1340,Cook,05,1,1,0,0,NA,NA
wiley elementary school,1602 S Anderson St,Urbana,61801 5113,Champaign,NA,1,NA,0,0,NA,NA
will co detention center 6 8,3200 McDonough St,Joliet,60431 1088,Will,14,0,NA,0,0,NA,NA
will co detention center 9 12,3200 McDonough St,Joliet,60431 1088,Will,14,0,NA,0,0,NA,NA
will roe,116 N Chicago St Ste 400,Joliet,60432 4204,N/A,NA,0,NA,0,0,NA,NA
willard elem school,2700 Hurd Ave,Evanston,60201 1268,Cook,09,1,NA,0,0,NA,NA
willard elem school,1250 Ashland Ave,River Forest,60305 1028,Cook,07,1,NA,0,0,NA,NA
willard elem school,370 W Spring St,South Elgin,60177 1536,Kane,08,1,NA,0,0,NA,NA
willard elem school,1616 16th St,Moline,61265 4039,Rock Island,17,1,NA,0,0,NA,NA
william beye elem school,230 N Cuyler Ave,Oak Park,60302 2301,Cook,07,1,1,0,0,NA,NA
william e young school,16240 S Cedar Rd,Homer Glen,60491 8286,Will,01,1,1,0,0,NA,NA
william f murphy elem school,7700 Larchwood Ln,Woodridge,60517 2834,Dupage,11,1,NA,0,0,NA,NA
william hatch elem school,1000 N Ridgeland Ave,Oak Park,60302 1443,Cook,07,1,1,1,1,1,1
william holliday elem school,400 Joseph Dr,Fairview Heights,62208 3616,Saint Clair,13,1,NA,0,0,NA,NA
william j butler school,1900 S Farrell Rd,Lockport,60441 9301,Will,01,1,NA,0,0,NA,NA
william l thompson school,515 Thompson Ln,Lake Villa,60046 9040,Lake,10,1,NA,0,0,NA,NA
williams medical prep high sch,4934 S Wabash Ave,Chicago,60615 2115,Cook,07,1,1,0,0,NA,NA
williamsburg elem school,1812 Williamsburg Ave,Geneva,60134 1093,Kane,11,1,1,0,0,NA,NA
williamsfield elem school,325 W Kentucky Ave,Williamsfield,61489 5479,Knox,17,1,NA,0,0,NA,NA
williamsfield high school,325 W Kentucky Ave,Williamsfield,61489 5479,Knox,17,1,NA,0,0,NA,NA
williamsfield middle school,325 W Kentucky Ave,Williamsfield,61489 5479,Knox,17,1,NA,0,0,NA,NA
williamson co cte system,411 S Court St,Marion,62959 2711,Williamson,NA,0,NA,0,0,NA,NA
williamson co intensive program,801 E Reeves St,Marion,62959 3366,Williamson,12,0,NA,0,0,NA,NA
williamson co learning cntr,409 S Court St,Marion,62959 2711,Williamson,12,0,NA,0,0,NA,NA
williamsville high school,900 S Walnut St,Williamsville,62693 9712,Sangamon,15,1,1,0,0,NA,NA
williamsville jr high school,500 S Walnut St,Williamsville,62693 9745,Sangamon,15,1,1,0,0,NA,NA
willow bend elem school,4700 Barker Ave,Rolling Meadows,60008 3202,Cook,08,1,NA,0,0,NA,NA
willow creek elem school,2901 Jackson Dr,Woodridge,60517 1032,Dupage,11,1,NA,0,0,NA,NA
willow elem school,1110 Veerman St,Pekin,61554 2442,Tazewell,16,1,NA,0,0,NA,NA
willow grove early learning center,777 Checker Dr,Buffalo Grove,60089 1412,Lake,09,1,1,0,0,NA,NA
willow grove elem school,815 W 7th St,Centralia,62801 5726,Clinton,12,1,NA,0,0,NA,NA
willow school,1804 Willow Rd,Homewood,60430 3322,Cook,02,1,1,0,0,NA,NA
willow springs elem school,8345 Archer Ave,Willow Springs,60480 1402,Cook,06,1,1,4,1,2,0.5
willowbrook elem school,2500 Happy Hollow Rd,Glenview,60026 1117,Cook,09,1,NA,0,0,NA,NA
willowbrook high school,1250 S Ardmore Ave,Villa Park,60181 3205,Dupage,06,1,1,3,1,1,0.333333333333333
willowbrook middle school,6605 Prairie Hill Rd,South Beloit,61080 9530,Winnebago,16,1,1,2,1,2,1
wilmette junior high school,620 Locust Rd,Wilmette,60091 2200,Cook,09,1,1,0,0,NA,NA
wilmington high school,209 Wildcat Ct,Wilmington,60481 4500,Will,01,1,1,0,0,NA,NA
wilmington middle school,715 S Joliet St,Wilmington,60481 1488,Will,01,1,1,0,0,NA,NA
wilmot elem school,795 Wilmot Rd,Deerfield,60015 3923,Lake,10,1,1,0,0,NA,NA
wilson creek elem sch,25440 S Gougar Rd,Manhattan,60442 9511,Will,01,1,1,0,0,NA,NA
wilson elem school,422 W 16th Pl,Chicago Heights,60411 3224,Cook,02,1,NA,0,0,NA,NA
wilson elem school,2400 Wilson Ave,Granite City,62040 6059,Madison,13,1,1,6,1,5,0.833333333333333
wilson elementary school,560 Wentworth Ave,Calumet City,60409 3493,Cook,02,1,1,0,0,NA,NA
wilson intermediate school,900 Koch St,Pekin,61554 5892,Tazewell,16,1,NA,0,0,NA,NA
winchester elem school,283 S Elm St,Winchester,62694 1248,Scott,15,1,1,0,0,NA,NA
winchester high school,200 W Cross St,Winchester,62694 1243,Scott,15,1,1,0,0,NA,NA
windsor elem school,808 Wisconsin Ave,Windsor,61957 1249,Shelby,15,1,1,0,0,NA,NA
windsor elem school,935 Windsor Rd,Loves Park,61111 4228,Winnebago,17,1,NA,0,0,NA,NA
windsor elementary school,1315 E Miner St,Arlington Heights,60004 6339,Cook,05,1,1,2,1,2,1
windsor jr and sr high school,1424 Minnesota Ave,Windsor,61957 1010,Shelby,15,1,1,0,0,NA,NA
winfield central school,0S150 Winfield Rd,Winfield,60190 1266,Dupage,03,1,1,0,0,NA,NA
winfield primary school,0S150 Winfield Rd,Winfield,60190 1266,Dupage,03,1,1,1,1,1,1
wingate elementary school,150 Wingate Blvd,Shiloh,62221 5892,Saint Clair,12,1,1,0,0,NA,NA
winnebago co detention center,5350 Northrock Dr,Rockford,61103 1284,Winnebago,16,0,NA,0,0,NA,NA
winnebago elem school,195 Greenway Dr,Bloomingdale,60108 2026,Dupage,08,1,1,1,1,1,1
winnebago high school,200 E McNair Rd,Winnebago,61088 9074,Winnebago,17,1,1,0,0,NA,NA
winnebago middle school,407 N Elida St,Winnebago,61088 9075,Winnebago,17,1,1,0,0,NA,NA
winola elementary school,1804 17th Ave,Viola,61486 9200,Rock Island,17,1,NA,0,0,NA,NA
winston campus elementary,120 N Babcock Dr,Palatine,60074 5599,Cook,05,1,NA,0,0,NA,NA
winston campus jr high,120 N Babcock Dr,Palatine,60074 5599,Cook,NA,1,NA,0,0,NA,NA
winston churchill elem school,1520 Jones Rd,Schaumburg,60195 4237,Cook,08,1,1,3,1,2,0.666666666666667
winston churchill school,1300 190th St,Homewood,60430 4216,Cook,02,1,1,0,0,NA,NA
wirth parks middle school,1900 Mousette Ln,Cahokia,62206 2922,Saint Clair,13,1,1,0,0,NA,NA
wm f gurrie middle school,1001 S Spring Ave,La Grange,60525 2760,Cook,06,1,1,0,0,NA,NA
wm fremd high school,1000 S Quentin Rd,Palatine,60067 7018,Cook,05,1,1,0,0,NA,NA
wm hammerschmidt elem school,617 Hammerschmidt Ave,Lombard,60148 3409,Dupage,06,1,1,0,0,NA,NA
wm nashold early childhood center,3303 20th St,Rockford,61109 2312,Winnebago,17,1,NA,0,0,NA,NA
wolcott school,200 N Wolcott St,Thornton,60476 1254,Cook,02,1,1,1,1,1,1
wolf branch elem school,125 Huntwood Rd,Swansea,62226 1923,Saint Clair,13,1,NA,0,0,NA,NA
wolf branch middle school,410 Huntwood Rd,Swansea,62226 1824,Saint Clair,13,1,1,0,0,NA,NA
wolf ridge education center,700 W Orange St,Bunker Hill,62014 1535,Macoupin,13,1,1,0,0,NA,NA
wolfs crossing elem school,3015 S Eola Rd,Aurora,60503 6408,Kendall,14,1,1,1,1,0,0
wood dale jr high school,6N655 Wood Dale Rd,Wood Dale,60191 1125,Dupage,08,1,1,0,0,NA,NA
wood oaks jr high school,1250 Sanders Rd,Northbrook,60062 2900,Cook,10,1,NA,0,0,NA,NA
wood view elem school,197 Winston Dr,Bolingbrook,60440 1300,Will,11,1,NA,0,0,NA,NA
woodgate elem school,101 Central Ave,Matteson,60443 1111,Cook,02,1,1,0,0,NA,NA
woodland elem school,701 3rd Ave,Joliet,60433 2017,Will,14,1,NA,0,0,NA,NA
woodland elementary,17261 W Gages Lake Rd,Gages Lake,60030 1832,Lake,10,1,1,1,1,1,1
woodland elementary school,59 S State Route 157,Edwardsville,62025 3851,Madison,13,1,NA,0,0,NA,NA
woodland elementary jr high sch,5800 E 3000 North Rd,Streator,61364 8881,Livingston,16,1,NA,0,0,NA,NA
woodland high school,5800 E 3000 North Rd,Streator,61364 8881,Livingston,16,1,NA,0,0,NA,NA
woodland intermediate sch,1115 N Hunt Club Rd,Gurnee,60031 2418,Lake,10,1,1,12,1,10,0.833333333333333
woodland middle school,7000 Washington St,Gurnee,60031 5309,Lake,10,1,1,2,1,2,1
woodland primary school,17366 W Gages Lake Rd,Gages Lake,60030 1831,Lake,10,1,1,1,1,1,1
woodlawn elem community school,6657 S Kimbark Ave,Chicago,60637 4481,Cook,01,1,1,2,1,1,0.5
woodlawn grade school,301 S Central St,Woodlawn,62898 1127,Jefferson,12,1,NA,0,0,NA,NA
woodlawn high school,300 N Central St,Woodlawn,62898 1136,Jefferson,12,1,NA,0,0,NA,NA
woodlawn middle school,6362 Gilmer Rd,Long Grove,60047 5171,Lake,09,1,1,0,0,NA,NA
woodrow wilson elem school,2310 S 57th Ave,Cicero,60804 2638,Cook,04,1,1,1,1,0,0
woodrow wilson elem school,300 Oakwood Ave,East Peoria,61611 3643,Tazewell,16,1,NA,0,0,NA,NA
woodrow wilson middle school,1301 48th St,Moline,61265 2816,Rock Island,17,1,NA,0,0,NA,NA
woodruff career and tech center,1800 NE Perry Ave,Peoria,61603 3461,Peoria,17,1,1,0,0,NA,NA
woods creek elementary school,1100 Alexandra Blvd,Crystal Lake,60014 1947,McHenry,11,1,1,0,0,NA,NA
woodson south elem school,4414 S Evans Ave,Chicago,60653 3519,Cook,01,1,1,0,0,NA,NA
woodstock high school,501 W South St,Woodstock,60098 3756,McHenry,11,1,NA,0,0,NA,NA
woodstock north high school,3000 Raffel Rd,Woodstock,60098 8302,McHenry,11,1,NA,0,0,NA,NA
woodview school,340 N Alleghany Rd,Grayslake,60030 1404,Lake,10,1,NA,0,0,NA,NA
worden elementary school,110 N Main St,Worden,62097 1332,Madison,15,1,NA,0,0,NA,NA
world language high school,3120 S Kostner Ave,Chicago,60623 4842,Cook,04,1,1,0,0,NA,NA
worth elem school,11158 S Oak Park Ave,Worth,60482 2100,Cook,06,1,NA,0,0,NA,NA
worth jr high school,11151 S New England Ave,Worth,60482 1808,Cook,06,1,NA,0,0,NA,NA
worthridge school,11218 S Ridgeland Ave,Worth,60482 1970,Cook,06,0,NA,0,0,NA,NA
worthwoods elem school,11000 S Oketo Ave,Worth,60482 1009,Cook,06,1,1,5,1,3,0.6
wredling middle school,1200 Dunham Rd,Saint Charles,60174 5728,Kane,08,1,NA,0,0,NA,NA
wyvetter younge school of excellence,3939 Caseyville Ave,E Saint Louis,62204 2448,Saint Clair,13,1,1,0,0,NA,NA
yankee ridge elem school,2102 S Anderson St,Urbana,61801 6710,Champaign,NA,1,NA,0,0,NA,NA
yates elem school,1839 N Richmond St,Chicago,60647 5125,Cook,03,1,1,0,0,NA,NA
ybmc charter sch,360 Wylie Dr Ste 305,Normal,61761 5500,McLean,17,1,NA,0,0,NA,NA
yccs chtr chatham,9035 S Langley Ave,Chicago,60619,Cook,01,1,1,0,0,NA,NA
yccs west,4909 W Division St,Chicago,60651,Cook,07,1,1,0,0,NA,NA
yccs mckinley lakeside leadership academy,2920 S Wabash Ave,Chicago,60616 3227,Cook,07,1,1,0,0,NA,NA
yccs albizu campos puerto rican hs,2739 W Division St,Chicago,60622 2854,Cook,03,1,1,0,0,NA,NA
yccs aspira pantoja alt hs,3121 N Pulaski Rd,Chicago,60641 5447,Cook,03,1,1,0,0,NA,NA
yccs association house,1116 N Kedzie Ave Fl 4,Chicago,60651 4152,Cook,03,1,1,0,0,NA,NA
yccs cca academy hs,1231 S Pulaski Rd,Chicago,60623 1234,Cook,07,1,1,0,0,NA,NA
yccs community youth dev inst hs,7836 S Union Ave,Chicago,60620 2409,Cook,01,1,1,0,0,NA,NA
yccs innovations of arts integr hs,17 N State St,Chicago,60602,Cook,07,1,1,0,0,NA,NA
yccs latino youth alternative hs,2001 S California Ave,Chicago,60608,Cook,04,1,1,0,0,NA,NA
yccs olive harvey mid college hs,10001 S Woodlawn Ave,Chicago,60628 1645,Cook,02,1,1,0,0,NA,NA
yccs progressive leadership academy,6620 S Dr Martin L King Jr Dr,Chicago,60637 3210,Cook,01,1,1,0,0,NA,NA
yccs scholastic achievement hs,4651 W Madison St,Chicago,60644 3646,Cook,07,1,1,0,0,NA,NA
yccs sullivan house alt hs,8164 S South Chicago Ave,Chicago,60617 1041,Cook,01,1,1,0,0,NA,NA
yccs truman middle college hs,1145 W Wilson Ave,Chicago,60640 6063,Cook,09,1,1,0,0,NA,NA
yccs west town academy alt hs,500 N Sacramento Blvd,Chicago,60612 1024,Cook,07,1,1,0,0,NA,NA
yccs youth connection leadership academy,5101 S Keeler Ave,Chicago,60632 4205,Cook,01,1,1,0,0,NA,NA
yea program,709 Game Farm Rd,Yorkville,60560,N/A,NA,0,NA,0,0,NA,NA
york center elem school,895 E 14Th St,Lombard,60148 4704,Dupage,06,1,1,0,0,NA,NA
york comm high school,355 W Saint Charles Rd,Elmhurst,60126 3172,Dupage,06,1,1,0,0,NA,NA
yorkville early childhood center,101 Garden St,Yorkville,60560 9197,Kendall,14,1,NA,0,0,NA,NA
yorkville grade school,201 W Somonauk St,Yorkville,60560 1163,Kendall,14,1,NA,0,0,NA,NA
yorkville high school,797 Game Farm Rd,Yorkville,60560 1132,Kendall,14,1,NA,0,0,NA,NA
yorkville intermediate school,103 E Schoolhouse Rd,Yorkville,60560 1888,Kendall,14,1,NA,0,0,NA,NA
yorkville middle school,920 Prairie Crossing Dr,Yorkville,60560 1986,Kendall,14,1,NA,0,0,NA,NA
yorkville transition program,602 Center Pkwy,Yorkville,60560 1499,Kendall,14,0,NA,0,0,NA,NA
young adult program,2121 S Goebbert Rd,Arlington Heights,60005 4205,Cook,08,0,1,0,0,NA,NA
young elem school,1434 N Parkside Ave,Chicago,60651 1106,Cook,07,1,1,4,1,4,1
young magnet high school,211 S Laflin St,Chicago,60607 5305,Cook,07,1,1,0,0,NA,NA
zadok casey middle school,1829 Broadway St,Mount Vernon,62864 2904,Jefferson,12,1,NA,0,0,NA,NA
zapata elem academy,2728 S Kostner Ave,Chicago,60623 4218,Cook,04,1,1,0,0,NA,NA
zeigler royalton elem school,4877 State Highway 148,Zeigler,62999 0087,Franklin,12,1,1,0,0,NA,NA
zeigler royalton high school,4989 State Highway 148,Zeigler,62999 0038,Franklin,12,1,1,0,0,NA,NA
zeigler royalton jr high school,4877 State Highway 148,Zeigler,62999 0087,Franklin,12,1,1,0,0,NA,NA
zenon j sykuta school,4301 180th St,Country Club Hills,60478 5101,Cook,02,1,NA,0,0,NA,NA
zion central middle school,1716 27th St,Zion,60099 2553,Lake,10,1,1,0,0,NA,NA
zion benton twnshp hi sch,3901 21st St,Zion,60099 1476,Lake,10,1,NA,0,0,NA,NA
NA,NA,NA,NA,NA,NA,NA,NA,NA,NA,28,NA
NA,NA,NA,NA,NA,NA,NA,NA,NA,NA,1,NA
pathways at transition center,NA,NA,NA,NA,NA,NA,NA,NA,NA,1,NA
